osm_id,name,type,operator,website,opening_hours,osm_check_date,osm_last_updated,shape
https://www.openstreetmap.org/node/10000690174,Wurmlinger Bücherschrank,metal_cabinet,,,,2025-05-23,2025-05-23T14:16:40,POINT(8.965986 48.502844)
https://www.openstreetmap.org/node/10002658353,,,,,,2026-06-30,2026-06-29T22:28:49,POINT(8.881598 53.100190)
https://www.openstreetmap.org/node/10003638345,,phone_box,,,24/7,2025-11-15,2025-11-15T14:22:36,POINT(11.026695 48.123600)
https://www.openstreetmap.org/node/10003925497,öffentlicher Bücherschrank Cursdorf,shelf,Gemeinde Cursdorf,,24/7,2025-07-25,2025-07-25T05:25:29,POINT(11.127197 50.571436)
https://www.openstreetmap.org/node/10004281048,,,,,,,2022-11-27T10:02:21,POINT(11.094447 48.022717)
https://www.openstreetmap.org/node/10004690992,,phone_box,,,24/7,,2024-06-16T20:50:51,POINT(7.861944 51.651970)
https://www.openstreetmap.org/node/10004767684,,glass_cabinet,,,,,2022-09-06T17:11:58,POINT(9.536900 53.804243)
https://www.openstreetmap.org/node/10005117807,,,,,,2024-09-19,2024-09-19T19:05:43,POINT(9.323808 49.743450)
https://www.openstreetmap.org/node/10007090342,,,,,,,2025-09-14T12:20:17,POINT(9.271160 49.292011)
https://www.openstreetmap.org/node/10011144753,Verschenke-Box,,Nachbarschaft,,,2024-09-22,2026-06-30T13:34:01,POINT(8.249634 49.981490)
https://www.openstreetmap.org/node/10013026258,,metal_cabinet,,,,2025-05-25,2025-05-25T09:21:37,POINT(11.098741 49.443435)
https://www.openstreetmap.org/node/10013026259,,metal_cabinet,,,,2024-09-17,2024-09-17T10:14:31,POINT(11.081557 49.438881)
https://www.openstreetmap.org/node/10013720385,,,,,,,2022-10-08T20:40:24,POINT(10.065748 51.595318)
https://www.openstreetmap.org/node/10013758648,,,,,,,2023-11-02T21:03:26,POINT(7.041901 50.998894)
https://www.openstreetmap.org/node/10013960343,,,Naturparkbahnhof Melchow e.V.,,,2025-10-25,2026-01-16T07:23:00,POINT(13.694548 52.774969)
https://www.openstreetmap.org/node/10015685275,,phone_box,,,24/7,,2022-09-11T12:19:30,POINT(7.151464 49.833716)
https://www.openstreetmap.org/node/10017958290,,phone_box,Wohnungsbaugenossenschaft Einheit eG,,,2025-09-16,2025-09-16T11:29:46,POINT(11.045836 50.966798)
https://www.openstreetmap.org/node/10019460180,,shelf,,,,,2022-09-12T21:38:24,POINT(8.508040 50.291171)
https://www.openstreetmap.org/node/10024149708,Hilbecker Bücherhäuschen,building,,,,,2022-09-14T11:11:09,POINT(7.852013 51.578154)
https://www.openstreetmap.org/node/10024179727,,metal_cabinet,,,24/7,,2022-09-14T11:11:09,POINT(7.854106 51.549502)
https://www.openstreetmap.org/node/10028366095,,,,,,,2022-09-15T21:21:06,POINT(13.524220 52.114784)
https://www.openstreetmap.org/node/10028366127,,,,,,,2022-09-15T21:15:09,POINT(13.399655 52.160752)
https://www.openstreetmap.org/node/10031362069,GIVEBOX,,,,,2024-10-16,2024-10-16T07:31:14,POINT(12.337640 51.321240)
https://www.openstreetmap.org/node/10031790031,,,Katholische Bücherei Ahrweiler,,24/7,2024-09-29,2024-09-29T09:57:05,POINT(7.094776 50.542378)
https://www.openstreetmap.org/node/10035850647,,glass_cabinet,,,,,2024-11-15T21:32:36,POINT(9.587004 47.670764)
https://www.openstreetmap.org/node/10043362759,,phone_box,,,,2025-10-09,2025-10-09T21:43:08,POINT(9.173654 49.777234)
https://www.openstreetmap.org/node/10044565250,,,,,,,2025-11-15T12:29:21,POINT(9.949640 51.545779)
https://www.openstreetmap.org/node/10044622245,,,,,,,2024-08-30T09:09:42,POINT(12.601849 52.277444)
https://www.openstreetmap.org/node/10048640721,,,,,,2024-10-25,2024-10-25T14:42:09,POINT(11.373358 48.187822)
https://www.openstreetmap.org/node/10049432621,,wooden_cabinet,USB Bochum,,,,2023-04-25T13:35:48,POINT(7.273387 51.474044)
https://www.openstreetmap.org/node/10049432622,,,,,,2026-02-25,2026-02-25T13:28:18,POINT(7.267468 51.470785)
https://www.openstreetmap.org/node/10051040584,,,,,,2025-09-11,2025-09-11T17:52:06,POINT(9.227640 48.519625)
https://www.openstreetmap.org/node/10051642205,,,,,,2023-11-28,2023-11-28T14:22:05,POINT(9.233175 48.513719)
https://www.openstreetmap.org/node/10051797219,,metal_cabinet,,,,,2022-09-25T17:42:27,POINT(6.982925 51.569915)
https://www.openstreetmap.org/node/10051807088,,metal_cabinet,,,,2025-06-19,2025-06-19T19:03:56,POINT(8.341046 49.030402)
https://www.openstreetmap.org/node/10057815064,Öffentlicher Bücherschrank,,,,,2025-03-01,2025-03-01T13:34:42,POINT(9.066251 48.509938)
https://www.openstreetmap.org/node/10060257352,,phone_box,,,24/7,,2023-08-19T21:31:33,POINT(8.119844 53.519852)
https://www.openstreetmap.org/node/10061915296,,movable_cabinet,privat,,24/7,,2024-12-06T23:18:28,POINT(12.934669 51.457784)
https://www.openstreetmap.org/node/10065266654,,,,,,2024-10-11,2024-10-11T08:04:48,POINT(6.970219 51.167982)
https://www.openstreetmap.org/node/10065820539,,,Kanuclub Budenheim,,24/7,,2026-01-04T13:38:14,POINT(8.165193 50.029108)
https://www.openstreetmap.org/node/10073182273,,glass_cabinet,,,,2025-04-13,2025-04-13T14:09:20,POINT(11.187822 49.780267)
https://www.openstreetmap.org/node/10073592903,Bücherschrank,phone_box,,,,,2024-06-19T01:24:35,POINT(7.040583 51.425028)
https://www.openstreetmap.org/node/10073607146,,glass_cabinet,,,,,2022-10-03T18:43:06,POINT(9.517682 52.170050)
https://www.openstreetmap.org/node/10073669552,,wooden_cabinet,,,,,2022-10-03T19:20:59,POINT(14.167340 53.955351)
https://www.openstreetmap.org/node/10074356192,,shelf,Volksbank Delbrück u. Hövelhof e.G.,,24/7,,2022-10-04T05:58:09,POINT(8.559922 51.729317)
https://www.openstreetmap.org/node/10075072914,Öffentliches Bücherregal,,Seniorenbeirat Ketsch,,24/7,,2023-11-03T15:01:55,POINT(8.530568 49.369334)
https://www.openstreetmap.org/node/10075754007,,wooden_cabinet,,,24/7,,2024-12-03T19:16:42,POINT(8.609118 50.240105)
https://www.openstreetmap.org/node/10075754008,Öffentlicher Bücherschrank,wooden_cabinet,,,24/7,2025-10-12,2025-10-12T07:17:37,POINT(8.601457 50.223574)
https://www.openstreetmap.org/node/10079113203,,metal_cabinet,,,24/7,,2022-10-06T05:01:44,POINT(8.857663 49.102204)
https://www.openstreetmap.org/node/10079451365,,,,,,,2022-10-06T08:47:16,POINT(9.108415 52.823693)
https://www.openstreetmap.org/node/10080483896,,,,,,2025-05-03,2025-05-03T13:01:09,POINT(11.457750 49.281684)
https://www.openstreetmap.org/node/10080671796,,metal_cabinet,Baptistengemeinde München-Perlach,,,2025-08-12,2025-08-13T07:08:02,POINT(11.641838 48.099356)
https://www.openstreetmap.org/node/10082406308,,reading_box,Stadt Puchheim,,,,2024-11-15T00:16:15,POINT(11.351510 48.171739)
https://www.openstreetmap.org/node/10082408629,,reading_box,Stadt Puchheim,,,,2024-11-15T00:16:15,POINT(11.350869 48.171711)
https://www.openstreetmap.org/node/10082560351,Offene Bücher-Zelle,phone_box,,,,,2024-06-01T00:29:15,POINT(10.971306 50.281593)
https://www.openstreetmap.org/node/10086713784,,metal_cabinet,,,24/7,2026-06-28,2026-06-28T12:20:37,POINT(8.242960 49.979398)
https://www.openstreetmap.org/node/10086767131,,shelf,,,,,2022-10-09T11:05:25,POINT(8.739273 51.715030)
https://www.openstreetmap.org/node/10087081260,ZaBienes Bücherschrank,phone_box,,,,,2024-06-03T23:39:09,POINT(11.125273 49.443476)
https://www.openstreetmap.org/node/10087812460,,,,,,,2025-12-01T11:42:51,POINT(7.838729 52.036052)
https://www.openstreetmap.org/node/10089206017,,,,,,,2022-10-10T09:32:07,POINT(7.956912 49.612479)
https://www.openstreetmap.org/node/10090560459,,,,,,,2022-10-10T21:10:36,POINT(8.936774 52.183101)
https://www.openstreetmap.org/node/10091855116,,,,,,,2022-10-11T10:37:05,POINT(9.494747 51.858012)
https://www.openstreetmap.org/node/10093256818,Bücher-Eck,wooden_cabinet,,,,,2022-10-11T18:59:08,POINT(9.022154 49.847555)
https://www.openstreetmap.org/node/10095205333,,metal_cabinet,,,24/7,,2024-08-28T17:57:58,POINT(7.877538 51.564241)
https://www.openstreetmap.org/node/10097128483,,phone_box,,,,,2025-02-08T08:49:59,POINT(14.052069 52.876660)
https://www.openstreetmap.org/node/10097128490,,,,,,2024-12-05,2025-01-09T15:13:44,POINT(14.044161 52.865790)
https://www.openstreetmap.org/node/10097128493,,,,,,,2022-10-14T17:22:18,POINT(14.045934 52.863397)
https://www.openstreetmap.org/node/10097366917,Bücherhaus Kleincarsdorf,,,,,,2022-10-13T09:39:56,POINT(13.735606 50.951636)
https://www.openstreetmap.org/node/10102186718,,shelter,,,24/7,2025-03-22,2025-03-22T12:44:35,POINT(8.468393 48.497980)
https://www.openstreetmap.org/node/10103379660,,,,,,2025-01-06,2025-06-24T20:51:35,POINT(10.884974 49.567232)
https://www.openstreetmap.org/node/10104352835,,,,,,,2022-10-15T21:13:38,POINT(14.679758 50.937002)
https://www.openstreetmap.org/node/10106343893,Die Schatz-Kiste,phone_box,,,24/7,,2024-06-16T18:52:12,POINT(13.340994 52.157510)
https://www.openstreetmap.org/node/10107586522,,,,,,2025-11-15,2025-11-15T17:37:35,POINT(7.860648 49.279735)
https://www.openstreetmap.org/node/10109049273,,glass_cabinet,,,24/7,,2022-10-17T15:11:30,POINT(6.926568 50.860325)
https://www.openstreetmap.org/node/10109837800,Büchergarage,,Kulturverein Oberasphe,,Sa-Su,,2022-10-17T19:26:41,POINT(8.644501 50.958752)
https://www.openstreetmap.org/node/10112147250,,phone_box,,,,2026-05-27,2026-05-27T17:53:08,POINT(10.923388 49.914198)
https://www.openstreetmap.org/node/10112245197,,shelf,,,,2026-02-17,2026-02-17T17:26:46,POINT(9.059668 48.542869)
https://www.openstreetmap.org/node/10116076597,,glass_cabinet,,,24/7,,2026-04-11T08:49:06,POINT(6.912844 50.717451)
https://www.openstreetmap.org/node/10116076598,,glass_cabinet,,,"Mo-Fr 10:00-13:00, 14:00-17:30; Sa 09:00-12:00",,2022-10-20T09:15:49,POINT(6.957572 50.795324)
https://www.openstreetmap.org/node/10116076601,,glass_cabinet,,,24/7,,2022-10-20T09:15:49,POINT(6.939968 50.766795)
https://www.openstreetmap.org/node/10116076602,,glass_cabinet,,,24/7,,2022-10-20T09:15:49,POINT(7.026597 50.792789)
https://www.openstreetmap.org/node/10116076603,,glass_cabinet,,,24/7,,2022-10-20T09:15:49,POINT(6.989559 50.761738)
https://www.openstreetmap.org/node/10116076604,,glass_cabinet,,,24/7,,2022-10-20T09:15:49,POINT(6.916474 50.766265)
https://www.openstreetmap.org/node/10116446334,,,Stadt Neutraubling,,,,2022-10-20T12:31:28,POINT(12.199030 48.992503)
https://www.openstreetmap.org/node/10116883638,öffentlicher Bücherschrank,phone_box,,,,,2024-02-11T14:25:39,POINT(8.600718 50.239625)
https://www.openstreetmap.org/node/10117210356,,metal_cabinet,,,,2025-11-01,2025-11-01T18:34:40,POINT(7.948759 51.831492)
https://www.openstreetmap.org/node/10117790284,Bücherbox,phone_box,,,,,2024-05-27T02:34:02,POINT(13.996164 51.400539)
https://www.openstreetmap.org/node/10118582690,,metal_cabinet,Bürgerverein Vinxel e.V.,https://unservinxel.de/,24/7,,2025-01-03T19:52:07,POINT(7.200535 50.720780)
https://www.openstreetmap.org/node/10120345703,,,,,,2025-02-08,2025-02-08T16:24:28,POINT(6.636449 49.723865)
https://www.openstreetmap.org/node/10120660820,Bühlauer Tauschecke,,,,,2024-11-23,2024-11-23T17:23:05,POINT(13.849555 51.062066)
https://www.openstreetmap.org/node/10121684633,,,,,,2025-05-18,2025-05-18T09:53:02,POINT(8.015094 48.427704)
https://www.openstreetmap.org/node/10123282190,,,,,,,2022-10-23T08:48:16,POINT(6.639314 51.362089)
https://www.openstreetmap.org/node/10124126287,,phone_box,,,,,2026-07-11T10:15:00,POINT(14.183946 51.429054)
https://www.openstreetmap.org/node/10125180320,,,,,,,2025-02-02T18:19:50,POINT(9.300851 51.368030)
https://www.openstreetmap.org/node/10126307431,,,,,,,2024-11-15T00:16:15,POINT(9.174505 48.671119)
https://www.openstreetmap.org/node/10127119020,,,,,,,2025-03-06T11:14:48,POINT(8.766828 50.806558)
https://www.openstreetmap.org/node/10128892599,,shelf,Studierendenwerk Saarland,,,2025-11-18,2025-11-19T07:59:08,POINT(7.043593 49.257449)
https://www.openstreetmap.org/node/10130602713,,metal_cabinet,,,,,2022-10-26T15:45:54,POINT(7.164957 50.697014)
https://www.openstreetmap.org/node/10130645602,,,,,,,2026-02-25T13:30:37,POINT(9.217902 48.678993)
https://www.openstreetmap.org/node/10130883181,Büchertausch,shelf,,,,2025-03-24,2025-03-24T21:08:17,POINT(8.773400 50.849982)
https://www.openstreetmap.org/node/10131079744,,metal_cabinet,,,,,2022-10-26T19:49:40,POINT(9.605344 54.085230)
https://www.openstreetmap.org/node/10131246669,,,,,,2025-08-02,2025-08-02T16:53:05,POINT(9.601630 51.285148)
https://www.openstreetmap.org/node/10131250476,,,,,,2026-01-06,2026-01-06T09:52:45,POINT(8.549081 48.839167)
https://www.openstreetmap.org/node/10132030263,BücherButze Glowe,metal_cabinet,Gemeinde Glowe,,,,2022-10-27T07:35:28,POINT(13.469768 54.573569)
https://www.openstreetmap.org/node/10138147369,,,,,,2025-07-21,2025-07-21T19:13:26,POINT(8.022623 48.424533)
https://www.openstreetmap.org/node/10139948877,,phone_box,,,,2025-06-11,2025-06-11T17:54:49,POINT(10.865543 48.387348)
https://www.openstreetmap.org/node/10140229810,,,,,,,2022-10-30T15:50:32,POINT(10.855771 52.343075)
https://www.openstreetmap.org/node/10140229811,,,,,,,2022-10-30T15:50:32,POINT(10.828398 52.340202)
https://www.openstreetmap.org/node/10140229812,,,,,,,2022-10-30T15:50:32,POINT(10.833922 52.333206)
https://www.openstreetmap.org/node/10142524505,,metal_cabinet,,,,,2022-10-31T10:03:30,POINT(6.984164 51.161369)
https://www.openstreetmap.org/node/10147318087,Öffentlicher Bücherschrank Schutz,wooden_cabinet,Dorf-Förderverein Schutz e.V.,,24/7,2025-07-12,2025-07-12T10:32:33,POINT(6.761281 50.128833)
https://www.openstreetmap.org/node/10147919563,Linderbacher Bücherzelle,phone_box,,,,,2025-06-09T03:20:09,POINT(11.096968 50.974414)
https://www.openstreetmap.org/node/10148047980,,metal_cabinet,Stadt Frankfurt,,24/7,,2024-08-24T16:06:21,POINT(8.734404 50.128736)
https://www.openstreetmap.org/node/10151252062,,glass_cabinet,Langen,,,2025-11-20,2025-11-20T17:58:02,POINT(8.678310 49.979315)
https://www.openstreetmap.org/node/10151554377,,,,,,,2022-11-02T14:37:43,POINT(9.982012 49.760343)
https://www.openstreetmap.org/node/10152274093,Bücherwelt,,,,,,2026-02-04T22:30:49,POINT(13.696969 51.818731)
https://www.openstreetmap.org/node/10154071779,,metal_cabinet,,,,,2022-11-03T08:00:24,POINT(6.662229 51.579996)
https://www.openstreetmap.org/node/10154877387,,shelter,,,,,2025-09-12T12:07:06,POINT(8.529769 52.976447)
https://www.openstreetmap.org/node/10155501641,Holzhäuser Bücherzelle,phone_box,,,,,2024-05-31T00:25:10,POINT(9.538289 51.422694)
https://www.openstreetmap.org/node/10156530306,,reading_box,,,,,2026-03-06T12:36:09,POINT(13.841319 52.561653)
https://www.openstreetmap.org/node/10157358769,,wooden_cabinet,,,,2025-06-11,2025-06-11T07:15:05,POINT(6.398712 50.876519)
https://www.openstreetmap.org/node/10159317645,,,,,,2026-06-18,2026-06-18T06:49:12,POINT(9.116894 47.737981)
https://www.openstreetmap.org/node/10161431059,,,,,,,2025-07-16T17:11:12,POINT(8.386859 51.025248)
https://www.openstreetmap.org/node/10161761634,,shelf,,,,2024-11-10,2024-11-10T13:11:04,POINT(11.299162 48.108838)
https://www.openstreetmap.org/node/10162293885,,glass_cabinet,EmK Siegen,,24/7,,2022-11-06T15:21:52,POINT(8.038549 50.866205)
https://www.openstreetmap.org/node/10162393077,,,,,,,2022-11-06T16:08:41,POINT(8.264798 47.957015)
https://www.openstreetmap.org/node/10162503945,,,,,,,2022-11-06T17:39:21,POINT(6.541021 51.348659)
https://www.openstreetmap.org/node/10165929855,,shelf,,,,2026-06-09,2026-06-09T18:07:13,POINT(7.041541 49.253638)
https://www.openstreetmap.org/node/10166036534,Buchhaltestelle,wooden_cabinet,,,24/7,2025-04-04,2025-04-04T18:33:24,POINT(6.284243 51.167969)
https://www.openstreetmap.org/node/10166268775,,,,,,,2022-11-08T21:26:43,POINT(8.411418 48.184092)
https://www.openstreetmap.org/node/10166527088,Búcherbox Sandkamp,metal_cabinet,,,,,2024-06-16T01:57:13,POINT(10.756502 52.429048)
https://www.openstreetmap.org/node/10170758358,,metal_cabinet,,,,,2022-11-09T07:10:00,POINT(6.442497 49.651572)
https://www.openstreetmap.org/node/10180930797,,phone_box,,,,,2024-06-19T01:48:37,POINT(9.426674 51.313592)
https://www.openstreetmap.org/node/10184464162,,,,,,2025-09-27,2025-09-27T07:43:36,POINT(9.520902 48.808897)
https://www.openstreetmap.org/node/10200096398,,,,,,,2025-06-18T12:49:17,POINT(7.111974 50.712166)
https://www.openstreetmap.org/node/10200294340,,wooden_cabinet,,,,,2022-11-18T19:49:25,POINT(9.958534 53.755692)
https://www.openstreetmap.org/node/10200733302,Bokeler Bücherschrank,wooden_cabinet,,,,,2022-11-19T00:34:52,POINT(9.735661 53.862313)
https://www.openstreetmap.org/node/10207430833,,reading_box,Gewerbeverein Stolpen,,24/7,,2025-06-09T13:18:31,POINT(14.082684 51.049033)
https://www.openstreetmap.org/node/10209920807,,phone_box,,,,,2024-06-05T22:43:30,POINT(8.740066 50.707290)
https://www.openstreetmap.org/node/10215607285,Bücherschrank,reading_box,,,,,2022-11-24T20:53:29,POINT(9.224382 49.147269)
https://www.openstreetmap.org/node/10216947631,,,,,,,2022-11-25T11:37:25,POINT(13.505007 52.453156)
https://www.openstreetmap.org/node/10219248917,,,,,,,2022-11-26T08:07:21,POINT(8.463171 50.984336)
https://www.openstreetmap.org/node/10220012368,,metal_cabinet,,,,2024-12-06,2024-12-08T07:51:05,POINT(8.709118 50.202733)
https://www.openstreetmap.org/node/10224224888,,,,,,2025-01-26,2025-05-22T07:08:43,POINT(8.995964 48.483242)
https://www.openstreetmap.org/node/10226774416,,wooden_cabinet,,,,2025-03-25,2025-03-25T17:34:09,POINT(12.105565 47.829798)
https://www.openstreetmap.org/node/10231656266,,,,,,,2022-12-01T19:39:23,POINT(10.271007 51.116780)
https://www.openstreetmap.org/node/10233313061,,,,,,,2022-12-02T15:49:26,POINT(9.713053 52.402165)
https://www.openstreetmap.org/node/10235636063,,,Ortsverwaltung Stupferich,,24/7,,2022-12-03T13:58:12,POINT(8.510746 48.954328)
https://www.openstreetmap.org/node/10239840084,Öffentliches Bücherregal Walldorf,glass_cabinet,,,,2025-02-26,2025-02-26T15:08:42,POINT(8.640338 49.302321)
https://www.openstreetmap.org/node/10242411425,,phone_box,,,24/7,,2024-06-03T22:38:26,POINT(9.835574 52.564368)
https://www.openstreetmap.org/node/10246092325,,,,,24/7,,2022-12-08T06:43:13,POINT(8.695942 49.322533)
https://www.openstreetmap.org/node/10246678195,Bücherschrank Stadtbibliothek,metal_cabinet,Stadtbibliothek Hemau,,,,2023-07-14T18:34:51,POINT(11.781682 49.051564)
https://www.openstreetmap.org/node/10247695287,,,,,,,2023-08-26T07:48:24,POINT(10.661741 54.316925)
https://www.openstreetmap.org/node/10248664648,,,,,,,2022-12-09T11:14:24,POINT(11.638509 52.262775)
https://www.openstreetmap.org/node/10249057822,,,,,,,2022-12-09T14:53:00,POINT(6.769514 50.799695)
https://www.openstreetmap.org/node/10249679879,,,,,,,2022-12-09T20:37:03,POINT(7.105506 51.181025)
https://www.openstreetmap.org/node/10251091606,,,,,,2024-10-31,2025-09-23T17:03:31,POINT(7.228607 51.213640)
https://www.openstreetmap.org/node/10255081168,,metal_cabinet,USB Bochum,,24/7,2025-06-22,2025-06-22T09:32:45,POINT(7.141991 51.426715)
https://www.openstreetmap.org/node/10261252050,,wooden_cabinet,,,,,2025-07-17T17:41:26,POINT(9.965090 52.313812)
https://www.openstreetmap.org/node/10261282671,,wooden_cabinet,,,,,2022-12-13T21:50:09,POINT(9.967162 48.433153)
https://www.openstreetmap.org/node/10265758174,,phone_box,,,,,2022-12-27T17:22:15,POINT(12.399543 49.000098)
https://www.openstreetmap.org/node/10267923187,,wooden_cabinet,,,,2026-05-01,2026-05-01T11:09:08,POINT(13.334081 52.461141)
https://www.openstreetmap.org/node/10270268285,,shelter,,,,,2022-12-17T22:08:56,POINT(11.221611 49.720947)
https://www.openstreetmap.org/node/10271533660,Schöninger Bücherschrank,,,,,2025-03-23,2025-03-23T12:51:57,POINT(10.965492 52.139912)
https://www.openstreetmap.org/node/10274305276,,,,,,,2022-12-19T21:48:27,POINT(11.818732 48.024738)
https://www.openstreetmap.org/node/10280653120,,,,,,,2022-12-22T16:17:49,POINT(10.030113 52.193464)
https://www.openstreetmap.org/node/10285595364,,,,,,,2022-12-25T08:42:53,POINT(6.402290 51.198926)
https://www.openstreetmap.org/node/10285997635,,wooden_cabinet,KLJB Wiesent,,,,2022-12-25T14:56:11,POINT(12.379344 49.006739)
https://www.openstreetmap.org/node/10287735893,Bücher,metal_cabinet,,,,2025-09-19,2025-09-19T07:42:14,POINT(11.413109 48.097919)
https://www.openstreetmap.org/node/10288178469,Schränkla,,,,,,2022-12-26T20:29:32,POINT(11.102963 49.414393)
https://www.openstreetmap.org/node/10288353275,,phone_box,,,,2026-01-18,2026-01-21T23:21:15,POINT(10.676723 52.976051)
https://www.openstreetmap.org/node/10291214385,,phone_box,,,24/7,,2024-06-16T01:36:26,POINT(10.167703 52.435182)
https://www.openstreetmap.org/node/10293623764,Eisenacher Bücherbibel,wooden_cabinet,Förderverein der Eisenacher Stadtbibliothek e.V.,,,2025-05-10,2025-05-13T16:03:25,POINT(10.319447 50.974104)
https://www.openstreetmap.org/node/10293623765,Bücherbaum auf dem Stockhof,wooden_cabinet,Förderverein der Eisenacher Stadtbibliothek e.V.,,,2023-09-07,2023-09-07T15:02:41,POINT(10.339640 51.020299)
https://www.openstreetmap.org/node/10293623767,Bücherbaum Eu-linde,wooden_cabinet,Förderverein der Eisenacher Stadtbibliothek e.V.,,,,2022-12-29T16:42:13,POINT(10.230674 51.007729)
https://www.openstreetmap.org/node/10295658991,Provisorischer Bücherschrank,wooden_cabinet,,,24/7,,2023-11-23T20:33:23,POINT(13.453189 52.592926)
https://www.openstreetmap.org/node/10296859574,,,,,,,2025-11-12T20:33:00,POINT(9.812294 52.372482)
https://www.openstreetmap.org/node/10296868907,,wooden_cabinet,,,24/7,2026-01-06,2026-01-06T21:34:55,POINT(10.560864 47.583672)
https://www.openstreetmap.org/node/10298598478,,,,,,,2025-05-09T09:29:39,POINT(8.024772 51.798102)
https://www.openstreetmap.org/node/10301329306,Offener Bücherschrank Auerberg,,,,,2025-03-29,2025-03-29T17:21:14,POINT(7.077105 50.755442)
https://www.openstreetmap.org/node/10304916187,,,,,,,2023-01-04T15:14:32,POINT(6.742543 51.372514)
https://www.openstreetmap.org/node/10305103063,,wooden_cabinet,,,24/7,,2025-10-21T12:07:56,POINT(13.501831 53.118300)
https://www.openstreetmap.org/node/10305103649,,wooden_cabinet,,,,2025-05-02,2025-05-02T15:43:09,POINT(9.438284 51.336848)
https://www.openstreetmap.org/node/10308741588,,metal_cabinet,Stadt Herne,,,2026-05-17,2026-05-17T11:25:06,POINT(7.223556 51.539579)
https://www.openstreetmap.org/node/10308885388,,,,,,,2023-01-05T15:36:59,POINT(8.063183 50.289527)
https://www.openstreetmap.org/node/10309682497,,phone_box,,,,2025-12-29,2025-12-29T22:48:36,POINT(11.964036 51.506089)
https://www.openstreetmap.org/node/10310718444,,metal_cabinet,,,,2026-03-24,2026-03-24T07:38:04,POINT(8.583323 49.928581)
https://www.openstreetmap.org/node/10310760955,,wooden_cabinet,,,,2025-06-14,2025-06-14T14:48:04,POINT(8.622560 49.741127)
https://www.openstreetmap.org/node/10310764548,Kimbacher Bücherschrank,metal_cabinet,ev. Kirchengemeinde Vielbrunng und Kimbacher Weihnachtsmarktinitiative,,,,2023-01-06T12:14:00,POINT(9.065619 49.724256)
https://www.openstreetmap.org/node/10310773659,Offener Bücherschrank Rehbach,metal_cabinet,,,,,2023-01-06T12:26:35,POINT(8.953789 49.708266)
https://www.openstreetmap.org/node/10310774682,,metal_cabinet,,,,,2023-01-06T12:18:12,POINT(8.957708 49.871955)
https://www.openstreetmap.org/node/10310779141,Haltebucht,shelf,,,,,2023-01-06T12:29:18,POINT(8.868489 49.717009)
https://www.openstreetmap.org/node/10310788046,Buchhaltestelle,shelf,,,,,2023-01-06T12:23:10,POINT(9.100247 49.711549)
https://www.openstreetmap.org/node/10312438036,,,,,,,2023-01-07T19:13:28,POINT(9.800518 49.676602)
https://www.openstreetmap.org/node/10312444029,,,,,,,2023-01-07T19:23:40,POINT(9.680982 49.680500)
https://www.openstreetmap.org/node/10312468526,,phone_box,,,,,2026-05-15T18:46:09,POINT(9.736485 49.665219)
https://www.openstreetmap.org/node/10312582060,,,,,,2026-06-12,2026-06-12T10:08:47,POINT(11.680919 48.058961)
https://www.openstreetmap.org/node/10314543311,,,,,24/7,,2023-01-08T11:49:20,POINT(8.169714 48.699419)
https://www.openstreetmap.org/node/10314705822,Frieda's Bücherbox,,Berolina WohnungsbauGenossenschaft,,08:00-17:00,,2025-04-21T15:53:56,POINT(13.550590 52.440790)
https://www.openstreetmap.org/node/10314805234,,metal_cabinet,Kulturamt Stadt Troisdorf,,24/7,,2023-01-08T14:19:25,POINT(7.152017 50.805993)
https://www.openstreetmap.org/node/10315516610,,,,,,,2023-01-08T20:21:49,POINT(9.599973 49.694992)
https://www.openstreetmap.org/node/10315533404,Bücherschrank,wooden_cabinet,,,,2026-06-24,2026-06-25T04:29:44,POINT(9.678842 53.619905)
https://www.openstreetmap.org/node/10315897903,,,,,,,2023-01-09T01:18:02,POINT(10.082832 53.637563)
https://www.openstreetmap.org/node/1035301346,,,,,24/7,2025-05-26,2025-05-26T14:45:21,POINT(8.406949 49.001513)
https://www.openstreetmap.org/node/10537583099,,,,,,2025-11-18,2025-11-18T19:31:33,POINT(9.133391 48.906576)
https://www.openstreetmap.org/node/10542458116,,wooden_cabinet,,,,,2026-05-13T05:47:03,POINT(8.435945 51.689448)
https://www.openstreetmap.org/node/10543747941,,,,,24/7,,2023-01-12T19:43:28,POINT(8.397005 51.684228)
https://www.openstreetmap.org/node/10554042255,,,,,24/7,,2023-01-14T06:12:30,POINT(13.978879 50.994789)
https://www.openstreetmap.org/node/10554043215,,,,,24/7,2025-02-22,2025-02-22T13:11:50,POINT(13.988827 50.993100)
https://www.openstreetmap.org/node/10554310033,,wooden_cabinet,,,,,2023-01-14T11:03:18,POINT(9.854667 53.519072)
https://www.openstreetmap.org/node/10554857069,Bücherschrank Schneidhain,glass_cabinet,Stadt Königstein,,,2025-10-03,2025-10-12T15:26:05,POINT(8.451564 50.173867)
https://www.openstreetmap.org/node/10556669219,,,,,24/7,,2023-12-19T14:04:43,POINT(10.790379 51.829084)
https://www.openstreetmap.org/node/10557839860,,,,,,,2023-01-15T23:04:59,POINT(10.978641 50.303960)
https://www.openstreetmap.org/node/10559765462,,phone_box,,,,,2025-12-15T18:11:28,POINT(8.410095 49.685169)
https://www.openstreetmap.org/node/10564995824,Offener Buchforster Bücherschrank,,Runder Tisch Buchforst e.V.,,Mo-Fr 08:30-18:30; Sa 08:30-14:00,2024-06-26,2024-11-12T17:33:15,POINT(7.005249 50.949745)
https://www.openstreetmap.org/node/10565832961,,wooden_cabinet,,,,,2023-01-18T18:21:50,POINT(11.577282 48.113434)
https://www.openstreetmap.org/node/10566172001,,metal_cabinet,NordStart NB,,24/7,,2023-01-18T21:35:53,POINT(13.275844 53.566549)
https://www.openstreetmap.org/node/10567800423,,,,,,,2023-01-19T12:44:53,POINT(7.204869 51.608687)
https://www.openstreetmap.org/node/10571261116,,wooden_cabinet,,,,,2023-03-20T10:02:09,POINT(8.975936 49.061245)
https://www.openstreetmap.org/node/10572420071,,,Polizeisportverein Karlsruhe e.V.,,,,2024-10-14T08:54:32,POINT(8.431341 48.994565)
https://www.openstreetmap.org/node/10572582247,Bücherschrank Bermaringen,phone_box,,,,,2023-01-21T13:15:10,POINT(9.842530 48.459828)
https://www.openstreetmap.org/node/10574327520,Bücher・Tausch・Bar,shelter,,,,2026-02-20,2026-02-20T16:35:21,POINT(13.308293 52.508986)
https://www.openstreetmap.org/node/10574341524,,,,,,2025-04-16,2025-04-16T07:09:47,POINT(10.699727 47.571613)
https://www.openstreetmap.org/node/10575197552,,glass_cabinet,Stadt Essen,,24/7,2025-12-23,2025-12-23T21:08:57,POINT(7.108320 51.414990)
https://www.openstreetmap.org/node/10579340488,,wooden_cabinet,,,24/7,,2023-01-24T15:43:30,POINT(9.113135 49.238406)
https://www.openstreetmap.org/node/10581586871,,,,,,,2024-04-13T09:41:26,POINT(8.403048 50.027018)
https://www.openstreetmap.org/node/10582133111,,,,,,2025-03-07,2025-03-07T14:08:49,POINT(9.581270 53.507774)
https://www.openstreetmap.org/node/10582697847,,reading_box,,,,,2023-01-25T21:28:09,POINT(11.322046 47.966058)
https://www.openstreetmap.org/node/10585035866,Bücherzelle,phone_box,,,,,2024-06-19T23:17:11,POINT(10.725942 53.821308)
https://www.openstreetmap.org/node/10586100978,,,,,,,2023-01-27T07:57:25,POINT(11.198056 49.575778)
https://www.openstreetmap.org/node/10586210491,,,,,,,2023-01-27T09:19:28,POINT(7.594029 51.552954)
https://www.openstreetmap.org/node/10592049250,,,,,,2025-11-26,2025-11-26T14:14:24,POINT(7.246576 51.472603)
https://www.openstreetmap.org/node/10592384161,,,,,,2022-09,2023-01-29T19:44:00,POINT(11.091516 49.248953)
https://www.openstreetmap.org/node/10596697659,,,,,,,2025-02-02T20:49:03,POINT(8.528012 50.132536)
https://www.openstreetmap.org/node/10606372029,,wooden_cabinet,,,,2025-10-21,2025-10-22T07:55:12,POINT(10.559364 47.580415)
https://www.openstreetmap.org/node/10611591655,,phone_box,,,,2025-08-02,2025-08-02T18:24:44,POINT(9.986635 49.784251)
https://www.openstreetmap.org/node/10614932933,,,,,,,2023-02-07T15:30:27,POINT(9.742612 52.130218)
https://www.openstreetmap.org/node/10632643450,,phone_box,,,,2025-03-16,2025-03-16T13:02:47,POINT(6.889984 50.737296)
https://www.openstreetmap.org/node/10646579839,,,,,,,2023-02-10T18:10:58,POINT(12.165554 48.966712)
https://www.openstreetmap.org/node/10647203135,,,,,,,2023-02-10T21:21:18,POINT(9.478846 51.427220)
https://www.openstreetmap.org/node/10647748432,,,,,,,2023-02-11T01:37:12,POINT(9.553726 49.567891)
https://www.openstreetmap.org/node/10647748433,,,,,,,2023-02-11T01:37:12,POINT(9.417883 49.784563)
https://www.openstreetmap.org/node/10647748434,,phone_box,,,,,2024-01-12T01:28:32,POINT(9.520149 49.669704)
https://www.openstreetmap.org/node/10647748435,,,,,,,2026-01-28T03:30:03,POINT(9.596881 49.618010)
https://www.openstreetmap.org/node/10647748436,,,,,,,2023-02-11T01:37:12,POINT(9.666663 49.620878)
https://www.openstreetmap.org/node/10647748437,,,,,,,2023-02-11T01:37:12,POINT(9.742859 49.607131)
https://www.openstreetmap.org/node/10647748438,,,,,,,2023-02-11T01:37:12,POINT(9.837642 49.612101)
https://www.openstreetmap.org/node/10647748439,,,,,,,2024-07-26T00:28:26,POINT(9.703535 49.569730)
https://www.openstreetmap.org/node/10647748440,Bälmer Bücherkiste,phone_box,,,,,2024-01-12T01:36:32,POINT(9.749789 49.528310)
https://www.openstreetmap.org/node/10647748441,,,,,,,2023-02-11T01:37:12,POINT(9.816627 49.493299)
https://www.openstreetmap.org/node/10647748442,,,,,,,2023-02-11T01:37:12,POINT(9.928256 49.455393)
https://www.openstreetmap.org/node/10647748443,,,,,,,2023-02-11T01:37:12,POINT(9.967184 49.468703)
https://www.openstreetmap.org/node/10648057576,Kinderbuch-Tausch-Schrank,wooden_cabinet,,,,,2023-02-11T07:39:56,POINT(10.281191 54.233370)
https://www.openstreetmap.org/node/10648082429,,,,,,,2023-02-11T08:13:50,POINT(7.464655 51.381938)
https://www.openstreetmap.org/node/10648091795,,,,,,2025-11-14,2025-11-14T08:30:20,POINT(11.358897 49.387645)
https://www.openstreetmap.org/node/10648522000,,phone_box,,,,,2023-02-11T12:28:44,POINT(7.994565 49.694452)
https://www.openstreetmap.org/node/10648609654,,,,,,2026-04-19,2026-04-19T13:26:05,POINT(9.921115 48.817562)
https://www.openstreetmap.org/node/10648609655,,,,,,,2023-02-11T12:54:08,POINT(10.008119 48.896303)
https://www.openstreetmap.org/node/10648609656,,,,,,,2023-02-11T12:54:08,POINT(10.090962 48.838260)
https://www.openstreetmap.org/node/10648609657,,,,,,,2023-02-11T12:54:08,POINT(10.091418 48.839355)
https://www.openstreetmap.org/node/10648609658,,,,,,,2023-02-11T12:54:08,POINT(10.093463 48.839439)
https://www.openstreetmap.org/node/10648609660,,,,,,,2023-02-11T12:54:08,POINT(10.092819 48.837664)
https://www.openstreetmap.org/node/10648609661,,,,,,,2023-02-11T12:54:08,POINT(10.099110 48.840468)
https://www.openstreetmap.org/node/10648609662,,,,,,,2023-02-11T12:54:08,POINT(10.114745 48.835516)
https://www.openstreetmap.org/node/10648609663,,,,,,,2023-02-11T12:54:08,POINT(10.243246 48.871687)
https://www.openstreetmap.org/node/10648609664,,,,,,,2023-02-11T12:54:08,POINT(10.131422 48.960843)
https://www.openstreetmap.org/node/10648609665,,,,,,,2023-02-11T12:54:08,POINT(10.098376 49.031210)
https://www.openstreetmap.org/node/10648695061,,,,,,,2024-12-05T18:41:43,POINT(9.264115 48.834260)
https://www.openstreetmap.org/node/10648695062,,,,,,2026-01-18,2026-01-18T10:09:50,POINT(9.257587 48.840833)
https://www.openstreetmap.org/node/10648695063,,,,,,,2023-02-11T13:24:02,POINT(9.386195 48.808892)
https://www.openstreetmap.org/node/10648695064,,,,,,,2024-05-01T14:57:41,POINT(9.347171 48.822310)
https://www.openstreetmap.org/node/10648695065,,phone_box,,,,,2026-05-22T23:59:54,POINT(9.468656 48.860657)
https://www.openstreetmap.org/node/10648695066,,,,,,2025-11-01,2025-11-01T16:22:05,POINT(9.479267 48.930582)
https://www.openstreetmap.org/node/10648695067,,,,,,,2023-02-11T13:24:02,POINT(9.526459 48.932024)
https://www.openstreetmap.org/node/10648695069,,,,,,,2025-03-18T08:25:49,POINT(9.501681 49.002487)
https://www.openstreetmap.org/node/10648695070,,,,,,,2023-02-11T13:24:02,POINT(9.692285 48.905991)
https://www.openstreetmap.org/node/10648718040,,,,,,,2023-02-11T13:35:54,POINT(10.072343 49.136301)
https://www.openstreetmap.org/node/10648718041,,,,,,,2023-02-11T13:35:54,POINT(10.163407 49.160247)
https://www.openstreetmap.org/node/10649405845,,,,,,,2023-02-11T16:36:17,POINT(9.798811 48.635517)
https://www.openstreetmap.org/node/10649405846,,,,,,,2023-02-11T16:36:17,POINT(9.720261 48.740323)
https://www.openstreetmap.org/node/10650466874,,,,,,,2023-02-11T22:56:56,POINT(7.076690 51.157796)
https://www.openstreetmap.org/node/10652118455,,,,,,,2023-02-12T16:26:29,POINT(9.060273 52.512270)
https://www.openstreetmap.org/node/10652469727,,,Stadtteilverein Neuostheim e.V.,https://urbanlife-eg.de/der-sprechende-buecherschrank-mannheim-neuostheim/,,2025-03-24,2025-03-24T08:53:15,POINT(8.513086 49.478557)
https://www.openstreetmap.org/node/10659653385,,,,,,,2023-02-14T21:08:23,POINT(8.700751 49.836818)
https://www.openstreetmap.org/node/10666156670,Büchertauschbörse,phone_box,,,,2026-06-05,2026-06-05T04:27:58,POINT(13.455995 51.000722)
https://www.openstreetmap.org/node/10673926700,,,,,,2024-03-03,2024-03-03T18:33:08,POINT(7.090691 50.540534)
https://www.openstreetmap.org/node/10676154920,,metal_cabinet,Westenergie,,,2026-06-15,2026-06-15T14:08:19,POINT(7.003446 50.650754)
https://www.openstreetmap.org/node/10678498331,,shelf,,,,,2023-02-19T15:08:23,POINT(8.735617 50.365373)
https://www.openstreetmap.org/node/10681249101,,shelf,,,,2025-10-19,2025-10-19T08:40:52,POINT(8.882757 50.538903)
https://www.openstreetmap.org/node/10688273593,,wooden_cabinet,,,,,2023-02-23T13:45:36,POINT(9.911018 52.029068)
https://www.openstreetmap.org/node/10689714480,,,,,,,2023-02-24T02:49:56,POINT(7.065561 51.139323)
https://www.openstreetmap.org/node/10692876655,,,,,,,2024-06-04T21:47:34,POINT(8.492425 50.171669)
https://www.openstreetmap.org/node/10693151220,,shelf,,,,,2025-12-14T15:10:41,POINT(8.751752 49.423223)
https://www.openstreetmap.org/node/10693786627,,wooden_cabinet,Evangelische Kirchengemeinde Herbede,,24/7,,2025-02-15T21:40:10,POINT(7.278953 51.420562)
https://www.openstreetmap.org/node/10695076591,,,,,,2025-05-29,2025-05-29T06:59:35,POINT(7.076003 51.385129)
https://www.openstreetmap.org/node/10695102037,Bücherwand,phone_box,,,,,2023-02-26T16:09:07,POINT(9.985643 49.779211)
https://www.openstreetmap.org/node/10695120498,,,,,,2025-05-05,2025-05-05T15:24:02,POINT(10.956401 49.480288)
https://www.openstreetmap.org/node/10702200611,,,,,,,2023-03-01T15:50:07,POINT(9.777189 53.728324)
https://www.openstreetmap.org/node/10707894390,,metal_cabinet,,,,,2026-05-06T12:10:49,POINT(8.333644 51.711472)
https://www.openstreetmap.org/node/10716074428,,phone_box,Stadtbibliothek Klütz,,,,2025-04-25T14:06:26,POINT(11.165121 53.967005)
https://www.openstreetmap.org/node/10716529644,Bücherbox,shelf,,,,,2023-03-06T15:04:30,POINT(8.671158 50.402753)
https://www.openstreetmap.org/node/10716613010,Bücherschrank im Ärztehaus,shelf,Ärztehaus,,,,2023-03-06T15:27:03,POINT(8.509132 50.295516)
https://www.openstreetmap.org/node/10719779999,,,,,,,2023-03-07T19:48:22,POINT(11.801601 48.223630)
https://www.openstreetmap.org/node/10720701651,,reading_box,,,,,2023-03-08T08:54:51,POINT(10.996087 49.515363)
https://www.openstreetmap.org/node/10721819101,,metal_cabinet,,,,2026-03-02,2026-03-02T19:28:05,POINT(7.076322 50.944890)
https://www.openstreetmap.org/node/10723066464,,,,,,2025-10-14,2025-10-14T16:06:35,POINT(13.103353 54.284339)
https://www.openstreetmap.org/node/10723658015,,glass_cabinet,,,,,2024-08-13T17:43:49,POINT(8.037925 51.754992)
https://www.openstreetmap.org/node/10725078492,,shelf,Tegut,,,2025-09-16,2025-09-16T11:26:11,POINT(11.043742 50.964618)
https://www.openstreetmap.org/node/10725740561,,,,,,2025-05-15,2025-05-15T12:06:02,POINT(8.635081 49.307849)
https://www.openstreetmap.org/node/10726350639,Dagmar's kriminelle Buch-Tausch-Zelle,phone_box,,,,,2024-05-26T00:55:52,POINT(6.445564 49.569554)
https://www.openstreetmap.org/node/10727511787,Bücher Box Eckernförde,phone_box,,,24/7,,2023-06-26T17:23:59,POINT(9.840860 54.464238)
https://www.openstreetmap.org/node/10727764222,,phone_box,,,,2023-03-11,2024-05-26T01:03:37,POINT(6.608221 49.741011)
https://www.openstreetmap.org/node/10727770202,,metal_cabinet,,,,,2023-03-11T15:27:08,POINT(10.817248 48.362586)
https://www.openstreetmap.org/node/10727898703,,wooden_cabinet,,,,,2023-03-11T16:44:13,POINT(9.499343 51.260556)
https://www.openstreetmap.org/node/10731373013,,glass_cabinet,,,,,2023-03-12T20:04:02,POINT(8.739337 50.179874)
https://www.openstreetmap.org/node/10731774841,Bücherschrank Villa Wieser,,,,,,2023-03-16T13:11:04,POINT(8.215701 49.145883)
https://www.openstreetmap.org/node/10732166485,Bücherbox,phone_box,,,,,2024-05-27T02:41:19,POINT(13.720348 51.121677)
https://www.openstreetmap.org/node/10735180995,,wooden_cabinet,Deutsches Rotes Kreuz,,,,2026-05-25T19:43:21,POINT(9.674161 52.300328)
https://www.openstreetmap.org/node/10735674528,Offener Bücherschrank Rote Pumpe,metal_cabinet,,https://www.buecherschrank.schloss-neuhaus.info,24/7,2025-07-13,2025-07-18T11:40:29,POINT(8.712837 51.744213)
https://www.openstreetmap.org/node/10738150414,,,Bürgerstiftung Rietberg,,,,2023-03-15T22:22:04,POINT(8.379613 51.802661)
https://www.openstreetmap.org/node/10738871058,,phone_box,,,,,2023-03-16T09:58:38,POINT(10.448524 50.725140)
https://www.openstreetmap.org/node/10739951160,,,Innogy,,,,2024-12-21T11:44:43,POINT(7.680533 49.837397)
https://www.openstreetmap.org/node/10740956601,,phone_box,Bürgerverein Stötteritz e.V.,,24/7,2025-03-22,2025-03-23T09:00:38,POINT(12.423609 51.321885)
https://www.openstreetmap.org/node/10745251596,,metal_cabinet,Allbau,,24/7,,2023-03-19T14:10:35,POINT(6.982679 51.422929)
https://www.openstreetmap.org/node/10745483414,,,STADTTEIL Offensive Hiltrup e.V.,,,,2025-06-03T21:24:19,POINT(7.625386 51.903031)
https://www.openstreetmap.org/node/10746446276,Bücherschrank Schützenplatz,,,,,2025-07-05,2025-07-05T17:39:34,POINT(9.190518 48.781693)
https://www.openstreetmap.org/node/10746771016,,,,,,,2023-03-19T20:48:00,POINT(9.669475 49.490630)
https://www.openstreetmap.org/node/10752403620,Bücherschrank Büsingen,phone_box,Fam. Sarbach,,24/7,2025-05-08,2025-05-08T16:54:12,POINT(8.687658 47.696279)
https://www.openstreetmap.org/node/10753204962,,,,,,,2023-03-22T13:27:21,POINT(9.834548 52.247453)
https://www.openstreetmap.org/node/10756348666,,,,,,2025-08-04,2025-08-27T15:17:29,POINT(9.249205 48.648278)
https://www.openstreetmap.org/node/10763418636,,metal_cabinet,,,,2024-10-22,2024-10-23T00:09:04,POINT(9.822444 54.362514)
https://www.openstreetmap.org/node/10765480166,,,,,,,2023-03-27T07:55:40,POINT(6.809290 51.934171)
https://www.openstreetmap.org/node/10766327459,,phone_box,,,24/7,,2025-01-24T21:16:19,POINT(13.499690 52.506131)
https://www.openstreetmap.org/node/10766819739,,,,,,2025-09-28,2025-09-29T05:58:22,POINT(9.764442 50.679730)
https://www.openstreetmap.org/node/10769637867,Bücherzelle,phone_box,,,,,2026-03-22T19:51:11,POINT(9.732932 52.242822)
https://www.openstreetmap.org/node/10771388382,Bücherzelle,phone_box,Stadt Albstadt,,24/7,,2024-05-30T03:19:18,POINT(9.027924 48.239064)
https://www.openstreetmap.org/node/10771576267,,metal_cabinet,USB Bochum,,24/7,2025-08-31,2025-08-31T12:39:39,POINT(7.209263 51.492001)
https://www.openstreetmap.org/node/10777948132,,,,,,,2023-04-01T13:56:13,POINT(12.724469 48.098766)
https://www.openstreetmap.org/node/10779380555,Büchertauschzelle,phone_box,,,,,2024-05-30T01:24:15,POINT(9.994008 53.671122)
https://www.openstreetmap.org/node/10779538599,Bücherschrank Grootkoppelstraße,,,,,2025-09-05,2025-09-05T17:48:09,POINT(10.004447 53.715434)
https://www.openstreetmap.org/node/10780105311,,,,,,2024-09-16,2024-09-16T07:30:27,POINT(9.263813 52.616609)
https://www.openstreetmap.org/node/10780995527,Bücherfenster Bortfeld,wooden_cabinet,,,24/7,,2024-07-12T05:04:50,POINT(10.404007 52.293391)
https://www.openstreetmap.org/node/10782386758,,metal_cabinet,Stadt Rödental,,,,2023-04-03T18:15:10,POINT(11.043781 50.295955)
https://www.openstreetmap.org/node/10784349833,,phone_box,,,,,2023-04-04T12:57:50,POINT(8.578467 50.088252)
https://www.openstreetmap.org/node/10784810870,,phone_box,,,,,2024-01-12T01:44:24,POINT(9.036497 50.040600)
https://www.openstreetmap.org/node/10785041754,,shelf,,,,2025-10-31,2025-11-01T10:58:49,POINT(9.111902 48.736701)
https://www.openstreetmap.org/node/10786758484,Büchertauschschrank,phone_box,Markt Holzkirchen,,,2025-12-20,2025-12-20T22:11:58,POINT(11.702221 47.877504)
https://www.openstreetmap.org/node/10790413794,,,,,,,2023-04-06T15:19:13,POINT(10.790411 51.829085)
https://www.openstreetmap.org/node/10790521008,,wooden_cabinet,,,,2025-10-20,2025-10-20T15:29:12,POINT(9.104527 48.726211)
https://www.openstreetmap.org/node/10794731553,Büchertauschschrank,wooden_cabinet,Ortsamt Prohlis,,,2025-06-09,2025-06-09T14:17:08,POINT(13.761755 51.027302)
https://www.openstreetmap.org/node/10794748070,,,,,,2025-10-12,2025-10-12T14:18:16,POINT(8.367740 49.436256)
https://www.openstreetmap.org/node/10797516105,,,,,,2023-04-09,2023-04-09T19:32:22,POINT(8.070127 49.082259)
https://www.openstreetmap.org/node/10799105785,Bücherschrank Krummesse,phone_box,Grund und Hauptschule Krummesse,,24/7,,2023-04-10T11:21:25,POINT(10.642025 53.778575)
https://www.openstreetmap.org/node/10804445527,,,,,,,2025-01-28T18:30:25,POINT(6.957659 50.954107)
https://www.openstreetmap.org/node/10807422483,,wooden_cabinet,,,,,2023-04-13T12:15:03,POINT(8.569044 51.854927)
https://www.openstreetmap.org/node/10807467005,,shelf,,,,,2023-04-13T12:24:38,POINT(8.471309 51.757076)
https://www.openstreetmap.org/node/10815236908,,,,,,,2024-07-03T14:51:17,POINT(13.591874 52.676853)
https://www.openstreetmap.org/node/10816160601,,,,,,,2023-04-16T12:24:26,POINT(7.167638 49.648467)
https://www.openstreetmap.org/node/10819248211,,wooden_cabinet,USB Bochum,,,,2023-04-17T09:42:20,POINT(7.287065 51.483113)
https://www.openstreetmap.org/node/10821622719,,phone_box,,,,2024-10-27,2024-10-27T12:48:30,POINT(8.736581 49.601293)
https://www.openstreetmap.org/node/10821671037,,,,,,,2023-06-06T08:47:42,POINT(9.995168 53.681930)
https://www.openstreetmap.org/node/10821789943,Bücherzelle,phone_box,,,24/7,,2023-04-18T12:08:46,POINT(11.539843 53.616546)
https://www.openstreetmap.org/node/10825297293,,shelf,,,,2025-10-28,2025-10-28T15:37:02,POINT(7.021604 49.273521)
https://www.openstreetmap.org/node/10825307505,,,,,24/7,,2023-04-21T05:01:50,POINT(7.181623 51.665190)
https://www.openstreetmap.org/node/10826824374,,phone_box,Jugendparlament und Gemeindebücherei Egelsbach,,,,2024-06-23T13:55:12,POINT(8.661750 49.970888)
https://www.openstreetmap.org/node/10827123412,,,,,,,2023-04-20T12:49:38,POINT(10.151100 54.369086)
https://www.openstreetmap.org/node/10827749329,,,,,,2025-08-09,2025-08-09T05:24:45,POINT(7.848875 52.189978)
https://www.openstreetmap.org/node/10831822270,,phone_box,,,,2025-10-16,2025-10-16T11:28:21,POINT(8.853914 49.025163)
https://www.openstreetmap.org/node/10831992586,,shelf,,,,,2023-04-22T14:46:20,POINT(8.707479 49.036790)
https://www.openstreetmap.org/node/10834358220,,wooden_cabinet,,,,2025-07-09,2025-07-09T13:19:14,POINT(9.228431 47.724640)
https://www.openstreetmap.org/node/10834406983,,shelter,,,24/7,,2023-04-23T19:25:05,POINT(12.722846 50.786294)
https://www.openstreetmap.org/node/10836252613,Bücherhaus,,,,,2025-09-01,2025-09-01T03:53:52,POINT(13.828893 52.534909)
https://www.openstreetmap.org/node/10838110764,,,,,,,2023-04-24T21:51:29,POINT(8.747433 50.601724)
https://www.openstreetmap.org/node/10840304061,,shelf,Kiezclub Vital,,,2026-06-03,2026-06-03T14:55:54,POINT(13.623156 52.451844)
https://www.openstreetmap.org/node/10840334693,,sculpture,,,,,2023-06-21T23:03:28,POINT(13.587291 52.468392)
https://www.openstreetmap.org/node/10840349719,,,,,,,2023-04-25T20:00:18,POINT(13.620483 52.450908)
https://www.openstreetmap.org/node/10844646335,,wooden_cabinet,,,24/7,2025-11-05,2025-11-05T18:53:08,POINT(10.119883 54.314825)
https://www.openstreetmap.org/node/10853117270,Bücherbox,,,,,,2023-04-28T16:58:22,POINT(9.898000 49.057546)
https://www.openstreetmap.org/node/10855565362,,reading_box,Stadt Puchheim,,,2025-07-18,2025-07-18T15:00:23,POINT(11.352340 48.172019)
https://www.openstreetmap.org/node/10855565363,,reading_box,Stadt Puchheim,,,2025-05-29,2025-05-29T16:18:03,POINT(11.351780 48.171190)
https://www.openstreetmap.org/node/10855565365,,reading_box,Stadt Puchheim,,,2025-05-29,2025-05-29T16:18:04,POINT(11.351633 48.170428)
https://www.openstreetmap.org/node/10855565366,,reading_box,Stadt Puchheim,,,2025-12-18,2025-12-18T12:46:19,POINT(11.353872 48.169783)
https://www.openstreetmap.org/node/10855565367,,reading_box,Stadt Puchheim,,,2025-05-29,2025-05-29T16:18:06,POINT(11.350879 48.168490)
https://www.openstreetmap.org/node/10855565368,,reading_box,Stadt Puchheim,,,2025-07-19,2025-07-19T10:08:44,POINT(11.354414 48.170473)
https://www.openstreetmap.org/node/10855565369,,reading_box,Stadt Puchheim,,,,2025-06-06T15:26:00,POINT(11.358144 48.174288)
https://www.openstreetmap.org/node/10855565370,,reading_box,Stadt Puchheim,,,,2023-04-29T08:04:19,POINT(11.349908 48.175756)
https://www.openstreetmap.org/node/10855565371,,reading_box,Stadt Puchheim,,,2025-08-29,2025-08-29T14:57:01,POINT(11.366102 48.181991)
https://www.openstreetmap.org/node/10855565372,,reading_box,Stadt Puchheim,,,2025-09-06,2025-09-06T09:10:35,POINT(11.374136 48.182160)
https://www.openstreetmap.org/node/10855565373,,reading_box,Stadt Puchheim,,,,2025-09-06T09:20:20,POINT(11.371721 48.185761)
https://www.openstreetmap.org/node/10857597564,Bücherkiste,shelter,,,,,2023-07-06T16:58:05,POINT(14.200170 50.888377)
https://www.openstreetmap.org/node/10860657567,Bücherbox,phone_box,,,,,2024-05-27T02:51:24,POINT(13.653488 52.519704)
https://www.openstreetmap.org/node/10862729216,,,,,,,2023-05-03T05:39:16,POINT(6.674956 50.196250)
https://www.openstreetmap.org/node/10865402923,,metal_cabinet,,,,2025-12-14,2025-12-14T12:42:55,POINT(8.549974 52.057031)
https://www.openstreetmap.org/node/10865841581,,,,,,2025-09-18,2025-09-18T07:59:29,POINT(9.306148 52.592254)
https://www.openstreetmap.org/node/10869083326,,,,,,2026-04-25,2026-04-26T12:01:30,POINT(8.597030 49.124672)
https://www.openstreetmap.org/node/10871171967,,,,,,2026-03-13,2026-03-13T11:40:51,POINT(13.102609 52.566488)
https://www.openstreetmap.org/node/10872781403,,,,,,,2024-11-23T19:48:33,POINT(11.667641 48.071795)
https://www.openstreetmap.org/node/10873111537,,metal_cabinet,Stadtmarketing Herzogenrath e.V.,,,,2025-01-13T15:34:43,POINT(6.089076 50.834785)
https://www.openstreetmap.org/node/10874207908,Bücherschrank,phone_box,,,,2025-02-09,2025-02-09T17:34:23,POINT(8.392917 49.030692)
https://www.openstreetmap.org/node/10876029493,Bücherstall,wooden_cabinet,,,24/7,,2023-05-07T15:57:41,POINT(7.119981 51.439582)
https://www.openstreetmap.org/node/10880124532,,wooden_cabinet,,,,2025-07-25,2025-07-25T16:59:42,POINT(13.446672 52.491490)
https://www.openstreetmap.org/node/10882874749,,,,,,,2023-05-10T08:30:46,POINT(10.613893 50.503200)
https://www.openstreetmap.org/node/10883333621,Bücherbox,phone_box,,,,,2026-05-19T08:43:46,POINT(11.091621 50.944803)
https://www.openstreetmap.org/node/10884029127,Bücherbox,phone_box,,,,,2025-06-10T21:28:18,POINT(7.150684 51.264827)
https://www.openstreetmap.org/node/10886226324,Bücherschrank Dorfplatz,metal_cabinet,Förderverein Dorfentwicklung Dahlem e.V.,,24/7,,2025-07-07T12:19:59,POINT(6.547389 50.385976)
https://www.openstreetmap.org/node/10889073420,,,,,,2024-05-12,2024-05-12T07:13:47,POINT(7.036622 51.435993)
https://www.openstreetmap.org/node/10889245990,,,,,,,2023-05-12T09:12:29,POINT(7.780750 48.063836)
https://www.openstreetmap.org/node/10889245991,,,,,,2025-07-08,2025-07-08T04:15:50,POINT(7.797927 48.071018)
https://www.openstreetmap.org/node/10891796262,,,,,,,2023-05-12T20:21:34,POINT(9.517105 54.654090)
https://www.openstreetmap.org/node/10892904601,,,,,,2025-08-09,2025-09-06T06:04:00,POINT(7.961445 47.977462)
https://www.openstreetmap.org/node/10895879034,Roßberg liest!,,,,,,2023-05-14T11:56:32,POINT(8.876989 50.717071)
https://www.openstreetmap.org/node/10900070469,,,,,,2025-07-21,2025-07-21T12:17:03,POINT(9.210129 52.639683)
https://www.openstreetmap.org/node/10900310087,,shelter,Zschachwitzer Dorfmeile e.V.,,24/7,2026-07-05,2026-07-05T11:11:21,POINT(13.846312 51.003486)
https://www.openstreetmap.org/node/10903269425,,metal_cabinet,,,,,2025-09-06T19:38:55,POINT(7.814834 49.808289)
https://www.openstreetmap.org/node/10905690500,Büchertausch,,,,,,2024-04-28T09:28:40,POINT(11.467309 48.671454)
https://www.openstreetmap.org/node/10908697677,Kinderbuchschrank des Kinderschutzbundes,metal_cabinet,Kinderschutzbund Hennef,,,2025-07-29,2025-07-29T09:34:25,POINT(7.275926 50.777507)
https://www.openstreetmap.org/node/10908979428,,,,,,,2023-05-18T18:43:36,POINT(9.079224 52.574987)
https://www.openstreetmap.org/node/10910649543,,,,,,,2025-12-29T09:39:59,POINT(10.077494 47.892585)
https://www.openstreetmap.org/node/10911306827,,,,,,,2024-05-13T17:12:36,POINT(9.103377 49.239177)
https://www.openstreetmap.org/node/10912140810,,,,,,2025-12-15,2025-12-15T17:13:14,POINT(9.943253 51.859125)
https://www.openstreetmap.org/node/10913941658,,,,,,,2023-05-20T11:46:12,POINT(7.713057 50.151077)
https://www.openstreetmap.org/node/10914031711,,,,,,,2023-05-20T12:29:18,POINT(9.848346 50.819049)
https://www.openstreetmap.org/node/10915852582,,phone_box,,,,,2026-01-04T22:57:58,POINT(10.859447 53.882075)
https://www.openstreetmap.org/node/10918237258,,,,,,,2023-05-22T12:34:38,POINT(13.385273 52.493826)
https://www.openstreetmap.org/node/10919429203,Bücherbox,,,,,,2025-10-02T09:08:18,POINT(13.626212 52.349287)
https://www.openstreetmap.org/node/10919802686,,,,,,,2023-05-22T17:46:13,POINT(10.961552 49.568433)
https://www.openstreetmap.org/node/10920601300,Umsonst-Schrank,,,,,,2023-05-23T01:14:06,POINT(10.361915 50.034563)
https://www.openstreetmap.org/node/10925083265,,phone_box,,,,,2023-05-24T19:16:38,POINT(11.466777 48.680302)
https://www.openstreetmap.org/node/10925685935,Buch-Bude,wooden_cabinet,,,,2025-07-19,2025-07-19T13:50:15,POINT(7.825060 47.975243)
https://www.openstreetmap.org/node/10926954379,,phone_box,,,,2025-11-12,2025-11-12T22:38:54,POINT(8.512404 51.980999)
https://www.openstreetmap.org/node/10929722775,,phone_box,,,,2026-03-11,2026-03-11T14:17:55,POINT(12.467134 50.850051)
https://www.openstreetmap.org/node/10931058402,Büchertheke,phone_box,Naturatheke,,"Su,PH off",,2024-06-19T02:03:46,POINT(12.642521 51.144407)
https://www.openstreetmap.org/node/10931078789,,,Jon Scholz,,,,2024-11-15T00:16:15,POINT(10.135765 54.358618)
https://www.openstreetmap.org/node/10931279608,,,,,,,2023-05-27T09:45:39,POINT(13.265801 52.497192)
https://www.openstreetmap.org/node/10931518902,,,,,,,2023-05-27T12:29:24,POINT(7.767406 50.933233)
https://www.openstreetmap.org/node/10931527266,,,,,,,2023-05-27T12:28:53,POINT(6.802203 51.238744)
https://www.openstreetmap.org/node/10931531745,,,,,,,2023-12-08T22:16:17,POINT(6.808023 51.228563)
https://www.openstreetmap.org/node/10931553196,,,,,,,2025-02-24T11:06:30,POINT(11.428937 53.635993)
https://www.openstreetmap.org/node/10931672764,Bücherschrank Touristinfo Jonsdorf,wooden_cabinet,,,,,2025-08-06T11:22:25,POINT(14.702325 50.854648)
https://www.openstreetmap.org/node/10931677329,,shelf,,,,,2025-08-06T11:28:41,POINT(14.743706 50.841772)
https://www.openstreetmap.org/node/10931756774,,,,,,,2023-05-27T15:57:45,POINT(6.790517 51.435881)
https://www.openstreetmap.org/node/10931762495,,,,,,2025-12-11,2025-12-11T12:42:04,POINT(6.786872 51.440492)
https://www.openstreetmap.org/node/10931993790,,,,,,,2023-05-27T19:33:28,POINT(11.286867 47.918265)
https://www.openstreetmap.org/node/10932006334,,wooden_cabinet,,,,2026-06-16,2026-06-16T13:04:30,POINT(9.080729 49.985126)
https://www.openstreetmap.org/node/10933401089,Hausacher Bücherhäusle,phone_box,,,24/7,2025-09-10,2025-09-10T12:47:46,POINT(8.172189 48.283740)
https://www.openstreetmap.org/node/10936465953,,wooden_cabinet,,,,,2026-04-17T17:29:45,POINT(6.997850 49.343240)
https://www.openstreetmap.org/node/10936634102,Bücherregal,,,,,,2024-11-15T00:16:15,POINT(8.928060 48.846908)
https://www.openstreetmap.org/node/10936652367,Blankenseer Bücherzelle,,,,,2025-12-06,2026-03-20T12:04:52,POINT(13.126488 52.240054)
https://www.openstreetmap.org/node/10936667276,Tauschbörse Stangenhagen,,,,,,2023-05-29T10:54:45,POINT(13.098782 52.210166)
https://www.openstreetmap.org/node/10938037799,,,,,24/7,,2023-05-29T20:53:55,POINT(9.969823 54.315017)
https://www.openstreetmap.org/node/10939196090,,,,,,,2023-05-30T08:10:29,POINT(9.622918 51.882621)
https://www.openstreetmap.org/node/10940227624,Bücherbox,shelf,,,,,2023-05-30T16:17:10,POINT(9.029858 52.352888)
https://www.openstreetmap.org/node/10941762690,Waglers Büchertausch,,,,,,2023-05-31T10:00:16,POINT(13.066194 51.127590)
https://www.openstreetmap.org/node/10942229081,,metal_cabinet,,,,,2023-05-31T14:28:44,POINT(7.560449 49.792803)
https://www.openstreetmap.org/node/10942581619,,,,,,2026-05-03,2026-05-03T10:11:43,POINT(9.456469 51.631689)
https://www.openstreetmap.org/node/10944469570,Bücherbox,phone_box,,,,,2024-05-27T02:46:51,POINT(13.845354 52.507607)
https://www.openstreetmap.org/node/10945808649,,wooden_cabinet,,,,,2023-06-02T08:55:37,POINT(6.788986 49.793946)
https://www.openstreetmap.org/node/10945823626,,wooden_cabinet,,,,,2023-06-02T08:58:47,POINT(6.638401 49.934686)
https://www.openstreetmap.org/node/10945832853,,wooden_cabinet,,,,,2023-06-02T09:17:42,POINT(6.862466 51.424491)
https://www.openstreetmap.org/node/10945844152,,wooden_cabinet,,,,,2023-06-02T09:22:06,POINT(6.765161 50.556086)
https://www.openstreetmap.org/node/10945851541,,glass_cabinet,,,,,2025-04-03T19:52:07,POINT(11.576898 48.119440)
https://www.openstreetmap.org/node/1094789080,Offenes Bücherregal,wooden_cabinet,,,24/7,2024-11-26,2026-06-10T16:03:48,POINT(8.650903 49.858098)
https://www.openstreetmap.org/node/10948627365,Kiebitzer BücherBasar,wooden_cabinet,KG Kiebitz e.V.,,,,2023-06-03T09:50:30,POINT(6.859712 50.624327)
https://www.openstreetmap.org/node/10949355051,,wooden_cabinet,,,24/7,2025-06-22,2025-08-31T20:32:17,POINT(9.297056 48.387153)
https://www.openstreetmap.org/node/10951069605,,wooden_cabinet,,,24/7,,2025-03-16T15:18:34,POINT(13.766332 51.012403)
https://www.openstreetmap.org/node/10951497851,Projekthaus Potsdam,,,,,2025-11-03,2025-11-03T07:59:24,POINT(13.120030 52.394958)
https://www.openstreetmap.org/node/10951623355,,phone_box,,,,,2024-06-24T00:47:17,POINT(14.196695 51.233668)
https://www.openstreetmap.org/node/10951836881,,,,,,,2023-12-06T08:20:53,POINT(8.349106 51.907651)
https://www.openstreetmap.org/node/10955705426,,phone_box,,,,,2023-08-19T21:08:15,POINT(9.795431 54.213668)
https://www.openstreetmap.org/node/10956920780,Öffentlicher Bücherschrank,metal_cabinet,Stadt Frankfurt,,,,2024-01-18T13:56:22,POINT(8.662527 50.162519)
https://www.openstreetmap.org/node/10956966206,,wooden_cabinet,,,,,2025-03-19T14:45:51,POINT(9.471623 48.550311)
https://www.openstreetmap.org/node/10957059638,,phone_box,,,,2025-08-27,2025-08-27T07:56:34,POINT(11.496721 48.097007)
https://www.openstreetmap.org/node/10957784796,,,,,24/7,,2023-06-07T18:19:01,POINT(7.057888 50.591701)
https://www.openstreetmap.org/node/10957871996,,,,,,2026-05-05,2026-05-05T14:57:48,POINT(7.010702 50.593525)
https://www.openstreetmap.org/node/10960219279,,,,,,,2025-04-15T10:04:30,POINT(6.950093 50.929418)
https://www.openstreetmap.org/node/10960276478,,,,,,,2023-06-06T19:54:29,POINT(13.219810 52.338740)
https://www.openstreetmap.org/node/10961302343,,,,,,,2023-06-07T10:08:16,POINT(9.389302 52.654791)
https://www.openstreetmap.org/node/10961343167,,,,,,,2023-06-07T11:03:57,POINT(11.321057 50.232088)
https://www.openstreetmap.org/node/10961719517,,wooden_cabinet,,,,,2024-05-26T23:12:30,POINT(7.213171 52.144311)
https://www.openstreetmap.org/node/10962979607,,phone_box,,,24/7,2025-06-08,2025-06-25T22:39:36,POINT(9.860476 51.343785)
https://www.openstreetmap.org/node/10963309516,,wooden_cabinet,,,,2025-07-22,2025-07-22T20:38:38,POINT(7.163667 49.183342)
https://www.openstreetmap.org/node/10964003884,,wooden_cabinet,,,,,2024-11-29T21:18:16,POINT(8.841208 49.391768)
https://www.openstreetmap.org/node/10964037957,Bookcase Am Schanzel,old_fridge,private,,,,2024-07-27T07:25:24,POINT(8.845065 49.391735)
https://www.openstreetmap.org/node/10964932881,BücherTausch,phone_box,,,,,2024-06-03T22:45:17,POINT(8.642013 52.926602)
https://www.openstreetmap.org/node/10965246682,,shelf,,,,,2026-07-02T14:34:54,POINT(9.657757 47.556969)
https://www.openstreetmap.org/node/10967733167,,,,,,,2023-06-10T12:51:35,POINT(13.235106 51.691170)
https://www.openstreetmap.org/node/10969101194,,,,,,,2023-06-11T12:58:18,POINT(10.585502 52.508774)
https://www.openstreetmap.org/node/10969276686,,phone_box,,,,,2024-06-03T23:05:22,POINT(9.962741 52.810161)
https://www.openstreetmap.org/node/10969899259,,wooden_cabinet,,,,,2023-06-11T22:44:05,POINT(9.461839 53.949580)
https://www.openstreetmap.org/node/10970096655,Bücherbox,,,,,,2023-06-12T03:12:32,POINT(13.872279 52.570144)
https://www.openstreetmap.org/node/10971305999,,wooden_cabinet,,,,,2023-06-12T20:23:11,POINT(8.997254 52.396090)
https://www.openstreetmap.org/node/10975137210,,,,,,2026-03-22,2026-03-22T14:14:13,POINT(9.071681 50.086696)
https://www.openstreetmap.org/node/10975227759,Bücherzelle,,,,,,2023-06-13T21:34:04,POINT(8.542578 49.187889)
https://www.openstreetmap.org/node/10975262351,,,,,,2026-07-19,2026-07-19T13:55:41,POINT(8.285996 49.476968)
https://www.openstreetmap.org/node/10977113727,,,,,,,2023-06-14T15:23:23,POINT(7.172978 52.301313)
https://www.openstreetmap.org/node/10981173495,,phone_box,Stadtbibliothek Alzenau,,24/7,,2023-07-03T20:02:32,POINT(9.070405 50.084638)
https://www.openstreetmap.org/node/10982023324,,,,,,,2023-06-17T07:22:40,POINT(8.450606 50.374004)
https://www.openstreetmap.org/node/10982244643,,wooden_cabinet,,,,2025-08-18,2025-08-18T16:38:53,POINT(8.997293 52.315190)
https://www.openstreetmap.org/node/10982670409,,,,,,2026-06-15,2026-06-15T14:00:18,POINT(13.713969 51.849773)
https://www.openstreetmap.org/node/10983033506,Bücherkühlschrank,,,,,,2023-06-17T19:46:02,POINT(6.765355 49.323455)
https://www.openstreetmap.org/node/10984684399,,,,,,2025-11-11,2025-11-12T05:50:54,POINT(9.615193 48.706931)
https://www.openstreetmap.org/node/10984909148,,wooden_cabinet,,,24/7,2025-07-12,2025-08-07T13:47:43,POINT(9.175601 47.759259)
https://www.openstreetmap.org/node/10990130780,,wooden_cabinet,PUK - Der Stadtteiltreff,,,,2023-06-19T19:00:37,POINT(7.019512 51.537272)
https://www.openstreetmap.org/node/10996163346,Bücher,glass_cabinet,,,,,2024-07-04T18:42:33,POINT(13.596826 52.479353)
https://www.openstreetmap.org/node/10997157697,Bücherbox,phone_box,,,,,2023-06-22T11:31:23,POINT(12.127381 50.176793)
https://www.openstreetmap.org/node/11003248265,Bücherschrank,,,,,,2023-06-24T15:09:33,POINT(8.470193 48.667118)
https://www.openstreetmap.org/node/11003260654,Bücherschrank,,,,,,2023-06-24T15:09:33,POINT(8.413267 48.459972)
https://www.openstreetmap.org/node/11005549008,,,tegut,,,,2023-06-25T10:46:39,POINT(9.039019 49.934394)
https://www.openstreetmap.org/node/11005637598,,,,,,2025-07-16,2025-07-16T08:16:30,POINT(9.182010 48.748825)
https://www.openstreetmap.org/node/11006126511,,,,,,2026-05-30,2026-05-31T07:07:35,POINT(9.617200 47.781289)
https://www.openstreetmap.org/node/11009685385,,phone_box,Miteinander Füreinander Harsefeld,https://www.miteinander-fuereinander-harsefeld.de/,24/7,,2026-05-30T19:53:17,POINT(9.503373 53.452961)
https://www.openstreetmap.org/node/11012258047,,,,,,2025-08-17,2025-08-17T16:23:15,POINT(6.812561 50.092942)
https://www.openstreetmap.org/node/11013205953,,,,,,,2023-06-29T00:01:00,POINT(6.755038 49.315493)
https://www.openstreetmap.org/node/11015839815,,,,,24/7,2025-12-22,2025-12-22T14:43:20,POINT(8.251380 48.611638)
https://www.openstreetmap.org/node/11018290926,,,,,24/7,,2023-07-01T17:09:06,POINT(9.038334 48.837300)
https://www.openstreetmap.org/node/11020165991,Bücherei Nohn,building,,,Th 17:00-18:00,,2023-09-10T12:50:40,POINT(6.788961 50.330045)
https://www.openstreetmap.org/node/11020730680,,,,,24/7,,2023-07-02T18:44:44,POINT(8.982856 48.852744)
https://www.openstreetmap.org/node/11021022894,,,,,,,2023-07-02T22:38:05,POINT(8.672773 49.549774)
https://www.openstreetmap.org/node/11025886430,,,,,24/7,2023-07-04,2024-04-30T05:25:12,POINT(7.587903 51.493788)
https://www.openstreetmap.org/node/11027296368,,beach_chair,,,,,2023-07-05T08:00:19,POINT(8.824415 54.153898)
https://www.openstreetmap.org/node/11027302458,,,,,,,2025-04-21T14:27:29,POINT(10.160385 50.875364)
https://www.openstreetmap.org/node/11027662366,,wooden_cabinet,,,,,2025-02-12T21:57:37,POINT(9.828242 53.561434)
https://www.openstreetmap.org/node/11028239750,,,,,,2026-05-01,2026-05-01T19:21:11,POINT(7.367226 53.727464)
https://www.openstreetmap.org/node/11028247385,,,,,,,2024-09-22T10:08:09,POINT(7.367697 53.726219)
https://www.openstreetmap.org/node/11031746744,,,,,,,2023-07-07T05:57:28,POINT(9.477958 54.765375)
https://www.openstreetmap.org/node/11033189005,Bücher-Box,,Gemeinschaft der Priwallbewohner e.V.,https://priwallbewohner.de/,24/7,,2023-10-29T22:15:07,POINT(10.899429 53.954101)
https://www.openstreetmap.org/node/11033189905,Bücherschrank,,Naturfreunde Priwall,,24/7,2025-10-09,2025-10-10T14:30:14,POINT(10.897825 53.953690)
https://www.openstreetmap.org/node/11033956900,,wooden_cabinet,,,,,2023-12-26T10:53:44,POINT(9.105214 48.092443)
https://www.openstreetmap.org/node/11034236391,,,,,,2025-08-19,2025-08-19T07:41:41,POINT(10.672649 48.038628)
https://www.openstreetmap.org/node/11034252765,,metal_cabinet,,,,,2023-07-08T14:41:50,POINT(10.281920 50.017438)
https://www.openstreetmap.org/node/11034252766,,metal_cabinet,,,,,2023-07-08T14:41:50,POINT(10.314605 50.022654)
https://www.openstreetmap.org/node/11035516706,Obinger Bücherbokx,glass_cabinet,,,,,2023-07-09T12:11:32,POINT(12.407092 48.000845)
https://www.openstreetmap.org/node/11035815551,,metal_cabinet,,,,2025-11-26,2025-11-26T07:31:28,POINT(7.012809 51.193764)
https://www.openstreetmap.org/node/11037696596,,wooden_cabinet,,,24/7,,2023-07-10T16:40:29,POINT(8.604039 48.112931)
https://www.openstreetmap.org/node/11038247843,,,,,,,2023-07-10T22:31:23,POINT(11.382978 48.194285)
https://www.openstreetmap.org/node/11040288126,,wooden_cabinet,,,,,2023-07-11T19:41:02,POINT(8.865520 49.918538)
https://www.openstreetmap.org/node/11041798487,,beach_chair,,,,2026-07-14,2026-07-15T00:47:17,POINT(8.849910 54.130477)
https://www.openstreetmap.org/node/11042624970,,wooden_cabinet,,,,,2023-07-12T16:29:29,POINT(10.560592 53.521768)
https://www.openstreetmap.org/node/11042708279,,wooden_cabinet,,,,,2023-07-12T17:07:13,POINT(10.533245 53.525590)
https://www.openstreetmap.org/node/11042843435,Moabiter Bücherbank,,,,,2025-08-29,2025-08-29T14:26:41,POINT(13.338194 52.527651)
https://www.openstreetmap.org/node/11044070553,,,,,,,2023-07-13T13:13:39,POINT(9.449907 51.275066)
https://www.openstreetmap.org/node/11045335280,,,,,,,2024-08-15T05:08:20,POINT(10.479980 52.379957)
https://www.openstreetmap.org/node/11045335644,öffentlicher Bücherschrank,,,,,,2024-05-14T06:21:11,POINT(10.451443 52.379124)
https://www.openstreetmap.org/node/11048637829,,metal_cabinet,,,24/7,,2024-08-02T09:32:49,POINT(8.965946 48.554572)
https://www.openstreetmap.org/node/11049338239,,,,,,,2023-07-16T12:38:48,POINT(10.874942 49.875823)
https://www.openstreetmap.org/node/11050774633,Öffentlicher Bücherschrank für Anwohner,,,,,,2023-07-17T10:22:08,POINT(9.280047 51.047717)
https://www.openstreetmap.org/node/11052605913,,,,,,,2023-07-18T10:28:04,POINT(7.004065 50.877030)
https://www.openstreetmap.org/node/11054780475,Tauschbörse für Leseratten,reading_box,,,24/7,,2023-10-05T17:08:52,POINT(8.764692 50.793562)
https://www.openstreetmap.org/node/11055430234,,,,,,,2023-07-19T18:59:17,POINT(9.312561 47.818818)
https://www.openstreetmap.org/node/11055434093,,,,,,2025-06-06,2025-06-06T11:03:40,POINT(7.224656 51.271888)
https://www.openstreetmap.org/node/11057310275,Heiligengrabe Bücherzelle,phone_box,,,24/7,,2024-06-03T23:16:25,POINT(12.398007 53.075976)
https://www.openstreetmap.org/node/11057575277,,glass_cabinet,Gemeindebücherei Tapfheim,,,,2023-07-20T22:01:02,POINT(10.694329 48.679011)
https://www.openstreetmap.org/node/11059707673,Preußens Mini-Bücherei,metal_cabinet,Familie Preuß,,24/7,,2025-07-04T08:29:50,POINT(11.474451 53.767196)
https://www.openstreetmap.org/node/11059930527,,wooden_cabinet,,,,2025-09-29,2025-09-29T04:32:59,POINT(9.250387 52.564237)
https://www.openstreetmap.org/node/11061461030,,shelf,,,,2025-08-14,2025-08-14T08:31:36,POINT(9.425943 51.308173)
https://www.openstreetmap.org/node/11062785871,,,,,,2026-01-29,2026-01-29T11:47:31,POINT(6.940969 51.365031)
https://www.openstreetmap.org/node/11062961330,,,,,24/7,2025-03-07,2025-03-07T23:55:09,POINT(8.248623 50.066578)
https://www.openstreetmap.org/node/11063032976,,,,,,,2023-07-23T11:41:04,POINT(10.907393 48.307985)
https://www.openstreetmap.org/node/11064231897,,,,,,,2023-07-24T05:22:38,POINT(10.620919 53.838270)
https://www.openstreetmap.org/node/11064299150,,,SoVD,,,,2025-10-23T06:58:48,POINT(10.382665 53.708704)
https://www.openstreetmap.org/node/11064320887,,,,,,,2023-07-24T06:17:06,POINT(10.546900 53.772489)
https://www.openstreetmap.org/node/11066498345,,,,,,,2025-06-09T15:28:40,POINT(8.874016 51.937711)
https://www.openstreetmap.org/node/11067371108,,,,,,,2023-07-25T16:51:51,POINT(6.369783 51.206188)
https://www.openstreetmap.org/node/11067681506,,glass_cabinet,Dorfgemeinschaft Rondorf,,24/7,2026-07-18,2026-07-18T21:25:19,POINT(6.963888 50.876316)
https://www.openstreetmap.org/node/11069271112,,,,,24/7,,2023-07-26T14:10:47,POINT(9.028090 48.846709)
https://www.openstreetmap.org/node/11069914466,,metal_cabinet,Gemeinde Eggenstein-Leopoldshafen (Seniorenbeirat),,,,2025-08-02T10:59:42,POINT(8.387906 49.078350)
https://www.openstreetmap.org/node/11070727145,,wooden_box,Mannheimer Hutte,,,,2025-07-23T15:12:32,POINT(8.844649 49.408413)
https://www.openstreetmap.org/node/11070812185,,shelter,,,,,2023-07-27T09:03:50,POINT(12.034511 51.015088)
https://www.openstreetmap.org/node/11071442513,,,,,,,2025-04-11T22:11:08,POINT(8.655876 51.606052)
https://www.openstreetmap.org/node/11073566932,,wooden_cabinet,,,24/7,2025-06-15,2025-06-15T12:21:20,POINT(7.210581 50.773534)
https://www.openstreetmap.org/node/11073578614,,,,,,2026-03-20,2026-03-20T15:31:14,POINT(10.475802 51.631502)
https://www.openstreetmap.org/node/11073599906,Bücherschrank Sahlenburg,wooden_cabinet,Tourismus- und Interessengemeinschaft Sahlenburg,,24/7,,2025-10-19T10:37:44,POINT(8.605974 53.861444)
https://www.openstreetmap.org/node/11073708363,,,,,,2026-03-24,2026-03-24T20:49:42,POINT(9.658622 52.318327)
https://www.openstreetmap.org/node/11074017648,Libro Libre,glass_cabinet,Stadtbau Bamberg,,,2025-10-19,2025-10-19T09:34:43,POINT(10.891428 49.897769)
https://www.openstreetmap.org/node/11074658014,,,,,,,2025-08-04T04:29:00,POINT(9.870893 49.813301)
https://www.openstreetmap.org/node/11075051558,Bücher-TELEFONZELLE,wooden_cabinet,,,,2023-07-29,2023-07-29T13:42:41,POINT(10.490811 51.006557)
https://www.openstreetmap.org/node/11076066773,,phone_box,,,,,2023-07-29T21:13:11,POINT(13.651275 50.914820)
https://www.openstreetmap.org/node/11077232464,Öffentl. Bücher-Schrank,wooden_cabinet,,,,2023-07-30,2023-07-30T16:30:52,POINT(10.256134 50.880475)
https://www.openstreetmap.org/node/11080233114,,shelf,,,,2026-04-06,2026-04-06T12:32:00,POINT(9.143588 49.980052)
https://www.openstreetmap.org/node/11081377270,,glass_cabinet,,,24/7,,2023-08-01T16:07:09,POINT(10.939846 49.628683)
https://www.openstreetmap.org/node/11091009496,Bücherbox,wooden_cabinet,,,,,2023-08-05T09:16:57,POINT(11.757935 52.998857)
https://www.openstreetmap.org/node/11091612815,Merkenbacher Bücherschrank,phone_box,Ortsbeirat Merkenbach,,24/7,,2026-06-06T10:14:11,POINT(8.296754 50.658098)
https://www.openstreetmap.org/node/11092836612,,,,,,,2024-06-23T06:38:20,POINT(11.808065 48.024015)
https://www.openstreetmap.org/node/11093852617,Bücherschrank Mittenaar,glass_cabinet,Gemeinde Mittenaar,https://www.mittenaar.de/leben-wohnen/einrichtungen/buergerstiftung/,24/7,,2025-01-29T09:06:39,POINT(8.382148 50.692047)
https://www.openstreetmap.org/node/11094443480,,building,,,,2026-01-06,2026-01-06T15:19:36,POINT(6.988125 50.934907)
https://www.openstreetmap.org/node/11097262176,,glass_cabinet,Wohnungsgenossenschaft Fürth-Oberasbach eG,,24/7,2026-04-11,2026-04-12T11:00:48,POINT(10.998605 49.480451)
https://www.openstreetmap.org/node/11098134393,,phone_box,Evangelische Kirchengemeinde,,,,2023-08-07T21:30:22,POINT(11.384399 49.919382)
https://www.openstreetmap.org/node/11099418386,,metal_cabinet,,,,,2023-08-08T13:37:10,POINT(11.566441 48.125850)
https://www.openstreetmap.org/node/11101318346,,,,,,2025-08-11,2025-08-11T15:38:13,POINT(6.711531 50.910905)
https://www.openstreetmap.org/node/11107416095,,wooden_cabinet,,,,2025-08-10,2025-08-10T13:27:41,POINT(8.739190 49.794385)
https://www.openstreetmap.org/node/11107511930,Bücherschrank am Generationenpark,,IG Schmidtheim,,24/7,,2026-03-13T13:54:17,POINT(6.554053 50.418523)
https://www.openstreetmap.org/node/11107560866,Bücherbox,,,,,,2023-08-11T12:42:30,POINT(14.287459 53.060145)
https://www.openstreetmap.org/node/11107984824,,,,,,,2023-08-11T16:22:17,POINT(9.430214 49.202667)
https://www.openstreetmap.org/node/11107996212,,,,,,,2023-08-11T16:22:17,POINT(9.269042 48.765988)
https://www.openstreetmap.org/node/11108616661,,wooden_cabinet,,,,,2023-08-11T21:42:46,POINT(8.512954 52.012804)
https://www.openstreetmap.org/node/11109597820,,,,,24/7,,2023-08-12T12:58:57,POINT(11.695126 48.764732)
https://www.openstreetmap.org/node/11110199999,Bücherfenster,,,,,,2024-07-26T01:16:00,POINT(12.240320 51.836155)
https://www.openstreetmap.org/node/11114976453,,,,,,,2023-08-14T20:27:50,POINT(12.116021 51.358505)
https://www.openstreetmap.org/node/11117180604,,,,,,,2023-08-15T16:59:44,POINT(11.382580 48.199856)
https://www.openstreetmap.org/node/11118590719,Bücherhäusle,,Ortsverwaltung Unterweiler,,,,2024-07-08T20:55:47,POINT(9.966525 48.329869)
https://www.openstreetmap.org/node/11118829742,,,,,,,2025-09-29T18:32:38,POINT(13.307965 53.033339)
https://www.openstreetmap.org/node/11128255546,,reading_box,,,24/7,,2023-08-19T15:28:57,POINT(8.135702 52.658059)
https://www.openstreetmap.org/node/11129841007,Bücherzelle,phone_box,Dorfgemeinschaft Lobmachtersen e.V.,,,,2024-06-16T19:17:34,POINT(10.423826 52.101586)
https://www.openstreetmap.org/node/11131430582,Bücherbox,phone_box,,,,,2024-05-27T02:27:08,POINT(12.391740 51.714042)
https://www.openstreetmap.org/node/11132138487,,,,,,,2023-08-20T14:42:36,POINT(8.689334 50.811213)
https://www.openstreetmap.org/node/11134401839,,,,,,,2023-08-21T15:33:34,POINT(9.614257 52.354517)
https://www.openstreetmap.org/node/11138735582,Bücherschrank Kaßberg,,,,,2026-06-14,2026-06-14T17:34:52,POINT(12.900299 50.831801)
https://www.openstreetmap.org/node/11138764383,Bücherhäusl,,,,,,2023-08-23T12:00:41,POINT(13.332674 50.904097)
https://www.openstreetmap.org/node/11139747207,,phone_box,,,,,2023-08-23T19:13:21,POINT(8.417674 49.327508)
https://www.openstreetmap.org/node/11140503733,,phone_box,,,,2025-10-15,2025-10-15T10:37:00,POINT(10.885787 48.270805)
https://www.openstreetmap.org/node/11142264406,Verschenke-Ecke,,,,,,2025-04-26T15:38:54,POINT(11.025407 49.583846)
https://www.openstreetmap.org/node/11144504488,,,,,,,2023-08-25T18:27:33,POINT(6.619059 50.555899)
https://www.openstreetmap.org/node/11145566305,,,,,,,2025-05-06T18:02:28,POINT(8.685904 49.427633)
https://www.openstreetmap.org/node/11146373063,,,,,,2025-09-05,2025-09-05T19:37:47,POINT(8.614281 50.035343)
https://www.openstreetmap.org/node/11147906231,,wooden_cabinet,,,24/7,,2023-08-27T09:38:08,POINT(10.512513 50.983530)
https://www.openstreetmap.org/node/11148156083,Forster Bücher Haisel,,,,,,2024-04-09T15:55:42,POINT(8.191353 49.425377)
https://www.openstreetmap.org/node/11150081476,,,,,limit,2026-04-11,2026-04-12T09:00:25,POINT(8.583515 49.595149)
https://www.openstreetmap.org/node/11150464058,,shelf,,,,2026-07-27,2026-07-27T06:55:54,POINT(8.161735 49.340213)
https://www.openstreetmap.org/node/11150526149,,phone_box,,,,,2023-08-28T13:59:21,POINT(9.011395 50.048002)
https://www.openstreetmap.org/node/11150557333,,,,,,2023-08-28,2023-08-28T14:26:06,POINT(10.703119 53.881290)
https://www.openstreetmap.org/node/11154491017,,phone_box,,,,,2025-08-24T16:16:37,POINT(8.344511 49.963272)
https://www.openstreetmap.org/node/11158839438,Bücherzelle,phone_box,,,,,2024-05-31T00:59:13,POINT(8.666413 49.912547)
https://www.openstreetmap.org/node/11162724422,Düt & Dat,,,,,,2025-04-21T02:36:27,POINT(9.142858 54.079906)
https://www.openstreetmap.org/node/11162983305,,,Gemeinde Neulußheim,,24/7,,2023-09-02T14:18:11,POINT(8.523629 49.293749)
https://www.openstreetmap.org/node/11163020983,,,,,24/7,,2023-09-02T14:36:41,POINT(9.705901 54.671626)
https://www.openstreetmap.org/node/11163638761,,,,,,,2023-09-02T21:04:16,POINT(8.896290 50.457750)
https://www.openstreetmap.org/node/11164796738,,wooden_cabinet,,,,,2023-09-03T13:35:20,POINT(9.495178 51.263623)
https://www.openstreetmap.org/node/11164823014,,phone_box,,,,2025-12-25,2025-12-25T19:23:22,POINT(9.756073 50.002891)
https://www.openstreetmap.org/node/11165989971,,wooden_cabinet,,,24/7,,2023-09-04T00:26:33,POINT(10.047840 54.339863)
https://www.openstreetmap.org/node/11169497847,Öffentlicher Bücherschrank,,,,,,2023-09-05T12:20:08,POINT(13.356217 50.891974)
https://www.openstreetmap.org/node/11170359330,,,,,,,2023-09-05T19:58:36,POINT(7.807855 48.314928)
https://www.openstreetmap.org/node/11170529912,,wooden_cabinet,,,,,2023-09-05T20:41:21,POINT(8.216181 52.899606)
https://www.openstreetmap.org/node/11171595569,,wooden_cabinet,,,,,2023-09-06T10:54:19,POINT(14.725528 50.955257)
https://www.openstreetmap.org/node/11171784420,,,,,24/7,2025-10-12,2025-10-12T11:41:02,POINT(8.092476 50.021281)
https://www.openstreetmap.org/node/11172581490,,shelf,,,,2025-09-13,2025-09-13T16:58:33,POINT(11.618955 52.128853)
https://www.openstreetmap.org/node/11173721437,,phone_box,,,,,2023-09-07T09:04:58,POINT(11.817452 52.056132)
https://www.openstreetmap.org/node/11175998457,,shelf,,,"Fr, Sa 9:00-dusk",,2026-02-15T12:58:45,POINT(8.628032 51.714062)
https://www.openstreetmap.org/node/11176829355,,metal_cabinet,,,,,2023-09-08T14:32:05,POINT(7.930944 52.393893)
https://www.openstreetmap.org/node/11177209028,Bücherboard inm Wartehäuschen,wooden_cabinet,Gemeindeverwaltung,,,2023-09-08,2023-09-08T16:47:37,POINT(10.156557 50.929000)
https://www.openstreetmap.org/node/11177449556,,metal_cabinet,,,,,2023-09-08T19:02:07,POINT(9.287656 49.678986)
https://www.openstreetmap.org/node/11178943666,,glass_cabinet,,,24/7,,2023-09-09T15:47:30,POINT(7.913789 51.553303)
https://www.openstreetmap.org/node/11181019105,Bücherschrank,shelf,Bürgerverein Schönberg E.v,,24/7,,2024-07-18T08:11:04,POINT(9.197180 48.729918)
https://www.openstreetmap.org/node/11181086974,,glass_cabinet,Stadt Goch,,,,2023-09-10T13:27:46,POINT(6.072993 51.708857)
https://www.openstreetmap.org/node/11182539237,,metal_cabinet,,,24/7,,2023-10-12T09:17:03,POINT(7.127301 50.989516)
https://www.openstreetmap.org/node/11182804891,,,,,,,2023-09-11T09:15:17,POINT(12.949966 53.321109)
https://www.openstreetmap.org/node/11183947079,Bücherzelle  Holzstraße,phone_box,WoBau,,,,2024-08-13T08:56:19,POINT(11.859495 52.275844)
https://www.openstreetmap.org/node/11186053037,Bücherbox,,,,,2026-06-06,2026-06-06T20:29:33,POINT(12.270535 53.654555)
https://www.openstreetmap.org/node/11187135308,,,,,,,2023-09-13T05:14:26,POINT(10.756165 53.779360)
https://www.openstreetmap.org/node/11190188955,miniBIBO,,Gemeindeverein Pölchow e.V.,,,,2023-09-14T10:01:42,POINT(12.094953 54.001439)
https://www.openstreetmap.org/node/11190635291,,wooden_cabinet,,,,,2023-09-14T13:33:30,POINT(8.931555 49.644964)
https://www.openstreetmap.org/node/11190645878,,wooden_cabinet,,,,,2023-09-14T13:42:14,POINT(8.668885 49.970106)
https://www.openstreetmap.org/node/11190652784,Bücherschrank,phone_box,Stadt Reinheim,,,2025-09-20,2025-09-20T14:50:41,POINT(8.799023 49.843600)
https://www.openstreetmap.org/node/11190655279,Bücherzelle,phone_box,Freundeskreis zur Förderung der ev. Kirchengemeinde Langen Bezirk Martin-Luther e.V.,,,,2023-10-07T17:43:30,POINT(8.648601 49.990726)
https://www.openstreetmap.org/node/11190660788,Lese-Ecke,metal_cabinet,,,,2026-01-16,2026-01-16T18:40:57,POINT(8.651959 49.978540)
https://www.openstreetmap.org/node/11191609407,,metal_cabinet,,,24/7,2025-10-09,2025-10-09T19:44:59,POINT(8.008656 50.371056)
https://www.openstreetmap.org/node/11196504371,Bücherregal Frankenplatz,metal_cabinet,,,,2025-09-30,2025-09-30T07:41:41,POINT(6.777216 51.249879)
https://www.openstreetmap.org/node/11197389706,,phone_box,,,,,2023-09-17T09:48:57,POINT(7.229915 50.616722)
https://www.openstreetmap.org/node/11197641366,,wooden_cabinet,,,,2025-09-19,2025-09-19T17:31:02,POINT(13.788543 51.114410)
https://www.openstreetmap.org/node/11197665095,,phone_box,,,,,2023-09-17T13:00:53,POINT(7.229907 50.616717)
https://www.openstreetmap.org/node/11200305107,,wooden_cabinet,,,,,2025-05-12T11:12:39,POINT(8.716764 50.745203)
https://www.openstreetmap.org/node/11202232911,,wooden_cabinet,Rhein-Maas-Berufskolleg,,Mo-Th 07:30-15:15; Fr 07:30-13:00,,2024-01-16T15:56:39,POINT(6.415820 51.371217)
https://www.openstreetmap.org/node/11205126551,,,Hofladen Leyenhof,,Mo-Fr 09:00-19:00; Sa 09:00-15:00,,2023-09-20T13:43:33,POINT(7.121474 50.695397)
https://www.openstreetmap.org/node/11207195197,,,,,,,2023-09-21T08:35:16,POINT(13.765589 48.815185)
https://www.openstreetmap.org/node/11207805631,,,,,,,2023-09-21T14:00:38,POINT(10.831185 52.396154)
https://www.openstreetmap.org/node/11207806237,,,,,,,2023-09-21T13:57:53,POINT(10.782268 52.406049)
https://www.openstreetmap.org/node/11207807847,,,,,,,2023-09-21T14:02:02,POINT(10.854899 52.389063)
https://www.openstreetmap.org/node/11207808410,,,,,,,2023-09-21T14:03:26,POINT(10.775668 52.350974)
https://www.openstreetmap.org/node/11207809082,,cabinet,,,,,2026-04-25T22:00:40,POINT(10.850980 52.458414)
https://www.openstreetmap.org/node/11208424738,,wooden_cabinet,,,,2025-11-04,2025-11-04T11:40:21,POINT(10.529536 52.415473)
https://www.openstreetmap.org/node/11209701027,,phone_box,,,24/7,2023-09-22,2024-06-26T23:43:20,POINT(12.390732 54.347427)
https://www.openstreetmap.org/node/11209722734,,phone_box,,,,,2023-09-22T08:47:58,POINT(11.436862 48.255651)
https://www.openstreetmap.org/node/11209736666,,,,,,,2025-03-22T21:02:42,POINT(13.679009 52.622634)
https://www.openstreetmap.org/node/11210114810,,shelf,,,,2026-01-17,2026-01-17T15:50:16,POINT(7.928296 48.071057)
https://www.openstreetmap.org/node/11210182927,,metal_cabinet,Bürgervereinigung Lochhausen Langwied e.V.,,,,2025-01-28T22:27:17,POINT(11.405169 48.181020)
https://www.openstreetmap.org/node/11210348198,Offenes Bücherregal,wooden_cabinet,Rewe-Geschäftsführung,,,,2025-08-25T14:13:18,POINT(8.696743 50.709267)
https://www.openstreetmap.org/node/11210663668,,,,,,2023-09-22,2023-09-22T17:51:19,POINT(6.930065 50.920276)
https://www.openstreetmap.org/node/11215937449,,,,,,,2024-10-31T20:50:56,POINT(9.098221 47.796194)
https://www.openstreetmap.org/node/11216058337,,metal_cabinet,,,,2024-12-08,2024-12-08T21:14:10,POINT(10.988225 49.474695)
https://www.openstreetmap.org/node/11218053636,,,,,,,2023-09-25T15:09:47,POINT(8.544480 50.111078)
https://www.openstreetmap.org/node/11219607449,,,,,,,2023-09-26T10:16:44,POINT(10.767013 52.475925)
https://www.openstreetmap.org/node/11219622321,,,,,,,2023-09-26T10:18:23,POINT(10.577390 52.435843)
https://www.openstreetmap.org/node/11220222010,Bücher-Tausch-Schrank,wooden_cabinet,,,,2023-09-07,2023-09-26T13:56:01,POINT(10.020844 50.827466)
https://www.openstreetmap.org/node/11223044235,,wooden_cabinet,,,,2026-01-27,2026-01-26T23:08:40,POINT(7.224203 50.799356)
https://www.openstreetmap.org/node/11224542556,,,,,,2025-10-21,2025-10-21T16:58:35,POINT(6.887652 51.091159)
https://www.openstreetmap.org/node/11225071908,,,,,,,2023-09-28T14:27:37,POINT(11.069455 49.434952)
https://www.openstreetmap.org/node/11225476159,Bücherschrank Blankenheim,phone_box,,,,,2025-07-07T12:44:58,POINT(6.650518 50.436739)
https://www.openstreetmap.org/node/11225592157,Schatzkammer,phone_box,Gemeinnütziger Wohnungsverein zu Bochum eG,,24/7,,2024-06-17T23:10:50,POINT(7.264874 51.506121)
https://www.openstreetmap.org/node/11226548103,,,,,,,2023-09-29T09:30:58,POINT(9.116456 50.851240)
https://www.openstreetmap.org/node/11226749004,,,,,,,2023-09-29T11:26:31,POINT(9.154791 49.010987)
https://www.openstreetmap.org/node/11226774076,Bücher Box,phone_box,,,,,2024-05-28T11:39:29,POINT(9.856480 54.170231)
https://www.openstreetmap.org/node/11228730538,,metal_cabinet,,,,,2024-03-30T20:24:11,POINT(8.228529 50.021715)
https://www.openstreetmap.org/node/11228928444,Tauschschrank Orangerie,,,,,,2025-04-26T15:13:05,POINT(8.704707 50.130219)
https://www.openstreetmap.org/node/11231046441,,,,,,2026-03-11,2026-03-11T08:56:24,POINT(10.562711 52.242570)
https://www.openstreetmap.org/node/11231236266,Volkshochschule Moosburg,movable_cabinet,Volkshochschule Moosburg,,,2025-10-06,2025-10-06T17:49:10,POINT(11.935512 48.468255)
https://www.openstreetmap.org/node/11232410681,,shelter,,,Mar-Nov,,2023-10-01T19:00:06,POINT(12.000725 49.548327)
https://www.openstreetmap.org/node/11232410682,,phone_box,,,24/7,,2023-10-01T19:00:06,POINT(11.945218 49.544590)
https://www.openstreetmap.org/node/11233573926,,wooden_cabinet,,,,,2024-10-26T17:15:19,POINT(7.027089 50.745943)
https://www.openstreetmap.org/node/11235195980,,,,,,,2023-10-03T05:53:42,POINT(12.388499 54.157934)
https://www.openstreetmap.org/node/11235825731,,,,,,,2023-10-03T12:52:54,POINT(11.330271 49.198240)
https://www.openstreetmap.org/node/11236459377,,,,,,2023-08-23,2025-07-15T10:26:31,POINT(9.530761 47.628740)
https://www.openstreetmap.org/node/11236598227,,phone_box,,,,,2024-05-27T00:22:58,POINT(8.789130 53.012871)
https://www.openstreetmap.org/node/11236858331,Bücherschrank Monheim,,,https://www.monheim-bayern.de/aktuelles/offizielle_eroeffnung_des_buec-1405/,,,2026-02-01T10:45:17,POINT(10.857076 48.843148)
https://www.openstreetmap.org/node/11237159677,Bücherzelle,,,,,2026-05-23,2026-05-23T13:02:28,POINT(9.219060 49.643887)
https://www.openstreetmap.org/node/11238167873,,,,,,,2023-10-04T12:19:36,POINT(7.780836 51.282510)
https://www.openstreetmap.org/node/11241761102,,wooden_cabinet,Stadt Essen,,24/7,,2023-10-05T16:32:11,POINT(7.099526 51.405538)
https://www.openstreetmap.org/node/11242591014,,phone_box,Seelsorgeeinheit Karlsruhe Südwest,,24/7,,2024-11-15T16:54:44,POINT(8.332023 49.004835)
https://www.openstreetmap.org/node/11244793971,,wooden_cabinet,,,24/7,,2023-10-06T22:45:23,POINT(11.050808 48.384802)
https://www.openstreetmap.org/node/11245601237,,,,,24/7,,2023-10-07T12:23:45,POINT(10.816630 53.206982)
https://www.openstreetmap.org/node/11245608937,,,,,24/7,,2023-10-31T22:50:09,POINT(10.856166 53.201177)
https://www.openstreetmap.org/node/11246671766,,,,,,,2023-10-07T18:23:27,POINT(8.410174 50.927200)
https://www.openstreetmap.org/node/11252279441,,metal_cabinet,,,,,2023-10-10T06:29:32,POINT(10.118404 50.440560)
https://www.openstreetmap.org/node/11252518876,,,,,,,2023-10-10T09:20:07,POINT(9.598562 54.807122)
https://www.openstreetmap.org/node/11253661835,Büchertauschregal,,,,,,2023-10-10T19:31:42,POINT(8.548943 48.693229)
https://www.openstreetmap.org/node/11255057712,,phone_box,,,24/7,,2023-10-11T12:37:24,POINT(13.286865 52.578585)
https://www.openstreetmap.org/node/11255084567,Bücherbox,,Stadt- und Schulbücherei Rüdesheim am Rhein,,,,2023-10-11T13:09:28,POINT(7.935017 49.984621)
https://www.openstreetmap.org/node/11255166197,,,,,,2026-02-27,2026-02-27T08:37:47,POINT(7.399893 50.548841)
https://www.openstreetmap.org/node/11255194969,Offener Bücherschrank,wooden_cabinet,,,,,2023-10-11T14:09:39,POINT(12.309012 51.354140)
https://www.openstreetmap.org/node/11255403611,Buchhaltestelle,metal_cabinet,,,,,2023-10-11T16:33:28,POINT(7.264571 50.802188)
https://www.openstreetmap.org/node/11257039161,,metal_cabinet,Gemeinde Linsengericht,,24/7,,2023-10-12T08:55:07,POINT(9.199854 50.188778)
https://www.openstreetmap.org/node/11257585247,,,,,,2025-12-27,2025-12-27T12:24:02,POINT(7.440377 51.772021)
https://www.openstreetmap.org/node/11260191383,,,,,,,2025-10-26T21:33:28,POINT(6.896923 51.088184)
https://www.openstreetmap.org/node/11262120112,,,,,,2026-07-02,2026-07-02T16:08:39,POINT(7.013813 51.103004)
https://www.openstreetmap.org/node/11262935953,Bücherschrank im Handwerkerhof,wooden_cabinet,,,,,2025-02-28T16:43:07,POINT(10.332481 51.817763)
https://www.openstreetmap.org/node/11263235440,,wooden_cabinet,,,,2025-12-19,2025-12-19T20:15:27,POINT(8.842628 53.088253)
https://www.openstreetmap.org/node/11264862550,,,,,,,2023-10-15T15:39:53,POINT(11.904184 50.361424)
https://www.openstreetmap.org/node/11266110399,,metal_cabinet,,,24/7,,2023-10-16T06:33:29,POINT(6.895290 50.823008)
https://www.openstreetmap.org/node/1126637106,,,africa action,,,2025-02-03,2025-02-03T11:43:17,POINT(8.195345 50.042336)
https://www.openstreetmap.org/node/11269543195,,,,,,,2023-10-17T15:25:16,POINT(10.632073 52.492363)
https://www.openstreetmap.org/node/11269918252,,,,,,,2023-10-17T17:07:45,POINT(11.828578 51.574217)
https://www.openstreetmap.org/node/11276728769,,,,,,,2023-10-20T07:25:22,POINT(7.069528 50.838245)
https://www.openstreetmap.org/node/11281477945,,,,,,,2023-10-22T15:24:49,POINT(11.715522 50.992071)
https://www.openstreetmap.org/node/11281596913,,,,,,,2023-10-22T14:57:44,POINT(8.922502 48.448202)
https://www.openstreetmap.org/node/11282019855,offener Bücherschrank,,Bürgerverein Wendlingen,https://www.buergerverein-wendlingen.de,,,2024-11-15T00:16:15,POINT(9.377961 48.671092)
https://www.openstreetmap.org/node/11282126900,,shelf,,,,,2023-10-22T20:25:16,POINT(7.623593 51.969953)
https://www.openstreetmap.org/node/11286901813,,,,,,,2023-10-24T18:25:29,POINT(9.754653 52.134663)
https://www.openstreetmap.org/node/11287261517,,,Polizeisportverein Karlsruhe e.V.,,,,2024-10-14T08:54:32,POINT(8.431169 48.994073)
https://www.openstreetmap.org/node/11290072175,,,,,,,2024-03-22T21:45:13,POINT(9.940099 51.532782)
https://www.openstreetmap.org/node/11293967607,,,,,,,2023-10-27T19:56:49,POINT(8.601985 49.265102)
https://www.openstreetmap.org/node/11293973059,,,,,24/7,2026-02-14,2026-02-14T13:46:22,POINT(7.278445 51.333939)
https://www.openstreetmap.org/node/11295121179,,,,,,,2023-10-28T09:52:13,POINT(10.307461 53.937413)
https://www.openstreetmap.org/node/11297472180,,wooden_cabinet,,,,2025-12-02,2025-12-02T04:40:01,POINT(12.373950 51.363827)
https://www.openstreetmap.org/node/11297625976,,wooden_cabinet,,,,2026-04-24,2026-04-25T05:44:53,POINT(6.277375 51.141157)
https://www.openstreetmap.org/node/11297916328,,wooden_cabinet,,,24/7,,2024-10-28T20:58:43,POINT(6.301414 51.136738)
https://www.openstreetmap.org/node/11298697556,,shelf,,,,,2023-10-29T20:59:54,POINT(13.575115 51.051556)
https://www.openstreetmap.org/node/11305040140,,,,,,,2023-11-01T17:21:17,POINT(9.595714 48.764063)
https://www.openstreetmap.org/node/11307980932,Offener Bücherschrank Geistingen,metal_cabinet,Förderverein Ortsring Geistingen e.V.,,,2026-04-25,2026-04-25T11:41:02,POINT(7.269154 50.772100)
https://www.openstreetmap.org/node/11309045381,,,,,,,2023-11-03T07:25:44,POINT(10.324961 49.448187)
https://www.openstreetmap.org/node/11310012052,,,,,,,2026-01-14T15:33:04,POINT(9.892950 52.349735)
https://www.openstreetmap.org/node/11327948588,,,,,,,2023-11-05T18:13:53,POINT(10.298351 51.584401)
https://www.openstreetmap.org/node/11328260307,,,,,,2026-04-03,2026-04-03T14:12:10,POINT(11.695461 51.990874)
https://www.openstreetmap.org/node/11328903558,Öffentliches Bücherregal,,Bürgerstiftung-Wiesloch,,,2026-02-19,2026-02-19T21:42:46,POINT(8.698164 49.294554)
https://www.openstreetmap.org/node/11329469230,Bücherschrank Moosach II Borstei,metal_cabinet,Die Linie 1,https://www.dielinie1.de,,,2024-11-15T00:16:15,POINT(11.533101 48.169937)
https://www.openstreetmap.org/node/11329523468,,wooden_cabinet,,,,2026-03-03,2026-03-03T07:29:10,POINT(7.227009 50.749734)
https://www.openstreetmap.org/node/11330524669,Bücherzelle,glass_cabinet,,,,2026-02-19,2026-05-15T21:05:41,POINT(13.482883 52.525480)
https://www.openstreetmap.org/node/11331924535,,phone_box,,,,,2023-11-10T10:51:28,POINT(9.794780 50.970108)
https://www.openstreetmap.org/node/11332471014,,wooden_cabinet,,,24/7,,2023-11-08T07:12:05,POINT(8.705370 49.036208)
https://www.openstreetmap.org/node/11332503779,,wooden_cabinet,,,24/7,,2023-11-08T07:35:01,POINT(8.707350 49.036745)
https://www.openstreetmap.org/node/11338280042,,,,,,,2026-05-25T13:40:34,POINT(9.858546 51.161183)
https://www.openstreetmap.org/node/11338552141,Bucherzelle,phone_box,,,,,2024-05-26T02:04:57,POINT(12.083018 53.441777)
https://www.openstreetmap.org/node/11338876570,,metal_cabinet,,,,2025-12-30,2025-12-31T10:08:32,POINT(8.409246 49.656509)
https://www.openstreetmap.org/node/11339362874,,shelter,,,24/7,,2023-12-19T10:43:10,POINT(7.171709 51.412305)
https://www.openstreetmap.org/node/11341495769,,,,,,2026-03-07,2026-03-07T10:43:51,POINT(7.967942 49.945100)
https://www.openstreetmap.org/node/11341510703,,,,,,,2023-11-11T15:52:17,POINT(9.624825 52.214193)
https://www.openstreetmap.org/node/11343255471,,shelter,,,,,2024-10-28T20:58:43,POINT(6.272354 51.150819)
https://www.openstreetmap.org/node/11343419350,,,,,24/7,2023-11-11,2023-11-12T13:26:05,POINT(7.447279 51.505279)
https://www.openstreetmap.org/node/11344932358,,wooden_cabinet,,,,,2023-11-12T19:39:49,POINT(13.943130 51.006407)
https://www.openstreetmap.org/node/11345799997,,,,,24/7,2023-11-11,2023-11-13T06:40:29,POINT(7.490109 51.499002)
https://www.openstreetmap.org/node/11348793309,,phone_box,,,,,2024-06-16T18:57:20,POINT(11.908695 52.267886)
https://www.openstreetmap.org/node/11352190230,Öffentlicher Bücherschrank,,,,,,2023-11-15T19:22:15,POINT(7.000946 51.761410)
https://www.openstreetmap.org/node/11352206254,Öffentlicher Bücherschrank,,,,,,2023-11-15T19:30:53,POINT(6.981044 51.655211)
https://www.openstreetmap.org/node/11355497046,,metal_cabinet,Markt Metten,,,2026-03-22,2026-03-22T12:19:34,POINT(12.916387 48.855565)
https://www.openstreetmap.org/node/11357078370,,,,,,2026-03-13,2026-03-13T16:23:26,POINT(13.011146 49.106991)
https://www.openstreetmap.org/node/11359902208,,phone_box,,,,,2023-11-18T11:53:06,POINT(10.340407 51.654619)
https://www.openstreetmap.org/node/11360417116,,reading_box,,,,,2024-05-27T02:55:41,POINT(8.813344 53.093418)
https://www.openstreetmap.org/node/11360589652,,,,,,,2023-11-18T19:53:38,POINT(6.974900 51.085443)
https://www.openstreetmap.org/node/11361527694,,metal_cabinet,,,,,2026-05-11T12:28:51,POINT(7.234118 52.092943)
https://www.openstreetmap.org/node/11366156464,,,,,,2026-07-12,2026-07-12T08:21:08,POINT(7.309277 51.490884)
https://www.openstreetmap.org/node/11366750172,,wooden_cabinet,,,,2026-02-10,2026-02-10T12:41:51,POINT(10.996399 49.462251)
https://www.openstreetmap.org/node/11368111147,,wooden_cabinet,,,,,2023-11-22T08:33:38,POINT(6.952712 51.367557)
https://www.openstreetmap.org/node/11369491563,,glass_cabinet,,,,,2026-07-13T01:49:25,POINT(7.010327 49.244987)
https://www.openstreetmap.org/node/11371077394,Bücherschrank Ummersche Heerstraße,,,,,,2023-11-23T12:49:07,POINT(10.533800 52.515650)
https://www.openstreetmap.org/node/11373229538,,,,,,,2023-11-24T12:24:08,POINT(11.583490 48.104939)
https://www.openstreetmap.org/node/11379444356,,phone_box,,,24/7,,2023-11-27T12:23:36,POINT(8.940458 48.658714)
https://www.openstreetmap.org/node/11379622453,,glass_cabinet,,,,,2023-11-27T13:59:00,POINT(8.747419 51.702672)
https://www.openstreetmap.org/node/11380269221,,reading_box,,,,2025-11-30,2025-12-01T15:18:23,POINT(10.333964 47.710860)
https://www.openstreetmap.org/node/11380797868,,metal_cabinet,Bürgerstiftung Bonn,,,,2023-11-28T06:07:06,POINT(7.149452 50.742771)
https://www.openstreetmap.org/node/11381663637,Öffentlicher Bücherschrank,,,,,,2023-11-28T15:02:04,POINT(10.540750 52.303137)
https://www.openstreetmap.org/node/11383605126,,,,,,,2023-11-29T12:59:30,POINT(11.041923 49.470776)
https://www.openstreetmap.org/node/11384211905,,,,,,,2023-11-29T18:00:50,POINT(10.588249 49.988558)
https://www.openstreetmap.org/node/11390034916,Bücherbox,metal_cabinet,,,,,2023-12-02T16:17:49,POINT(8.131458 49.135593)
https://www.openstreetmap.org/node/11392173319,,,,,,,2023-12-03T16:16:25,POINT(9.970089 49.927413)
https://www.openstreetmap.org/node/11395125211,,shelf,,,Mo-Sa 07:00-22:00,,2024-10-02T08:50:37,POINT(8.886719 52.292189)
https://www.openstreetmap.org/node/11395797707,Bucherschrank Kreuzau,metal_cabinet,,,,,2023-12-05T10:26:51,POINT(6.489102 50.746560)
https://www.openstreetmap.org/node/11396557242,,glass_cabinet,,,,,2023-12-05T18:01:46,POINT(8.537321 52.288642)
https://www.openstreetmap.org/node/11397678673,,,ZeitGeist - Braunsfeld e.V.,https://www.zeitgeist-braunsfeld.de,,2023-12-06,2024-06-02T17:30:05,POINT(6.893938 50.937947)
https://www.openstreetmap.org/node/11397754012,,metal_cabinet,,,,,2023-12-06T12:19:14,POINT(10.462729 49.665416)
https://www.openstreetmap.org/node/11397787180,Offener Bücherschrank Luitpoldbau,wooden_cabinet,Stadt Kitzingen,,,,2023-12-06T12:24:21,POINT(10.163019 49.735133)
https://www.openstreetmap.org/node/11399474882,,,,,,2026-02-25,2026-02-25T06:11:16,POINT(8.285969 50.083635)
https://www.openstreetmap.org/node/11403632062,Tauschbücherei,phone_box,,,24/7,,2023-12-08T18:06:40,POINT(9.504907 53.277639)
https://www.openstreetmap.org/node/11405233247,,,,,,,2023-12-09T12:12:15,POINT(9.064399 48.429713)
https://www.openstreetmap.org/node/11406973544,,,,,,,2023-12-10T08:03:48,POINT(9.182936 50.263112)
https://www.openstreetmap.org/node/11407367715,,,,,,,2023-12-10T13:19:05,POINT(9.365363 48.810635)
https://www.openstreetmap.org/node/11409326429,,,,,24/7,,2023-12-11T10:13:48,POINT(7.494164 51.486006)
https://www.openstreetmap.org/node/11412033029,Bücherzelle,phone_box,,,,,2024-06-02T23:18:06,POINT(8.658749 49.733039)
https://www.openstreetmap.org/node/11416841894,,,,,,,2025-01-28T18:32:10,POINT(7.014402 50.966085)
https://www.openstreetmap.org/node/11417115498,,phone_box,,,,,2025-06-09T03:14:35,POINT(10.445380 51.325482)
https://www.openstreetmap.org/node/11419966001,,phone_box,WoBau,,,,2024-06-16T19:09:19,POINT(11.836929 52.274701)
https://www.openstreetmap.org/node/11425516824,,,,,,,2023-12-17T12:35:41,POINT(6.743535 50.836198)
https://www.openstreetmap.org/node/11428590128,,shelf,,,24/7,,2023-12-18T10:11:57,POINT(12.416505 48.255443)
https://www.openstreetmap.org/node/11443585906,,,,,,,2025-04-19T17:43:02,POINT(9.980827 53.460252)
https://www.openstreetmap.org/node/11449816714,,glass_cabinet,,,,,2023-12-24T17:30:59,POINT(8.495660 48.486682)
https://www.openstreetmap.org/node/11455140459,,,,,,2025-12-26,2025-12-26T13:34:34,POINT(8.818349 53.098123)
https://www.openstreetmap.org/node/11455373761,,wooden_cabinet,Sozialwerk Aachener Christen,,,,2025-03-27T10:59:31,POINT(6.081096 50.771477)
https://www.openstreetmap.org/node/11457522246,,,,,,,2023-12-26T20:57:32,POINT(12.001905 51.588551)
https://www.openstreetmap.org/node/11457645612,,,,,,,2024-11-27T12:01:03,POINT(9.464488 48.813643)
https://www.openstreetmap.org/node/11460199239,,phone_box,,,,,2024-06-14T03:08:06,POINT(7.780271 52.023351)
https://www.openstreetmap.org/node/11463118538,,glass_cabinet,,,,2025-12-31,2025-12-31T13:46:36,POINT(8.470547 50.040126)
https://www.openstreetmap.org/node/11463169728,,phone_box,,,,,2023-12-28T16:27:30,POINT(8.489086 50.126358)
https://www.openstreetmap.org/node/11464310332,Schmökerzelle,phone_box,Kultur- und Heimatverein Damsdorf e.V.,,,2026-06-08,2026-06-08T17:26:42,POINT(12.757047 52.362171)
https://www.openstreetmap.org/node/11468963759,,phone_box,,,,2026-05-25,2026-05-25T16:40:07,POINT(14.519610 52.328986)
https://www.openstreetmap.org/node/11468963760,,phone_box,,,,2026-05-25,2026-05-25T16:40:08,POINT(14.519607 52.328966)
https://www.openstreetmap.org/node/11476080307,,,,,,,2025-05-13T14:07:29,POINT(8.835279 48.789489)
https://www.openstreetmap.org/node/11476151370,,,,,,,2024-01-01T13:16:53,POINT(8.300039 52.102434)
https://www.openstreetmap.org/node/11477041673,,,,,,,2024-01-01T21:43:03,POINT(9.037287 47.800699)
https://www.openstreetmap.org/node/11479276413,,,,,,,2024-01-02T16:29:45,POINT(9.659957 52.903916)
https://www.openstreetmap.org/node/11482304408,Bücherregal Café Jam,,,,,2026-07-01,2026-07-01T16:09:03,POINT(9.993167 48.399143)
https://www.openstreetmap.org/node/11486427926,Neusässer Bücherschrank,,Stadt Neusäß,,,,2024-01-04T11:52:47,POINT(10.837909 48.391626)
https://www.openstreetmap.org/node/11489104875,,,,,,,2024-01-04T22:18:36,POINT(9.124435 48.748811)
https://www.openstreetmap.org/node/11491041165,Telefonzelle - Bücherschrank,phone_box,,,,,2024-06-03T22:15:17,POINT(9.292199 49.000101)
https://www.openstreetmap.org/node/11494260133,,bücherschrank,,,,,2024-01-06T11:54:12,POINT(10.680512 48.563007)
https://www.openstreetmap.org/node/11496545127,,reading_box,,,,2026-05-26,2026-05-26T17:51:49,POINT(9.176178 47.713006)
https://www.openstreetmap.org/node/11496576584,,reading_box,,,,,2024-01-07T07:03:49,POINT(9.102371 47.711833)
https://www.openstreetmap.org/node/11497011031,,,,,,2025-08-01,2025-08-01T11:59:09,POINT(7.182997 51.246326)
https://www.openstreetmap.org/node/11497819971,Bücherschrank Bismarckplatz,phone_box,,,,2026-07-18,2026-07-18T12:26:44,POINT(6.708156 51.450123)
https://www.openstreetmap.org/node/11499512375,,,,,,,2024-01-08T08:26:14,POINT(8.534520 49.395302)
https://www.openstreetmap.org/node/11509672246,Bücherbox,phone_box,Diakoniewerkstätten Neubrandenburg gemeinnützige GmbH,,24/7,,2024-01-11T22:51:35,POINT(13.260540 53.531487)
https://www.openstreetmap.org/node/11513751969,,metal_cabinet,,,,,2024-01-13T11:26:33,POINT(8.658011 49.343596)
https://www.openstreetmap.org/node/11513974800,,,,,,,2024-01-13T14:02:46,POINT(11.735976 47.705934)
https://www.openstreetmap.org/node/11516133241,BIZ Abholstation,metal_cabinet,BIZ,,,,2024-01-14T13:05:14,POINT(10.505640 50.032326)
https://www.openstreetmap.org/node/11516576082,Bücherschrank Dürrenzimmern,wooden_cabinet,,,24/7,,2024-01-14T16:07:26,POINT(9.079206 49.089983)
https://www.openstreetmap.org/node/11516633325,,,,,,,2024-01-14T17:19:15,POINT(13.552383 52.054972)
https://www.openstreetmap.org/node/11517002077,,,,,,,2024-01-14T18:43:18,POINT(11.123176 50.328673)
https://www.openstreetmap.org/node/11518831633,,,,,,,2024-01-15T11:43:16,POINT(8.934580 48.302043)
https://www.openstreetmap.org/node/11519370543,Würschnitzer Bücherhäusl,phone_box,,,24/7,,2024-04-12T09:13:14,POINT(12.221620 50.374665)
https://www.openstreetmap.org/node/11521768685,,,,,,,2024-01-16T11:52:41,POINT(6.397334 50.521189)
https://www.openstreetmap.org/node/11523693694,"""Bücherbox""",phone_box,Stadtwerke Schwarzenberg,,,,2026-05-29T19:20:03,POINT(12.787523 50.546961)
https://www.openstreetmap.org/node/11526389893,,,,,,,2024-01-17T21:38:36,POINT(9.975756 52.281779)
https://www.openstreetmap.org/node/11527180316,,movable_cabinet,,,24/7,2026-02-20,2026-02-20T19:30:07,POINT(7.785519 51.472209)
https://www.openstreetmap.org/node/11529415047,Bücherregal Kirchhausen,,,,,,2024-01-19T01:22:39,POINT(9.109993 49.184329)
https://www.openstreetmap.org/node/11533727100,,metal_cabinet,Hangelarer Bürgerverein e.V.,https://www.hangelar.org/,,2026-03-04,2026-03-04T20:34:31,POINT(7.170684 50.760049)
https://www.openstreetmap.org/node/11534918307,,,,,,,2024-03-18T18:50:56,POINT(8.796607 49.484220)
https://www.openstreetmap.org/node/11537679616,,metal_cabinet,Nachbarschaftstreff Theresia,,,2026-02-07,2026-06-23T20:12:52,POINT(11.541185 48.125144)
https://www.openstreetmap.org/node/11544272842,,,,,,,2024-01-23T21:14:43,POINT(13.524807 52.992754)
https://www.openstreetmap.org/node/11554272485,,,,,,,2024-01-26T15:41:15,POINT(7.117154 49.149582)
https://www.openstreetmap.org/node/11554362573,,,,,,,2024-01-26T16:17:23,POINT(9.363846 50.112726)
https://www.openstreetmap.org/node/11556502670,,,,,24/7,,2024-01-27T12:56:14,POINT(8.199748 50.220488)
https://www.openstreetmap.org/node/11557729019,,phone_box,,,,,2024-01-27T19:47:50,POINT(10.856906 48.237882)
https://www.openstreetmap.org/node/11559280831,,,,,,,2024-01-28T09:24:16,POINT(9.820891 49.904736)
https://www.openstreetmap.org/node/11559496350,,phone_box,,,,2026-04-13,2026-04-13T04:28:07,POINT(9.888425 49.826233)
https://www.openstreetmap.org/node/11559663503,,metal_cabinet,,,24/7,2025-10-21,2025-10-21T04:34:58,POINT(6.291944 51.738585)
https://www.openstreetmap.org/node/11560020362,,metal_cabinet,,,24/7,,2024-01-28T16:43:58,POINT(6.316609 51.786903)
https://www.openstreetmap.org/node/11560029150,,shelf,,,,,2024-01-28T16:39:26,POINT(11.052190 49.323651)
https://www.openstreetmap.org/node/11561265662,,,,,24/7,2024-01-28,2024-01-28T22:37:49,POINT(7.472669 51.559966)
https://www.openstreetmap.org/node/11563977405,Treffpunkt Bücherei,metal_cabinet,,,,,2026-06-05T12:53:58,POINT(8.078656 47.641315)
https://www.openstreetmap.org/node/11564314573,,,,,,,2024-01-29T13:47:17,POINT(8.575723 49.384259)
https://www.openstreetmap.org/node/11564670676,,,,,,,2024-01-29T16:10:25,POINT(11.103156 50.962631)
https://www.openstreetmap.org/node/11568980734,Bücherzelle,phone_box,,,,2026-07-13,2026-07-13T19:04:37,POINT(6.460981 51.120945)
https://www.openstreetmap.org/node/11576645217,,,,,,,2024-02-01T14:10:40,POINT(9.844690 49.787163)
https://www.openstreetmap.org/node/11581788879,,,,,,,2024-02-03T13:12:51,POINT(8.777847 48.403765)
https://www.openstreetmap.org/node/11582282182,,,,,,,2024-02-03T17:39:26,POINT(13.763445 51.738173)
https://www.openstreetmap.org/node/11591314967,,,,,,,2024-02-06T10:07:03,POINT(10.186265 47.600328)
https://www.openstreetmap.org/node/11591601982,,,,,,,2026-03-13T06:10:28,POINT(9.715171 52.368830)
https://www.openstreetmap.org/node/11592747706,,shelter,,,,,2024-02-06T20:01:31,POINT(11.222903 49.576825)
https://www.openstreetmap.org/node/11594958481,,,,,,,2024-02-07T14:18:27,POINT(10.706056 47.620956)
https://www.openstreetmap.org/node/11595487698,,metal_cabinet,,,24/7,2026-04-23,2026-04-23T12:47:31,POINT(8.564209 50.100248)
https://www.openstreetmap.org/node/11599258384,,wooden_cabinet,,,24/7,,2024-02-08T20:21:29,POINT(6.920258 51.603867)
https://www.openstreetmap.org/node/11603032095,,,,,,2026-03-15,2026-03-15T15:45:36,POINT(7.088335 50.721367)
https://www.openstreetmap.org/node/11607873826,,,,,,,2024-02-10T14:21:35,POINT(6.693049 50.869659)
https://www.openstreetmap.org/node/11608754118,,wooden_cabinet,,,,2026-06-21,2026-06-21T20:53:39,POINT(10.587769 52.379932)
https://www.openstreetmap.org/node/11610189949,,phone_box,,,,,2024-11-02T20:31:10,POINT(8.263277 50.483349)
https://www.openstreetmap.org/node/11612709487,,,,,,,2024-02-12T06:05:10,POINT(6.146136 51.096426)
https://www.openstreetmap.org/node/11612747263,,,,,,,2024-11-15T00:16:15,POINT(9.301419 48.713533)
https://www.openstreetmap.org/node/11618323175,Bücherschrank Bettmar,,,,,,2024-02-13T10:56:44,POINT(10.330089 52.258227)
https://www.openstreetmap.org/node/11618697021,,,,,,,2024-02-13T14:21:33,POINT(8.385582 48.225803)
https://www.openstreetmap.org/node/11625149034,,,,,,,2024-02-15T01:57:16,POINT(7.498263 51.481756)
https://www.openstreetmap.org/node/11627792238,,metal_cabinet,,,,,2024-04-29T18:23:04,POINT(9.217341 49.145211)
https://www.openstreetmap.org/node/11637174626,Bücherregal BUND Braunschweig,,BUND Landesverband Niedersachsen,,,,2024-06-04T19:28:28,POINT(10.542855 52.273671)
https://www.openstreetmap.org/node/11637204714,Bücherregal Karl-Marx-Straße 4,shelf,,,,,2025-03-17T10:23:08,POINT(10.547304 52.264785)
https://www.openstreetmap.org/node/11637208937,Bücherschrank AStA,,Allgemeiner Studierendenausschuss (AStA) der Technischen Universität Braunschweig,https://astatubs.de,,,2026-06-28T14:52:48,POINT(10.526713 52.275106)
https://www.openstreetmap.org/node/11637225830,Bücherregal Achilles-Hof,,,,24/7,,2024-02-18T06:09:31,POINT(10.467480 52.305311)
https://www.openstreetmap.org/node/11637249531,Bücherschrank BraWo Park,,,,,,2024-02-18T06:30:07,POINT(10.544122 52.255481)
https://www.openstreetmap.org/node/11637253542,Bücherregal Brunsviga,,,,,,2024-02-18T06:33:53,POINT(10.543888 52.275157)
https://www.openstreetmap.org/node/11637279787,Bücherregal Kulturpunkt West,,,,,,2024-02-18T07:08:41,POINT(10.489608 52.249031)
https://www.openstreetmap.org/node/11637443994,Bücherschrank,wooden_cabinet,,,,,2026-03-11T06:47:21,POINT(10.903884 48.360879)
https://www.openstreetmap.org/node/11638381074,Bücherkiste Wedtlenstedt,wooden_cabinet,,,24/7,,2025-06-26T19:51:55,POINT(10.414955 52.273342)
https://www.openstreetmap.org/node/11642362480,Bücherschrank,,,,,2026-05-10,2026-05-10T20:39:32,POINT(8.307998 48.781015)
https://www.openstreetmap.org/node/11642483042,Bücherregal Sander's Backstube Kanzlerfeld,,,,,,2024-02-19T20:34:26,POINT(10.455764 52.285706)
https://www.openstreetmap.org/node/11645048969,Kinderbücherbox,phone_box,,,,,2024-05-30T23:51:34,POINT(13.405588 52.512351)
https://www.openstreetmap.org/node/11645102663,,,,,,,2024-02-20T09:38:53,POINT(13.259043 48.307551)
https://www.openstreetmap.org/node/11645693362,,,,,,,2024-02-20T14:28:28,POINT(8.501852 50.143666)
https://www.openstreetmap.org/node/11649058257,,,AWO,,,,2026-05-26T06:59:45,POINT(8.210177 51.966794)
https://www.openstreetmap.org/node/11649175045,Bücherschrank,,Familienzentrum Greffen,,,,2024-02-21T13:16:19,POINT(8.138240 51.979066)
https://www.openstreetmap.org/node/11649249164,,,,,,,2026-05-26T07:02:23,POINT(8.117459 51.929766)
https://www.openstreetmap.org/node/11649419218,Bücherschrank,,Familienzentrum Marienfeld,,,,2024-02-21T15:28:20,POINT(8.274030 51.951550)
https://www.openstreetmap.org/node/11649710410,,,,,,2026-06-05,2026-06-05T11:58:02,POINT(8.362167 48.807193)
https://www.openstreetmap.org/node/11651185724,,metal_cabinet,,,24/7,,2024-02-22T19:45:05,POINT(10.968361 49.589943)
https://www.openstreetmap.org/node/11652642944,,,,,,,2024-02-22T11:49:51,POINT(11.289508 49.460999)
https://www.openstreetmap.org/node/11653196837,,shelter,,,,,2024-02-22T16:12:16,POINT(9.119294 47.996604)
https://www.openstreetmap.org/node/11653951741,,metal_cabinet,,,24/7,2025-07-30,2025-07-30T16:54:12,POINT(10.949815 49.594582)
https://www.openstreetmap.org/node/11668500508,,,,,,2026-03-18,2026-03-18T14:43:12,POINT(10.272667 47.513146)
https://www.openstreetmap.org/node/11672181059,,,,,,,2024-02-28T10:53:13,POINT(8.688471 49.827469)
https://www.openstreetmap.org/node/11677475414,,,,,,,2024-02-29T17:40:04,POINT(9.821211 49.904771)
https://www.openstreetmap.org/node/11685899088,Roscher Bücherschrank,,,,Mo-Sa 07:00-20:00,,2024-03-02T22:34:26,POINT(10.745426 52.984577)
https://www.openstreetmap.org/node/11687504076,,,,,,2026-03-11,2026-03-11T14:28:53,POINT(11.673498 47.772380)
https://www.openstreetmap.org/node/11687530535,,wooden_cabinet,,,,,2024-03-03T11:09:43,POINT(9.233832 52.731194)
https://www.openstreetmap.org/node/11687931582,,reading_box,,,,,2024-03-03T15:39:11,POINT(11.154578 47.846566)
https://www.openstreetmap.org/node/11687977381,,,,,,,2024-03-03T15:57:33,POINT(9.881807 49.788190)
https://www.openstreetmap.org/node/11688085861,,,,,,,2024-03-03T17:34:00,POINT(8.855003 50.495411)
https://www.openstreetmap.org/node/11688225555,,,LandFrauen Wendeburg,,,,2024-08-26T18:50:12,POINT(10.392050 52.327475)
https://www.openstreetmap.org/node/11691232127,Büchertausch-Ecke,,,,,,2024-03-04T16:03:34,POINT(12.412849 51.327158)
https://www.openstreetmap.org/node/11691868327,,,,,,2025-04-22,2025-04-22T19:20:46,POINT(8.930898 52.317504)
https://www.openstreetmap.org/node/11693419773,,phone_box,Bücherzelle,,,,2024-03-05T08:57:04,POINT(13.366230 50.810863)
https://www.openstreetmap.org/node/11701205469,Offener Bücherschrank,metal_cabinet,Stadt Frankfurt,,,,2024-03-07T16:01:29,POINT(8.680094 50.109321)
https://www.openstreetmap.org/node/11703991933,,wooden_cabinet,privat,,,,2024-03-08T12:54:08,POINT(8.770950 49.563885)
https://www.openstreetmap.org/node/11709262415,Bücherzelle,phone_box,,,,,2024-06-04T00:30:21,POINT(9.083113 49.372694)
https://www.openstreetmap.org/node/11709314854,,,,,,,2024-03-09T21:29:00,POINT(9.419832 49.369674)
https://www.openstreetmap.org/node/11711408714,,phone_box,,,,,2024-11-07T23:06:46,POINT(9.190593 50.203340)
https://www.openstreetmap.org/node/11711663547,,wooden_cabinet,,,,,2026-01-19T20:54:03,POINT(10.462543 52.345937)
https://www.openstreetmap.org/node/11716439469,Bücherschrank Lercha,phone_box,,,24/7,,2026-02-16T20:13:23,POINT(13.468858 51.147022)
https://www.openstreetmap.org/node/11717009225,,,,,,,2024-03-11T15:44:44,POINT(9.657043 52.446268)
https://www.openstreetmap.org/node/11725442580,,,,,,,2024-03-12T19:47:06,POINT(7.585904 51.209732)
https://www.openstreetmap.org/node/11727276323,Elzer Bücherbox,,Frauen-Team in Elz,,,,2024-12-17T17:35:43,POINT(8.035340 50.413070)
https://www.openstreetmap.org/node/11727903766,,glass_cabinet,,,24/7,2026-07-19,2026-07-19T11:19:02,POINT(8.134962 49.353281)
https://www.openstreetmap.org/node/11730265345,,,,,24/7,,2024-03-14T10:21:17,POINT(8.166622 51.586083)
https://www.openstreetmap.org/node/11732164434,,shelf,,,,,2024-03-14T21:07:03,POINT(9.117765 50.015959)
https://www.openstreetmap.org/node/11734564069,Lengsdorfer Bücherschrank,,,,24/7,2026-04-16,2026-04-16T08:15:26,POINT(7.069377 50.712139)
https://www.openstreetmap.org/node/11737061798,Stephansposchinger Bücherbaum,sculpture,,,,,2024-03-16T21:15:54,POINT(12.804675 48.816337)
https://www.openstreetmap.org/node/11738557019,,,,,,,2024-03-17T10:18:01,POINT(13.050395 48.777130)
https://www.openstreetmap.org/node/11738893237,,metal_cabinet,,,,,2024-11-28T14:38:57,POINT(8.492541 50.156952)
https://www.openstreetmap.org/node/11739662391,,,,,24/7,2024-03-03,2024-03-17T20:50:43,POINT(7.657994 51.578828)
https://www.openstreetmap.org/node/11739741945,,,,,24/7,2025-10-17,2025-10-16T23:08:20,POINT(7.428266 51.546841)
https://www.openstreetmap.org/node/11740599750,,phone_box,,,,,2024-06-17T22:39:15,POINT(8.196449 51.623729)
https://www.openstreetmap.org/node/11741695555,,,,,,,2024-03-18T16:30:32,POINT(11.073724 49.597010)
https://www.openstreetmap.org/node/11741743399,,wooden_cabinet,Bürgerstiftung Celle,,,,2026-05-23T12:53:38,POINT(10.085997 52.623833)
https://www.openstreetmap.org/node/11742199455,,,,,24/7,2024-03-03,2024-03-18T20:19:17,POINT(7.451808 51.520555)
https://www.openstreetmap.org/node/11742248554,,,,,24/7,2024-03-03,2024-03-18T20:09:03,POINT(7.725407 51.459774)
https://www.openstreetmap.org/node/11742256534,,,,,24/7,2024-03-03,2024-03-18T20:11:50,POINT(7.530868 51.476434)
https://www.openstreetmap.org/node/11742264805,,,,,24/7,2024-03-03,2024-03-18T20:21:56,POINT(7.461638 51.475067)
https://www.openstreetmap.org/node/11742278722,,,,,24/7,2024-03-03,2024-03-18T20:29:50,POINT(7.466427 51.553473)
https://www.openstreetmap.org/node/11742284174,,,,,24/7,2024-03-03,2024-03-18T20:32:00,POINT(7.368760 51.569103)
https://www.openstreetmap.org/node/11749739302,,glass_cabinet,,,,2026-06-16,2026-06-16T10:05:23,POINT(6.943642 50.910847)
https://www.openstreetmap.org/node/11749739303,,glass_cabinet,,,,,2024-03-21T07:30:11,POINT(6.944383 50.901097)
https://www.openstreetmap.org/node/11749739304,Bücherwagen,movable_cabinet,,,,,2024-03-21T07:30:11,POINT(6.932579 50.899961)
https://www.openstreetmap.org/node/11749739958,,,,,,,2026-05-27T07:02:03,POINT(8.302642 52.045968)
https://www.openstreetmap.org/node/11753342018,,reading_box,,,,2026-07-02,2026-07-02T10:01:47,POINT(7.205000 50.797290)
https://www.openstreetmap.org/node/11755783485,,,,,,2026-04-11,2026-04-11T06:08:12,POINT(12.758854 50.901239)
https://www.openstreetmap.org/node/11755842646,,,,,,,2024-03-23T16:27:17,POINT(7.657625 48.137076)
https://www.openstreetmap.org/node/11757873291,,wooden_cabinet,Bürgerrat Görlitz-Biesnitz,,24/7,2026-04-13,2026-04-13T20:40:04,POINT(14.950431 51.135970)
https://www.openstreetmap.org/node/11763732828,,,,,,,2024-03-26T12:15:31,POINT(8.235549 49.283866)
https://www.openstreetmap.org/node/11764428112,Talheimer Bücherschrank,wooden_cabinet,Anwohner Suse + Max,,24/7,,2025-07-13T14:22:54,POINT(9.194937 49.083429)
https://www.openstreetmap.org/node/11768444374,,,,,,2026-05-14,2026-05-14T06:26:54,POINT(13.412883 52.360851)
https://www.openstreetmap.org/node/11768543769,,,,,,,2024-03-28T09:42:06,POINT(13.405592 52.333964)
https://www.openstreetmap.org/node/11771873964,,,,,,,2024-03-29T15:45:20,POINT(7.647443 47.757011)
https://www.openstreetmap.org/node/11772914756,,,,,,,2024-03-30T03:47:24,POINT(11.973906 52.542967)
https://www.openstreetmap.org/node/11775191296,,,,,,,2024-03-31T10:18:48,POINT(11.932288 51.500234)
https://www.openstreetmap.org/node/11775374373,,shelf,,,,2026-04-23,2026-04-23T16:34:01,POINT(9.765931 49.069746)
https://www.openstreetmap.org/node/11776415329,,phone_box,,,24/7,,2024-03-31T21:38:45,POINT(10.671793 48.488868)
https://www.openstreetmap.org/node/11778322992,,phone_box,,,,,2024-04-01T13:55:32,POINT(13.983100 51.842118)
https://www.openstreetmap.org/node/11778443799,,phone_box,,,,,2024-04-01T15:17:36,POINT(8.333465 49.640857)
https://www.openstreetmap.org/node/11778458431,Volkshochschule Moosburg,glass_cabinet,,,,2025-10-06,2025-10-06T17:49:10,POINT(11.935441 48.468247)
https://www.openstreetmap.org/node/11780566678,,,,,,,2024-04-02T14:12:29,POINT(9.428529 52.577218)
https://www.openstreetmap.org/node/11782240593,Bücherschrank Georgsmarienhütte,phone_box,Bildungswerkstatt Georgsmarienhütte,,24/7,2026-02-09,2026-02-09T15:04:23,POINT(8.065372 52.206141)
https://www.openstreetmap.org/node/11782740913,Kaspers Bücherbude,wooden_cabinet,,,,,2024-04-03T12:54:41,POINT(14.110741 50.980189)
https://www.openstreetmap.org/node/11784571658,,phone_box,,,24/7,,2024-04-03T20:30:15,POINT(7.224329 51.499947)
https://www.openstreetmap.org/node/11786220792,,,,,,,2024-04-04T06:22:12,POINT(7.673047 50.008341)
https://www.openstreetmap.org/node/11789664297,Bücherzelle,phone_box,,,,,2024-06-18T01:39:38,POINT(11.106066 51.083711)
https://www.openstreetmap.org/node/11793758118,,shelter,,,,2026-07-08,2026-07-08T14:24:13,POINT(9.979444 53.577510)
https://www.openstreetmap.org/node/11793823456,,reading_box,,,,2026-07-07,2026-07-07T13:57:14,POINT(9.982025 53.573343)
https://www.openstreetmap.org/node/11799771949,,,,,,,2024-04-07T14:37:52,POINT(8.671873 51.981173)
https://www.openstreetmap.org/node/11800205398,Offener Bücherschrank am Jakobsplatz,metal_cabinet,Westparkviertel e.V.,,,2025-06-02,2025-06-05T13:27:23,POINT(6.075168 50.770896)
https://www.openstreetmap.org/node/11800213315,,,,,,,2024-04-07T18:53:30,POINT(7.510191 50.780623)
https://www.openstreetmap.org/node/11801836013,,,,,,,2024-04-08T10:50:00,POINT(13.621480 50.976209)
https://www.openstreetmap.org/node/11801870721,,,,,,,2024-04-08T11:18:01,POINT(13.666642 50.950039)
https://www.openstreetmap.org/node/11801913526,,,,,,,2024-04-08T12:11:55,POINT(6.596826 49.704318)
https://www.openstreetmap.org/node/11802339057,,,,,,2026-06-05,2026-06-05T19:59:26,POINT(8.120887 49.994318)
https://www.openstreetmap.org/node/11806473730,,wooden_cabinet,,,,,2024-04-10T05:56:14,POINT(10.433950 53.289621)
https://www.openstreetmap.org/node/11807543583,,metal_cabinet,Dorfgemeinschaft Nackhausen,,,,2024-04-10T16:36:02,POINT(7.337696 50.899952)
https://www.openstreetmap.org/node/11809028307,,metal_cabinet,,,,,2024-04-11T13:26:44,POINT(6.894917 51.001889)
https://www.openstreetmap.org/node/11809214680,,,,,,,2024-04-11T09:26:47,POINT(12.158974 48.123614)
https://www.openstreetmap.org/node/11810180180,,,,,,,2024-04-11T18:35:05,POINT(8.457427 48.132275)
https://www.openstreetmap.org/node/11811314370,,phone_box,,,,,2024-06-17T22:40:34,POINT(8.119195 51.580519)
https://www.openstreetmap.org/node/11811721789,,,,,,,2024-04-12T12:51:32,POINT(8.421276 50.117671)
https://www.openstreetmap.org/node/11811771643,,,,,,,2024-04-12T13:12:12,POINT(10.086791 48.451558)
https://www.openstreetmap.org/node/11812130872,Bücherwurm,phone_box,,,,,2024-04-12T15:43:40,POINT(12.655904 50.823330)
https://www.openstreetmap.org/node/11812353287,,,,,,2026-04-17,2026-04-17T09:08:29,POINT(9.795880 52.375437)
https://www.openstreetmap.org/node/11816357315,Buchzelle,phone_box,,,,,2024-05-31T00:27:19,POINT(12.254120 51.324988)
https://www.openstreetmap.org/node/11816595946,,phone_box,,,,,2024-04-14T13:54:16,POINT(7.957381 49.797560)
https://www.openstreetmap.org/node/11816876248,,,,,,,2024-04-14T16:34:50,POINT(12.709428 51.939322)
https://www.openstreetmap.org/node/11817032298,,,,,,,2024-04-14T18:12:44,POINT(9.957033 51.519534)
https://www.openstreetmap.org/node/11820132608,Wallenborner Bücherschrank,glass_cabinet,,,,,2024-04-15T21:07:59,POINT(6.720327 50.153693)
https://www.openstreetmap.org/node/11821305667,,,,,,,2024-04-16T08:35:19,POINT(11.924754 48.330018)
https://www.openstreetmap.org/node/11822123028,Bücherregal im LuisenForum (1. OG),wooden_cabinet,,,,,2026-03-20T11:51:47,POINT(8.236848 50.078555)
https://www.openstreetmap.org/node/11823672292,,metal_cabinet,operator=USB Bochum,,,,2024-04-17T02:46:28,POINT(7.283441 51.497840)
https://www.openstreetmap.org/node/11824739242,Bücherschrank an der Osterfeldkirche Berkheim,metal_cabinet,,,24/7,,2026-06-12T20:20:06,POINT(9.322530 48.716834)
https://www.openstreetmap.org/node/11824739243,Bücherschrank in der Haltestelle Floriansplatz,shelf,,,24/7,,2024-04-17T13:00:34,POINT(9.293133 48.555545)
https://www.openstreetmap.org/node/11824739244,Bücherzelle Ötlingen,phone_box,,,24/7,,2024-06-03T22:28:33,POINT(9.423750 48.656538)
https://www.openstreetmap.org/node/11824739245,Bücherschrank Weinhalde,metal_cabinet,Bürgerverein Wendlingen,https://www.bürgerverein-wendlingen.de/offene-b%C3%BCcherschr%C3%A4nke,24/7,,2024-11-05T10:24:32,POINT(9.387967 48.678445)
https://www.openstreetmap.org/node/11824739246,Bücherschrank Unterboihingen,metal_cabinet,Bürgerverein Wendlingen,https://www.bürgerverein-wendlingen.de/offene-b%C3%BCcherschr%C3%A4nke,24/7,,2024-04-18T09:19:39,POINT(9.378474 48.665500)
https://www.openstreetmap.org/node/11824739247,Bücherecke Oberboihingen,shelf,,,24/7,,2025-05-11T19:15:00,POINT(9.366554 48.646813)
https://www.openstreetmap.org/node/11824739248,Bücherhäusle Unterensingen,shelter,,,24/7,,2025-12-16T09:33:17,POINT(9.356036 48.655863)
https://www.openstreetmap.org/node/11824739249,Bücherzelle Nürtingen,phone_box,,,24/7,,2025-08-23T13:12:12,POINT(9.338633 48.625732)
https://www.openstreetmap.org/node/11827420447,,,,,24/7,,2024-04-18T10:29:53,POINT(12.776569 47.834869)
https://www.openstreetmap.org/node/11830897184,,,,,,,2024-04-19T14:24:57,POINT(9.091335 50.160641)
https://www.openstreetmap.org/node/11832683998,,,,,,2026-05-05,2026-05-05T15:09:07,POINT(6.826651 51.241721)
https://www.openstreetmap.org/node/11833147090,,,,,,,2024-04-20T15:15:41,POINT(7.324584 50.871322)
https://www.openstreetmap.org/node/11833747628,,phone_box,,,,,2024-04-20T20:20:05,POINT(8.913189 53.411952)
https://www.openstreetmap.org/node/11833891257,,wooden_cabinet,,,,,2024-04-20T22:46:46,POINT(10.467199 50.299172)
https://www.openstreetmap.org/node/11834011699,,,,,,,2024-04-21T01:20:54,POINT(9.942407 54.333033)
https://www.openstreetmap.org/node/11834728275,,phone_box,,,,,2025-10-20T16:47:57,POINT(7.298431 50.556761)
https://www.openstreetmap.org/node/11834990854,,phone_box,,,,,2024-04-21T14:02:33,POINT(6.980233 49.370468)
https://www.openstreetmap.org/node/11835247336,,,,,,,2024-04-21T16:26:22,POINT(8.080719 51.864884)
https://www.openstreetmap.org/node/11835579240,Bücherschrank Minsen,shelf,,,,2026-07-22,2026-07-22T13:03:11,POINT(7.967162 53.705672)
https://www.openstreetmap.org/node/11837627917,,phone_box,Wohnungsbaugenossenschaft Einheit,,,,2024-04-22T14:27:57,POINT(10.985306 50.993103)
https://www.openstreetmap.org/node/11840745971,Bücherkrätze,wooden_cabinet,Bücherei Eningen unter Achalm,,24/7,,2026-05-02T15:01:45,POINT(9.256739 48.488344)
https://www.openstreetmap.org/node/11841440843,Bücherschrank AWO Kindergarten,wooden_cabinet,AWO,,,,2024-04-23T14:03:53,POINT(8.145974 52.037436)
https://www.openstreetmap.org/node/11847812203,,wooden_cabinet,,,24/7,,2024-04-25T16:07:25,POINT(7.884127 51.683606)
https://www.openstreetmap.org/node/11853712752,,,,,,2026-07-06,2026-07-07T05:51:41,POINT(8.341555 49.918032)
https://www.openstreetmap.org/node/11854062980,,,,,,,2024-04-27T10:12:12,POINT(7.353003 51.929108)
https://www.openstreetmap.org/node/11854238968,Bücherzelle,phone_box,,,,,2024-05-30T01:29:58,POINT(8.133948 49.642022)
https://www.openstreetmap.org/node/11860329310,,glass_cabinet,MoBiLE Metzingen,,24/7,,2024-09-28T16:57:38,POINT(9.282961 48.539814)
https://www.openstreetmap.org/node/11860366715,,wooden_cabinet,,,,2026-05-31,2026-06-01T03:52:02,POINT(12.138278 49.579968)
https://www.openstreetmap.org/node/11861558326,Bücher-Haisl,,,,,,2024-04-28T06:01:15,POINT(12.271753 49.197325)
https://www.openstreetmap.org/node/11863151915,,,"kfd St. Peter und Paul, Bardenberg",,,,2024-04-28T21:09:59,POINT(6.110144 50.841826)
https://www.openstreetmap.org/node/11865922113,,,,,,,2025-12-09T09:59:07,POINT(8.107606 51.573196)
https://www.openstreetmap.org/node/11866257218,,,,,,2025-09-20,2025-09-20T12:50:39,POINT(7.054235 50.768027)
https://www.openstreetmap.org/node/11868267648,Bücherschrank Lüxem,metal_cabinet,Dorfverein Lüxem e. V.,,,,2025-03-14T10:24:18,POINT(6.904994 50.001312)
https://www.openstreetmap.org/node/11876871330,,,Förderverein Klosterchor & historische Stadtbibliothek Bad Windsheim,,,,2024-05-03T16:26:04,POINT(10.418322 49.502929)
https://www.openstreetmap.org/node/11877485760,,,,,,,2024-05-03T21:30:53,POINT(9.949502 52.154274)
https://www.openstreetmap.org/node/11878518615,,,,,24/7,,2024-06-16T19:03:21,POINT(10.426385 51.909194)
https://www.openstreetmap.org/node/11878706146,,,,,,,2024-05-04T11:32:22,POINT(9.055511 48.526339)
https://www.openstreetmap.org/node/11878717723,,,,,,,2024-05-04T11:46:56,POINT(13.729150 50.946819)
https://www.openstreetmap.org/node/11879978601,,,,,,,2024-05-04T22:41:51,POINT(10.275972 50.184149)
https://www.openstreetmap.org/node/11881014298,,,Bürgerstiftung Bonn,,,,2024-05-05T11:03:57,POINT(7.096150 50.735579)
https://www.openstreetmap.org/node/11881055133,Bücher-Börse,metal_cabinet,Familie Never,,,,2024-05-09T17:09:08,POINT(11.621217 54.108213)
https://www.openstreetmap.org/node/11881205497,,,,,,,2025-08-18T22:28:32,POINT(10.321233 52.391505)
https://www.openstreetmap.org/node/11882381231,,,,,24/7,2024-05-05,2024-05-05T23:21:56,POINT(7.484642 51.425751)
https://www.openstreetmap.org/node/11883046370,,wooden_cabinet,,,,,2026-07-06T17:30:01,POINT(9.752079 53.582539)
https://www.openstreetmap.org/node/11883090957,Bücherbox,phone_box,,,24/7,,2024-08-06T20:45:50,POINT(13.413002 52.506071)
https://www.openstreetmap.org/node/11883464230,,metal_cabinet,,,24/7,,2024-05-06T11:35:30,POINT(10.316368 49.069492)
https://www.openstreetmap.org/node/11886054942,Bücherschrank Windthorstplatz,,,,,,2024-05-07T08:10:35,POINT(7.291649 52.692951)
https://www.openstreetmap.org/node/11886054943,Offener Bücherschrank Norden Marktplatz,,,,,2026-05-09,2026-05-12T12:22:39,POINT(7.205465 53.595342)
https://www.openstreetmap.org/node/11889023192,Bücherkiste,,,,,,2024-05-08T13:03:02,POINT(8.874836 49.210704)
https://www.openstreetmap.org/node/11890708157,,phone_box,Fischereibetrieb Never,,,2026-07-04,2026-07-04T09:12:49,POINT(11.616580 54.108198)
https://www.openstreetmap.org/node/11891106792,Bücherschrank vor dem Stadttheater,wooden_cabinet,,,,,2025-08-17T08:11:35,POINT(9.958085 52.152994)
https://www.openstreetmap.org/node/11891337491,Bücher-Bus-Bude,,,,,,2024-05-09T12:34:06,POINT(10.699670 52.993539)
https://www.openstreetmap.org/node/11891368299,,metal_cabinet,Gemeinde Rudersberg,,,2026-05-14,2026-05-14T14:19:30,POINT(9.528803 48.885242)
https://www.openstreetmap.org/node/11892941065,,,,,24/7,2024-05-09,2024-05-10T06:21:13,POINT(8.996850 54.166218)
https://www.openstreetmap.org/node/11892964432,Spiele & Tauschregal,shelf,,,24/7,2026-05-28,2026-05-28T14:36:15,POINT(7.753598 49.423560)
https://www.openstreetmap.org/node/11893195269,öffentlicher Bücherschrank,phone_box,,,,,2024-08-15T05:08:20,POINT(10.386559 52.444965)
https://www.openstreetmap.org/node/11895154110,,,,,,,2024-05-10T15:47:13,POINT(7.925553 51.616985)
https://www.openstreetmap.org/node/11895154173,,metal_cabinet,,,24/7,,2024-05-10T15:47:13,POINT(8.034586 51.577725)
https://www.openstreetmap.org/node/11896720547,,,,,,2026-06-20,2026-06-20T09:15:45,POINT(10.884810 49.571974)
https://www.openstreetmap.org/node/11898727814,,,,,,,2024-05-12T14:10:13,POINT(8.078538 48.397633)
https://www.openstreetmap.org/node/11900319803,,,,,,,2024-05-13T06:24:09,POINT(8.045289 48.154635)
https://www.openstreetmap.org/node/11901061813,,,,,,,2024-05-13T12:43:09,POINT(12.485028 50.877249)
https://www.openstreetmap.org/node/11901133384,,,,,,,2024-05-13T14:46:00,POINT(8.843026 48.610445)
https://www.openstreetmap.org/node/11901715841,,metal_cabinet,,,,,2024-05-13T17:45:45,POINT(6.503794 49.712302)
https://www.openstreetmap.org/node/11901986457,Offener Bücher Schrank,glass_cabinet,Verein zur Förderung der Kreuzgangspiele e.V.,,,2024-05-13,2024-05-13T19:40:56,POINT(10.331494 49.168806)
https://www.openstreetmap.org/node/11902098752,Volkacher Bücherbox,,,,24/7,,2026-07-12T12:50:21,POINT(10.228859 49.865432)
https://www.openstreetmap.org/node/11903069805,öffentlicher Bücherschrank,glass_cabinet,,,,,2024-05-14T06:19:47,POINT(10.425600 52.395912)
https://www.openstreetmap.org/node/11905046713,"Offner Bücherschrank der Gemeinde Bohmte, Ortsteil Hunteburg",glass_cabinet,,,24/7,,2024-05-14T19:13:52,POINT(8.269156 52.433425)
https://www.openstreetmap.org/node/11905064742,,,,,,,2024-05-14T19:50:14,POINT(11.677701 47.909754)
https://www.openstreetmap.org/node/11907061379,,wooden_cabinet,"Stadt Hannover, Fachbereich Kultur",,24/7,,2026-01-02T13:55:26,POINT(9.833655 52.386632)
https://www.openstreetmap.org/node/11907466592,,,,,,,2024-07-25T09:13:39,POINT(6.253756 50.534036)
https://www.openstreetmap.org/node/11907768246,La vache qui lit,,,,,2026-05-31,2026-05-31T06:55:46,POINT(12.014059 47.674299)
https://www.openstreetmap.org/node/11907895508,,phone_box,,,24/7,,2024-05-15T20:01:07,POINT(8.693014 50.182366)
https://www.openstreetmap.org/node/11908290304,Bücherbox St.Georg,phone_box,Erzbistum Hamburg,,,,2026-06-06T16:44:55,POINT(10.013323 53.557011)
https://www.openstreetmap.org/node/11908889181,,,Allbau,,,,2024-05-16T03:42:43,POINT(7.003787 51.508623)
https://www.openstreetmap.org/node/11913777744,,metal_cabinet,,,24/7,,2026-04-18T19:58:26,POINT(8.447124 50.705775)
https://www.openstreetmap.org/node/11914124120,,,Atelier MachWerk e.V.,https://www.neuhauser-platz.de,,,2024-05-17T23:54:22,POINT(11.543748 48.159467)
https://www.openstreetmap.org/node/11917756680,,glass_cabinet,,,24/7,,2024-08-28T22:35:01,POINT(8.623838 51.849728)
https://www.openstreetmap.org/node/11917928296,Bücherschrank Ostbüren,wooden_cabinet,,,24/7,,2024-07-30T16:25:56,POINT(7.771280 51.515844)
https://www.openstreetmap.org/node/11919658409,Offener Bücherschrank,phone_box,,,,2026-06-24,2026-06-24T21:17:45,POINT(9.959191 52.205843)
https://www.openstreetmap.org/node/11919742280,,wooden_cabinet,,,24/7,,2024-05-20T13:03:18,POINT(8.571050 48.888728)
https://www.openstreetmap.org/node/11920068485,Die Zackigen,phone_box,,,,,2025-02-13T15:00:19,POINT(13.636084 51.015099)
https://www.openstreetmap.org/node/11920442174,Bücherschrank Pfersee,wooden_cabinet,,,,,2024-05-20T19:18:07,POINT(10.871743 48.363005)
https://www.openstreetmap.org/node/11920606341,,wooden_cabinet,,,,,2024-08-04T17:21:33,POINT(11.621661 48.297854)
https://www.openstreetmap.org/node/11925859872,,,,,,,2024-05-22T14:06:02,POINT(14.694328 50.851704)
https://www.openstreetmap.org/node/11926597250,,,,,,2026-05-26,2026-05-26T03:12:13,POINT(7.971873 51.174172)
https://www.openstreetmap.org/node/11931666452,,,,,,,2024-05-24T21:07:22,POINT(9.384847 54.615832)
https://www.openstreetmap.org/node/11931780035,,phone_box,,,,,2024-05-24T22:26:48,POINT(8.693680 50.374533)
https://www.openstreetmap.org/node/11933172609,,phone_box,,,,,2024-05-25T14:30:08,POINT(13.518795 51.187073)
https://www.openstreetmap.org/node/11935877522,,,,,,,2025-06-11T10:15:43,POINT(8.054648 48.099817)
https://www.openstreetmap.org/node/11936529032,,phone_box,,,,,2024-05-27T07:39:01,POINT(9.393339 53.021330)
https://www.openstreetmap.org/node/11936539731,Bücherei Wittorf,phone_box,,,,,2024-06-03T22:42:06,POINT(9.516346 53.012240)
https://www.openstreetmap.org/node/11936541984,,building,,,,,2024-05-27T07:44:45,POINT(9.489253 52.829615)
https://www.openstreetmap.org/node/11936546521,,wooden_cabinet,,,,,2024-05-27T07:41:17,POINT(9.524943 53.094553)
https://www.openstreetmap.org/node/11936772919,,phone_box,,,,,2024-05-27T09:53:10,POINT(8.955867 51.181188)
https://www.openstreetmap.org/node/11937030175,,phone_box,,,,,2024-05-27T12:20:08,POINT(8.385556 50.254412)
https://www.openstreetmap.org/node/11937030180,,phone_box,,,,,2026-06-06T14:18:20,POINT(8.403323 50.237069)
https://www.openstreetmap.org/node/11937992290,,,,,,,2024-05-27T19:11:12,POINT(10.238121 51.138921)
https://www.openstreetmap.org/node/11938047123,Bücherbox,phone_box,,,,,2024-06-19T21:00:01,POINT(10.143964 51.226670)
https://www.openstreetmap.org/node/11938988314,,metal_cabinet,,,,,2024-05-28T07:01:19,POINT(8.988220 49.770520)
https://www.openstreetmap.org/node/11939842487,,,,,,,2024-08-12T06:33:32,POINT(8.510371 51.874818)
https://www.openstreetmap.org/node/11940519932,,,,,,,2024-05-28T20:45:12,POINT(7.241369 51.428482)
https://www.openstreetmap.org/node/11943253642,,,,,,,2024-05-30T08:10:39,POINT(9.616818 50.452623)
https://www.openstreetmap.org/node/11944612208,,,,,,,2024-05-30T10:07:43,POINT(6.704352 49.823995)
https://www.openstreetmap.org/node/11945148717,,,,,,,2024-05-30T14:26:33,POINT(13.046493 49.193607)
https://www.openstreetmap.org/node/11945997064,,,,,24/7,2024-05-30,2024-05-30T20:39:56,POINT(7.555206 51.431028)
https://www.openstreetmap.org/node/11946041293,,,,,,,2026-02-24T20:15:57,POINT(10.161537 51.006376)
https://www.openstreetmap.org/node/11948558104,"Bücherbox, Badstr.",phone_cell,Gewerbeverein e.V. Bruchhausen,,,,2024-07-14T14:32:31,POINT(8.368945 48.926075)
https://www.openstreetmap.org/node/11949784735,,,,,,,2024-06-01T13:31:53,POINT(11.690022 48.131861)
https://www.openstreetmap.org/node/11949971835,,,,,,,2026-04-09T17:00:38,POINT(6.821468 51.184052)
https://www.openstreetmap.org/node/11950483418,WortOrt,glass_cabinet,Für unsere Kinder e.V.,,,,2026-07-12T10:20:50,POINT(8.349926 51.678358)
https://www.openstreetmap.org/node/11951533084,,,,,24/7,,2024-06-02T09:04:37,POINT(12.986671 50.815261)
https://www.openstreetmap.org/node/11951830992,,,,,,,2024-06-02T13:32:36,POINT(7.512820 50.759226)
https://www.openstreetmap.org/node/11951839952,Bücherzelle,phone_box,Stadtwerke Bad Sachsa GmbH,,24/7,,2024-06-17T23:17:20,POINT(10.560416 51.594083)
https://www.openstreetmap.org/node/11951927899,,,,,,2026-06-21,2026-06-21T08:43:30,POINT(12.345664 47.854079)
https://www.openstreetmap.org/node/11954579318,,,,,,,2024-06-03T21:02:15,POINT(9.941447 49.767930)
https://www.openstreetmap.org/node/11955838339,,phone_box,,,,,2026-06-06T14:20:54,POINT(8.401937 50.215564)
https://www.openstreetmap.org/node/11958065999,,,,,,,2024-06-05T09:42:36,POINT(6.832822 50.965257)
https://www.openstreetmap.org/node/11959791163,,phone_box,,,,,2024-06-06T08:07:13,POINT(7.611312 47.613907)
https://www.openstreetmap.org/node/11959791165,Bücherbox Landfrauen Auggen,metal_cabinet,,,,,2024-06-11T06:33:58,POINT(7.595900 47.786916)
https://www.openstreetmap.org/node/11959791166,,wooden_cabinet,,,,,2024-06-06T08:07:13,POINT(7.577223 47.756558)
https://www.openstreetmap.org/node/11963086179,,wooden_cabinet,,,,,2024-06-07T16:19:50,POINT(9.207148 52.223435)
https://www.openstreetmap.org/node/11963427195,,,,,,,2024-06-07T20:26:51,POINT(6.429487 51.493363)
https://www.openstreetmap.org/node/11963913866,,,,,,,2024-06-08T05:55:13,POINT(11.703927 48.034462)
https://www.openstreetmap.org/node/11964427188,,,,,,,2024-06-08T14:00:11,POINT(8.462082 51.969777)
https://www.openstreetmap.org/node/11968206122,Öffentlicher Bücherschrank,,,,,,2024-08-12T05:15:32,POINT(10.394772 52.342985)
https://www.openstreetmap.org/node/11969374695,,wooden_cabinet,,,,,2024-06-10T15:25:20,POINT(8.203035 52.073963)
https://www.openstreetmap.org/node/11970654926,,,,,,,2024-06-10T20:32:32,POINT(10.881611 50.406613)
https://www.openstreetmap.org/node/11971559788,,,,,,,2026-05-01T08:05:13,POINT(7.637093 52.926757)
https://www.openstreetmap.org/node/11975211987,,,,,,2026-06-27,2026-06-27T14:51:26,POINT(7.077954 51.447043)
https://www.openstreetmap.org/node/11975225609,,,,,,2024-06-12,2025-05-19T12:01:58,POINT(10.534553 47.605634)
https://www.openstreetmap.org/node/11975312380,,,,,,2024-06-12,2024-06-12T12:38:24,POINT(10.586666 47.604601)
https://www.openstreetmap.org/node/11975402268,,,,,,2024-06-12,2024-06-12T13:30:28,POINT(10.637930 47.610219)
https://www.openstreetmap.org/node/11977695520,Bücherschrank Gemeinde Wiesenthau,phone_box,Gemeinde Wiesenthau,https://www.heimat-info.de/beitraege/6eb45d47-b52f-4c79-a047-ecededefe940,24/7,,2025-09-14T21:08:48,POINT(11.135438 49.713147)
https://www.openstreetmap.org/node/11980421719,Kleiner Bücherschrank,,,,,,2024-06-14T09:20:42,POINT(13.476816 52.461962)
https://www.openstreetmap.org/node/11980665874,,,,,,,2024-06-14T11:37:43,POINT(10.704455 47.576406)
https://www.openstreetmap.org/node/11980854870,,,,,,,2024-06-14T13:03:18,POINT(6.740792 50.992123)
https://www.openstreetmap.org/node/11981508005,,metal_cabinet,,,,,2024-06-14T18:26:19,POINT(8.364150 51.707747)
https://www.openstreetmap.org/node/11981629467,,metal_cabinet,,,,,2025-04-06T22:50:38,POINT(7.263434 50.800528)
https://www.openstreetmap.org/node/11982616521,,,,,,,2024-06-15T09:46:07,POINT(8.071746 52.515300)
https://www.openstreetmap.org/node/11982888785,,,,,,,2024-06-15T13:31:55,POINT(8.652131 50.217377)
https://www.openstreetmap.org/node/11983102687,,,,,,,2024-06-15T15:05:21,POINT(9.912506 51.798466)
https://www.openstreetmap.org/node/11985210013,,,,,,,2024-06-16T10:38:50,POINT(12.148155 48.282430)
https://www.openstreetmap.org/node/11985523786,Bücherschrank Bahnhof Gau-Algesheim,,,,,,2024-06-16T14:09:57,POINT(8.016055 49.961241)
https://www.openstreetmap.org/node/11987077609,,phone_box,,,24/7,,2024-06-17T08:00:57,POINT(10.562291 50.052690)
https://www.openstreetmap.org/node/11987432369,,,,,,,2024-06-17T12:00:21,POINT(13.780754 52.519767)
https://www.openstreetmap.org/node/11989197682,Bücherzelle,phone_box,,,,,2024-06-18T01:33:55,POINT(10.788891 50.978201)
https://www.openstreetmap.org/node/11989205367,Bücherbox,phone_box,,,,,2024-06-18T01:25:41,POINT(11.402116 51.306012)
https://www.openstreetmap.org/node/11989241196,,phone_box,,,,,2024-06-18T01:43:09,POINT(12.355306 50.898204)
https://www.openstreetmap.org/node/11989835657,,metal_cabinet,,,,,2024-06-18T09:52:07,POINT(7.026499 50.792869)
https://www.openstreetmap.org/node/11991379371,,wooden_cabinet,,,,,2026-04-22T20:22:06,POINT(12.446302 48.310508)
https://www.openstreetmap.org/node/11991535269,,,,,,,2024-11-15T00:16:15,POINT(9.506471 48.434031)
https://www.openstreetmap.org/node/11992781280,AFS Bücherschrank Molbergen,metal_cabinet,,,24/7,,2024-06-19T20:52:51,POINT(7.925080 52.858022)
https://www.openstreetmap.org/node/11992799368,,phone_box,,,,,2024-06-19T21:15:02,POINT(10.554165 50.898690)
https://www.openstreetmap.org/node/11992809162,,phone_box,,,,,2024-06-19T21:28:29,POINT(10.669495 53.698998)
https://www.openstreetmap.org/node/11992818192,Bücherbox,phone_box,,,,,2024-06-19T21:10:55,POINT(11.081495 50.775322)
https://www.openstreetmap.org/node/11992827916,,phone_box,,,,2026-07-15,2026-07-15T13:31:41,POINT(10.237924 53.663890)
https://www.openstreetmap.org/node/11992916499,,phone_box,,,,2025-11-16,2025-12-31T10:14:01,POINT(10.703311 53.981176)
https://www.openstreetmap.org/node/11992931865,,phone_box,,,,,2024-06-19T23:07:30,POINT(10.645863 53.733981)
https://www.openstreetmap.org/node/11992945095,Büchertauschbox,,,,,,2024-06-19T23:22:40,POINT(10.186573 54.326047)
https://www.openstreetmap.org/node/11992945126,Bücherbox,phone_box,,,,,2024-06-20T00:27:45,POINT(10.972104 54.220392)
https://www.openstreetmap.org/node/11992954093,,phone_box,,,,,2024-06-19T23:34:00,POINT(10.577723 53.659152)
https://www.openstreetmap.org/node/11992999003,,phone_box,,,,2026-04-03,2026-04-07T22:04:02,POINT(10.296989 53.635616)
https://www.openstreetmap.org/node/11993012409,,phone_box,,,,,2024-06-20T00:46:31,POINT(8.579979 53.520416)
https://www.openstreetmap.org/node/11993014783,,phone_box,,,,,2024-07-14T11:14:47,POINT(8.579548 53.550865)
https://www.openstreetmap.org/node/11993015026,,phone_box,,,,,2024-06-20T00:41:46,POINT(10.518237 53.871624)
https://www.openstreetmap.org/node/11998705134,,,,,,,2025-06-23T10:19:01,POINT(11.787827 48.099428)
https://www.openstreetmap.org/node/11999414486,,metal_cabinet,,,24/7,2024-06-21,2024-06-21T18:09:15,POINT(6.416392 51.438615)
https://www.openstreetmap.org/node/12000536318,,,,,24/7,2024-06-22,2024-06-22T11:56:56,POINT(7.556516 51.464892)
https://www.openstreetmap.org/node/12001217209,,,,,,,2024-06-22T18:57:43,POINT(12.737373 53.209051)
https://www.openstreetmap.org/node/12001392254,,,,,,,2024-06-25T12:21:22,POINT(8.769432 53.066298)
https://www.openstreetmap.org/node/12004991163,,phone_box,,,,,2024-06-24T01:26:39,POINT(12.343669 54.170869)
https://www.openstreetmap.org/node/12005007103,,phone_box,,,,,2024-06-24T01:44:22,POINT(11.379527 53.900276)
https://www.openstreetmap.org/node/12005346787,,,,,24/7,2025-04-26,2025-04-27T07:02:39,POINT(9.156281 53.952462)
https://www.openstreetmap.org/node/12007231457,,,,,,,2024-06-24T16:58:51,POINT(7.338876 51.649949)
https://www.openstreetmap.org/node/12007322765,,,,,,,2024-06-24T17:53:01,POINT(6.277009 50.632462)
https://www.openstreetmap.org/node/12007328084,,,,,,,2024-06-24T17:43:25,POINT(12.258328 48.474430)
https://www.openstreetmap.org/node/12007404790,,,,,,,2025-12-14T17:50:23,POINT(8.834406 53.073871)
https://www.openstreetmap.org/node/12009084003,,,,,,,2024-06-25T07:29:29,POINT(11.720501 49.937128)
https://www.openstreetmap.org/node/12012137468,,metal_cabinet,Stadt Dessau-Roßlau,,24/7,,2024-07-21T19:14:06,POINT(12.246709 51.836442)
https://www.openstreetmap.org/node/12013412072,Rambiner Schmökerstuv,phone_box,,,,,2024-06-26T23:27:51,POINT(13.203954 54.355355)
https://www.openstreetmap.org/node/12020573879,,,,,,,2024-06-29T17:27:58,POINT(12.187373 50.537331)
https://www.openstreetmap.org/node/12022180870,,,Verein Leselust;Stadtbücherei Meldorf,,24/7,2024-06-29,2024-06-30T05:45:06,POINT(9.069722 54.095698)
https://www.openstreetmap.org/node/12022849400,,,,,,,2024-07-15T09:09:22,POINT(9.100799 48.480525)
https://www.openstreetmap.org/node/12023078841,,,,,24/7,,2025-11-08T23:16:15,POINT(11.366033 53.648353)
https://www.openstreetmap.org/node/12023078842,,,,,24/7,,2024-06-30T17:20:19,POINT(11.329054 53.652633)
https://www.openstreetmap.org/node/12025523964,Bibo,,,https://zweisiedler.com/wp/zweisiedler/bibo/,,,2024-07-01T12:20:12,POINT(13.958875 51.006448)
https://www.openstreetmap.org/node/12029218272,"BücherboXX am Henriettenplatz (""Berlin grüßt Polen"")",,,,,,2024-07-02T14:27:42,POINT(13.290412 52.497354)
https://www.openstreetmap.org/node/12030681571,,,,,,,2024-07-03T07:34:48,POINT(11.717031 49.942420)
https://www.openstreetmap.org/node/12031177588,,,,,24/7,,2024-07-03T13:00:54,POINT(8.350782 48.998719)
https://www.openstreetmap.org/node/12031684605,,,,,,,2025-06-02T16:50:29,POINT(13.599814 52.842097)
https://www.openstreetmap.org/node/12031856024,Buchkreislauf,glass_cabinet,Privat,,24/7,,2024-07-05T05:25:18,POINT(12.189981 51.796690)
https://www.openstreetmap.org/node/12032870144,Bücherzelle,phone_box,,,,,2026-01-20T14:43:15,POINT(12.123502 47.837369)
https://www.openstreetmap.org/node/12034768408,,,Diakonisches Werk Karlsruhe,,24/7,,2024-07-04T21:19:54,POINT(8.361754 48.988403)
https://www.openstreetmap.org/node/12036290119,,,,,,2026-01-06,2026-01-06T22:45:56,POINT(10.427876 53.253962)
https://www.openstreetmap.org/node/12036595949,,,,,,,2024-07-05T20:36:46,POINT(7.188732 50.809089)
https://www.openstreetmap.org/node/12036595950,,,Bürgergemeinschaft Siegburg-Deichhaus e.V.,,,,2024-07-05T20:36:46,POINT(7.216082 50.789669)
https://www.openstreetmap.org/node/12037294329,,,,,,,2024-07-06T08:24:22,POINT(6.243139 51.536303)
https://www.openstreetmap.org/node/12038307740,Böener Bibliothek,phone_box,,,,,2024-07-06T20:47:42,POINT(7.796669 52.732124)
https://www.openstreetmap.org/node/12038944726,,,,,,,2024-07-08T06:05:47,POINT(6.753319 51.231388)
https://www.openstreetmap.org/node/12039928938,Schatzkammer,phone_box,Gemeinnütziger Wohnungsverein zu Bochum eG,,,,2024-07-07T14:43:14,POINT(7.154972 51.425449)
https://www.openstreetmap.org/node/12040496808,,,,,,,2025-07-26T12:43:30,POINT(10.860855 48.055808)
https://www.openstreetmap.org/node/12041394306,,,,,,,2024-07-08T11:00:20,POINT(9.184082 52.748092)
https://www.openstreetmap.org/node/12043069689,Bücher-Haisl,,,,,,2024-07-09T08:00:28,POINT(12.279436 49.201854)
https://www.openstreetmap.org/node/12044998534,,,,,,,2024-07-15T19:06:26,POINT(12.485736 48.198066)
https://www.openstreetmap.org/node/12045063353,,,,,,,2024-07-10T04:54:51,POINT(10.409061 52.373172)
https://www.openstreetmap.org/node/12046395904,,,,,,,2025-07-16T08:33:59,POINT(9.398521 48.490878)
https://www.openstreetmap.org/node/12046483400,,,,,,,2024-07-10T17:59:04,POINT(7.189907 51.897142)
https://www.openstreetmap.org/node/12046760069,,,,,,,2024-07-10T21:53:24,POINT(13.718804 51.041644)
https://www.openstreetmap.org/node/12047181403,,,,,,,2024-07-11T06:15:09,POINT(11.787326 48.141978)
https://www.openstreetmap.org/node/12047270363,,,,,,,2024-07-11T07:37:11,POINT(8.589247 53.823150)
https://www.openstreetmap.org/node/12049744481,,,,,,,2024-07-12T17:14:22,POINT(8.237863 49.841338)
https://www.openstreetmap.org/node/12050137221,,shelter,,,2477,,2024-07-12T21:31:18,POINT(8.826267 48.804192)
https://www.openstreetmap.org/node/12051503383,,phone_box,,,24/7,,2024-07-13T16:49:12,POINT(10.215020 50.057259)
https://www.openstreetmap.org/node/12053016834,Bücherschrank Foyer Rathaus Ötigheim,,,,"Mo 08:00-12:00,14:00-16:00; Tu 08:00-12:00,14:00-16:00; We off; Th 08:00-12:00,14:00-18:00; Fr 08:00-12:00",,2024-07-14T12:59:38,POINT(8.235792 48.889519)
https://www.openstreetmap.org/node/12053176776,,wooden_cabinet,,,,,2026-06-01T13:33:15,POINT(8.231897 50.087451)
https://www.openstreetmap.org/node/12053401640,,,,,,,2024-07-14T17:37:55,POINT(11.689675 53.865535)
https://www.openstreetmap.org/node/12054397278,,,Wehnsen-Eickenrode-Plockhorst Arbeitsgemeinschaft e.V.,,,,2024-07-15T05:10:53,POINT(10.304946 52.429652)
https://www.openstreetmap.org/node/12057906387,,shelf,,,,,2024-07-16T20:20:44,POINT(8.819982 53.053786)
https://www.openstreetmap.org/node/12058126859,,shelter,,,,,2024-07-17T08:21:36,POINT(8.766032 47.861834)
https://www.openstreetmap.org/node/12059004507,,,,,,,2026-05-22T10:52:22,POINT(10.203377 50.743126)
https://www.openstreetmap.org/node/12061555636,Nette Bücher Tausch-Insel,reading_box,,,,,2024-07-18T16:10:19,POINT(10.184159 53.478571)
https://www.openstreetmap.org/node/12061640535,,,,,,,2024-07-18T17:38:35,POINT(7.545015 51.551931)
https://www.openstreetmap.org/node/12062769221,Stockelsdorfer Bücherschrank,reading_box,Stockelsdorfer Bücherschränke,,,,2024-07-19T09:05:31,POINT(10.658159 53.898181)
https://www.openstreetmap.org/node/12062807833,Stockelsdorfer Bücherschrank,wooden_cabinet,Stockelsdorfer Bücherschränke,,,,2024-07-19T09:18:54,POINT(10.667090 53.900826)
https://www.openstreetmap.org/node/12063705135,,,,,24/7,,2024-12-28T11:41:56,POINT(6.481420 50.362340)
https://www.openstreetmap.org/node/12065017327,,,,,,,2024-07-20T16:43:17,POINT(10.364158 47.642938)
https://www.openstreetmap.org/node/12066062577,,metal_cabinet,Quartiersmanagement,,,,2024-07-21T10:02:46,POINT(7.187520 50.786267)
https://www.openstreetmap.org/node/12066294908,,wooden_cabinet,,,,,2024-07-21T13:14:27,POINT(10.953707 48.348506)
https://www.openstreetmap.org/node/12067028959,Bücherschrank,wooden_cabinet,,,,,2024-07-21T22:12:11,POINT(7.650743 50.309018)
https://www.openstreetmap.org/node/12067526053,,,,,,,2024-07-22T06:25:07,POINT(10.126882 48.500376)
https://www.openstreetmap.org/node/12068176192,,,,,,,2024-07-22T13:53:34,POINT(12.785685 53.225322)
https://www.openstreetmap.org/node/12068386145,Tegeler Bücherbox,,,,,,2024-11-09T20:55:32,POINT(13.283932 52.587486)
https://www.openstreetmap.org/node/12071058836,Provisorischer Bücherschrank,wooden_cabinet,,,24/7,,2024-07-24T07:09:53,POINT(13.491245 52.636433)
https://www.openstreetmap.org/node/12071070479,Provisorischer Bücherschrank,wooden_cabinet,,,24/7,,2024-07-24T07:09:00,POINT(13.493025 52.629168)
https://www.openstreetmap.org/node/12071829523,,,,,,,2024-07-24T15:02:33,POINT(7.198276 53.369595)
https://www.openstreetmap.org/node/12072000940,,,,,,,2024-07-24T16:40:44,POINT(9.009279 50.340363)
https://www.openstreetmap.org/node/12072626393,,,,,24/7,2024-07-07,2024-07-25T01:28:23,POINT(7.448572 51.479092)
https://www.openstreetmap.org/node/12077355146,,,,,,,2024-07-27T19:31:41,POINT(13.750204 52.525642)
https://www.openstreetmap.org/node/12078328817,,,,,,,2024-08-11T13:08:15,POINT(8.233871 49.993214)
https://www.openstreetmap.org/node/12079670217,,shelf,,,,,2024-07-29T07:40:35,POINT(10.724182 48.036024)
https://www.openstreetmap.org/node/12080165577,,,,,24/7,2024-07-07,2024-07-29T13:41:45,POINT(8.862559 52.168849)
https://www.openstreetmap.org/node/12080599423,,,,,,,2024-07-29T15:53:26,POINT(8.600280 53.594040)
https://www.openstreetmap.org/node/12081259743,,,,,,,2024-07-29T17:47:04,POINT(6.714243 49.672529)
https://www.openstreetmap.org/node/12081698947,,metal_cabinet,,,24/7,2025-11-08,2025-11-09T11:39:55,POINT(11.581106 48.097639)
https://www.openstreetmap.org/node/12081810444,,,Isenburg Zentrum,,Mo-Sa 10:00-20:00,,2024-07-29T23:39:10,POINT(8.697767 50.049386)
https://www.openstreetmap.org/node/12081917905,,,,,24/7,,2024-07-29T23:49:00,POINT(8.670563 50.053712)
https://www.openstreetmap.org/node/12082909015,,phone_box,,,,2025-12-25,2025-12-25T21:57:05,POINT(9.555599 53.542009)
https://www.openstreetmap.org/node/12083301793,,shelter,Zahnklinik der Universität Witten/Herdecke,,"Mo-Fr 07:00-19:30; Sa, Su, PH off",,2025-08-08T20:07:27,POINT(7.353009 51.451917)
https://www.openstreetmap.org/node/12083615693,,metal_cabinet,,,24/7,,2024-07-30T16:25:56,POINT(7.725728 51.520127)
https://www.openstreetmap.org/node/12083615766,,wooden_cabinet,,,24/7,,2024-07-30T16:25:56,POINT(7.739465 51.499364)
https://www.openstreetmap.org/node/12084738781,Offenes Bücherregal Neckarelz,shelter,,,24/7,,2024-07-31T09:23:21,POINT(9.105021 49.341606)
https://www.openstreetmap.org/node/12084743222,Offenes Bücherregal,shelter,,,,,2025-01-01T15:08:33,POINT(9.694962 49.109863)
https://www.openstreetmap.org/node/12086047788,,metal_cabinet,WVG,,,,2025-01-21T20:56:11,POINT(11.061265 49.729946)
https://www.openstreetmap.org/node/12086702029,,shelf,,,24/7,,2024-11-19T17:56:24,POINT(8.341051 48.290372)
https://www.openstreetmap.org/node/12088612905,,shelter,,,24/7,,2024-08-02T09:29:27,POINT(9.531831 49.079189)
https://www.openstreetmap.org/node/12088637215,,phone_box,,,24/7,,2024-08-02T09:23:56,POINT(9.557450 49.080886)
https://www.openstreetmap.org/node/12088945098,,phone_box,,,,2025-08-13,2025-08-13T11:25:29,POINT(7.249022 51.369879)
https://www.openstreetmap.org/node/12089476941,,metal_cabinet,Minigolfanlage,,"Mar-Apr We-Fr 15:00-20:00, Sa,Su 13:00-20:00; May-Aug We-Fr 15:00-22:00, Sa,Su 13:00-22:00; Sep-Oct We-Fr 15:00-20:00, Sa,Su 13:00-20:00",,2024-08-03T05:14:14,POINT(11.612295 52.158014)
https://www.openstreetmap.org/node/12090133303,,,,,,,2024-08-03T09:20:33,POINT(13.616939 52.602343)
https://www.openstreetmap.org/node/12091207361,,,,,,,2024-08-04T05:20:53,POINT(7.979300 52.410700)
https://www.openstreetmap.org/node/12091322698,,,,,,,2026-01-20T09:39:36,POINT(12.737262 50.560113)
https://www.openstreetmap.org/node/12091481952,,movable_cabinet,,,,2024-08-04,2024-09-02T17:17:13,POINT(8.471751 48.930783)
https://www.openstreetmap.org/node/12091488122,,phone_box,,,,,2024-08-04T08:30:56,POINT(8.463149 48.931049)
https://www.openstreetmap.org/node/12091722531,Bücherhütte,,,,,,2024-08-04T11:53:46,POINT(10.903838 48.368596)
https://www.openstreetmap.org/node/12091862696,,,,,,,2024-08-04T13:42:22,POINT(8.805532 48.998075)
https://www.openstreetmap.org/node/12091907826,,metal_cabinet,,,24/7,,2024-08-04T14:04:18,POINT(11.942624 53.661283)
https://www.openstreetmap.org/node/12092123171,,phone_box,,,,,2024-08-04T16:25:30,POINT(13.246736 52.492577)
https://www.openstreetmap.org/node/12092217474,,shelf,,,,2026-04-03,2026-04-03T14:28:47,POINT(9.728301 49.064883)
https://www.openstreetmap.org/node/12092312797,,,,,,,2024-08-04T18:48:18,POINT(11.532544 49.968583)
https://www.openstreetmap.org/node/12092596956,,glass_cabinet,Barbara,,,,2024-08-04T22:54:40,POINT(7.056380 51.065314)
https://www.openstreetmap.org/node/12092624264,,metal_cabinet,Stadtallendorf,,,,2024-08-04T23:39:38,POINT(9.012904 50.816630)
https://www.openstreetmap.org/node/12093522565,,,StadtWeltRaum e.V.,https://www.stadtweltraum.de/,,,2025-06-11T10:59:03,POINT(8.858269 53.045224)
https://www.openstreetmap.org/node/12097109756,,phone_box,,,,,2024-08-07T12:59:22,POINT(10.058722 51.187909)
https://www.openstreetmap.org/node/12098285199,,,,,,,2024-08-08T06:37:32,POINT(8.671370 50.198837)
https://www.openstreetmap.org/node/12098798683,,,,,,,2024-08-08T13:03:14,POINT(9.716867 52.369569)
https://www.openstreetmap.org/node/12100004601,,phone_box,,,,,2026-07-26T06:12:44,POINT(8.157913 50.142315)
https://www.openstreetmap.org/node/12100267204,,,,,,,2024-08-09T08:57:11,POINT(7.110808 52.115902)
https://www.openstreetmap.org/node/12100931438,Bücherbank der evangelischen öffentlichen Bücherei Bad Reichenhall,wooden_bench,evangelische öffentliche Bücherei Bad Reichenhall,,,2024-08-09,2024-08-09T15:17:47,POINT(12.878628 47.727076)
https://www.openstreetmap.org/node/12101384573,,,,,,,2024-08-09T21:33:33,POINT(9.827238 53.946839)
https://www.openstreetmap.org/node/12102635855,,,,,,,2025-06-11T18:53:17,POINT(8.179164 53.147392)
https://www.openstreetmap.org/node/12102823029,,,,,,20234-08-04,2024-08-10T15:24:16,POINT(6.589864 51.088751)
https://www.openstreetmap.org/node/12103038970,,wooden_cabinet,,,,,2024-10-06T15:49:40,POINT(12.669303 53.379691)
https://www.openstreetmap.org/node/12103337261,,,,,24/7,2026-05-29,2026-05-29T14:41:14,POINT(7.943972 48.472235)
https://www.openstreetmap.org/node/12103866077,Free Little Library,reading_box,,,,,2024-08-11T07:39:04,POINT(9.802428 54.587419)
https://www.openstreetmap.org/node/12104472212,,metal_cabinet,Bürgerstiftung Bonn,,,,2024-08-11T15:42:47,POINT(7.107037 50.722971)
https://www.openstreetmap.org/node/12104728092,,,,,,,2024-08-11T19:04:00,POINT(9.717409 53.947753)
https://www.openstreetmap.org/node/12105524976,,,,,24/7,,2025-06-02T15:30:08,POINT(10.499876 52.287181)
https://www.openstreetmap.org/node/12105694820,,,,,,,2024-08-13T12:03:00,POINT(8.309679 49.930759)
https://www.openstreetmap.org/node/12106307112,,,,,,,2024-08-12T14:16:05,POINT(6.659869 50.222306)
https://www.openstreetmap.org/node/12106328719,Bücherschrank,,,,,,2024-08-12T14:43:38,POINT(9.745056 52.379730)
https://www.openstreetmap.org/node/12106388101,,,,,,,2024-08-12T18:59:01,POINT(11.229509 49.761275)
https://www.openstreetmap.org/node/12106826243,,,,,,,2024-08-12T20:20:25,POINT(10.308807 47.727319)
https://www.openstreetmap.org/node/12107800853,Bücherzelle am Markt,phone_box,WoBau Burg,,24/7,2026-03-24,2026-03-24T16:20:49,POINT(11.858200 52.270676)
https://www.openstreetmap.org/node/12107800854,Bücherzelle Bruchstraße,phone_box,WoBau Burg,,24/7,2026-03-24,2026-03-24T16:20:51,POINT(11.856332 52.272147)
https://www.openstreetmap.org/node/12107800855,Bücherzelle Wilhelm-Kuhr-Straße,phone_box,WoBau Burg,,24/7,2024-03-04,2024-08-13T08:56:19,POINT(11.858287 52.277554)
https://www.openstreetmap.org/node/12107800856,Bücherzelle SoKuZ,phone_box,WoBau Burg,,24/7,2024-03-04,2024-08-13T08:56:19,POINT(11.839116 52.268730)
https://www.openstreetmap.org/node/12107800863,Bücherschrank Detershagen,,,,,,2024-08-13T08:56:19,POINT(11.810388 52.245367)
https://www.openstreetmap.org/node/12107800864,Bücherregal Detershagen,,,,,,2024-08-13T08:56:19,POINT(11.812523 52.243916)
https://www.openstreetmap.org/node/12110434654,,,,,,,2024-08-14T13:46:53,POINT(7.309583 51.492348)
https://www.openstreetmap.org/node/1211071071,Lesezelle,,,,,,2024-12-24T16:41:50,POINT(9.201570 49.210384)
https://www.openstreetmap.org/node/12113124619,,,,,,,2024-08-15T18:49:52,POINT(12.086940 50.198297)
https://www.openstreetmap.org/node/12113197118,,glass_cabinet,,,,,2024-08-15T19:37:59,POINT(8.731982 50.368383)
https://www.openstreetmap.org/node/12115679036,Bücherhäusle Yach,,,,,,2024-08-16T20:24:08,POINT(8.090870 48.159119)
https://www.openstreetmap.org/node/12117136959,Bücherzelle,,Brügerzentrum Leipziger Str.,,,,2025-09-16T12:11:25,POINT(12.905896 50.842184)
https://www.openstreetmap.org/node/12118364482,,wooden_cabinet,,,,,2024-08-18T12:37:33,POINT(9.777355 54.314626)
https://www.openstreetmap.org/node/12118366862,,phone_box,,,,,2024-08-18T12:35:10,POINT(9.731750 54.299232)
https://www.openstreetmap.org/node/12118384529,,wooden_cabinet,,,,,2024-08-18T12:36:43,POINT(9.697896 54.289295)
https://www.openstreetmap.org/node/12118599079,,,,,,,2024-08-18T15:32:42,POINT(12.731922 51.680747)
https://www.openstreetmap.org/node/12118815745,Bücherhäusle Silcherplatz,phone_box,,,24/7,,2024-08-18T17:46:11,POINT(8.964105 48.739739)
https://www.openstreetmap.org/node/12118815746,Bücherhäusle Magstadt,phone_box,,,24/7,,2024-08-18T17:46:11,POINT(8.961135 48.747235)
https://www.openstreetmap.org/node/12118932573,MIKI'S Bücherbox,phone_box,,,24/7,,2025-09-03T07:53:48,POINT(13.418279 52.507480)
https://www.openstreetmap.org/node/12119017344,Bornholter Bücherschrank,phone_box,Bürgerverein Bornholte Bhf. e. V.,,,,2026-04-27T08:31:33,POINT(8.537833 51.875992)
https://www.openstreetmap.org/node/12121071964,Stadtbücherei,building,,,"Tu,Fr 14:30-18:00, We, Sa 10:00-12:00, Th 14:30-19:00",,2025-02-15T10:47:01,POINT(8.088949 48.275712)
https://www.openstreetmap.org/node/12122729969,Die Tausch-Bibliothek,fridge,,,24/7,,2024-09-16T13:43:52,POINT(7.470903 51.856328)
https://www.openstreetmap.org/node/12124488045,,,,,,,2024-08-21T13:19:05,POINT(10.023107 50.641537)
https://www.openstreetmap.org/node/12125990748,,,,,,,2024-08-22T06:58:12,POINT(6.939978 50.959198)
https://www.openstreetmap.org/node/12132113739,,wooden_cabinet,,,24/7,2024-08-23,2026-07-23T23:31:53,POINT(7.179504 51.390945)
https://www.openstreetmap.org/node/12133739367,Bücherhäuschen,,,,,,2025-11-11T13:42:50,POINT(11.751511 48.174027)
https://www.openstreetmap.org/node/12133783634,Bücherhäuschen,phone_box,,,,,2025-05-07T09:47:02,POINT(11.716777 48.170636)
https://www.openstreetmap.org/node/12133798562,Bücherhäuschen,phone_box,,,,,2025-05-07T10:52:05,POINT(11.693888 48.152121)
https://www.openstreetmap.org/node/12135699158,,,,,,,2024-08-25T12:29:40,POINT(7.634301 51.372684)
https://www.openstreetmap.org/node/12135699695,Bücherhäuschen,shelf,,,,,2024-08-25T12:49:50,POINT(11.683452 48.962128)
https://www.openstreetmap.org/node/12135723970,Büchertausch Fensterbrett an der Damentoilette,shelf,,,Fr 09:00-18:00; Sa 10:00-15:00; Su 10:00-13:00; Mo 09:00-18:00; Tu 09:00-18:00; We 09:00-18:00; Th 09:00-18:00,,2024-11-02T10:00:23,POINT(11.683362 48.962173)
https://www.openstreetmap.org/node/12135793349,,,,,,,2024-08-25T13:42:52,POINT(8.770790 53.395536)
https://www.openstreetmap.org/node/12135818841,,glass_cabinet,,,,,2024-09-17T16:39:23,POINT(11.683864 48.960437)
https://www.openstreetmap.org/node/12135974861,Open Library,wooden_cabinet,,,,,2024-08-25T16:02:38,POINT(9.859524 53.616606)
https://www.openstreetmap.org/node/12136231270,Bücherschrank,wooden_cabinet,Zukunft Lühnde,,,,2024-08-25T18:42:38,POINT(9.950852 52.274333)
https://www.openstreetmap.org/node/12136571078,,reading_box,Gogelmoschhaus,,24/7,,2024-08-25T22:30:07,POINT(14.072836 51.047096)
https://www.openstreetmap.org/node/12137699391,,shelf,Studierendenwerk Berlin,,,,2024-08-26T13:05:42,POINT(13.325914 52.509634)
https://www.openstreetmap.org/node/12138230662,Bücherschrank,,,,,,2024-08-26T16:47:59,POINT(10.261775 51.114255)
https://www.openstreetmap.org/node/12139761921,,,,,,,2024-08-27T12:03:15,POINT(7.402931 49.941812)
https://www.openstreetmap.org/node/12140711680,,glass_cabinet,Stadt Erding,,,,2024-08-30T10:31:15,POINT(11.899167 48.308944)
https://www.openstreetmap.org/node/12140744121,,,,,,,2024-08-27T19:17:53,POINT(6.684000 51.916786)
https://www.openstreetmap.org/node/12141730547,,glass_cabinet,Treff Mosaik,,24/7,,2025-10-24T18:04:07,POINT(11.502496 48.146037)
https://www.openstreetmap.org/node/12142417869,,,,,,,2024-08-28T16:49:01,POINT(8.357459 47.933735)
https://www.openstreetmap.org/node/12142732250,,,,,,,2024-08-28T18:50:27,POINT(9.758873 52.061539)
https://www.openstreetmap.org/node/12142915074,,phone_box,,,,,2024-08-28T19:41:58,POINT(13.023755 54.370324)
https://www.openstreetmap.org/node/12142919539,,,,,,,2024-08-28T19:32:18,POINT(6.851878 51.238122)
https://www.openstreetmap.org/node/12143810777,,,,,,,2024-08-29T09:06:52,POINT(12.955245 53.331175)
https://www.openstreetmap.org/node/12145495296,,phone_box,,,,,2024-10-01T05:10:28,POINT(8.245591 49.844657)
https://www.openstreetmap.org/node/12145768339,,phone_box,,,,,2024-08-30T09:18:13,POINT(8.785825 53.008761)
https://www.openstreetmap.org/node/12145768340,Bücher-Bahnhof,wooden_cabinet,,,,,2024-08-30T09:18:13,POINT(8.860358 52.984367)
https://www.openstreetmap.org/node/12146085707,,glass_cabinet,,,,,2024-08-30T12:27:34,POINT(11.456737 47.989889)
https://www.openstreetmap.org/node/12146085708,,,,,,,2024-08-30T12:27:34,POINT(11.418282 47.995194)
https://www.openstreetmap.org/node/12146164513,,,,,,,2024-08-30T13:13:55,POINT(9.234654 52.923141)
https://www.openstreetmap.org/node/12146357397,,glass_cabinet,,,24/7,,2024-08-30T15:33:56,POINT(11.475675 48.150273)
https://www.openstreetmap.org/node/12146590914,,,,,,,2024-08-31T06:54:39,POINT(12.828146 53.236540)
https://www.openstreetmap.org/node/12148139353,,wooden_cabinet,,,,,2024-08-31T17:44:36,POINT(10.863779 48.060794)
https://www.openstreetmap.org/node/12148461327,,,,,,,2024-08-31T20:53:40,POINT(8.829429 50.198077)
https://www.openstreetmap.org/node/12149382181,Büchertausch,phone_box,,,,,2024-12-01T00:34:51,POINT(8.248505 53.097519)
https://www.openstreetmap.org/node/12149481473,,,,,,,2024-09-01T10:07:45,POINT(12.909106 53.252240)
https://www.openstreetmap.org/node/12150066786,,,,,,,2024-09-01T16:53:20,POINT(10.212875 53.720390)
https://www.openstreetmap.org/node/12150494069,,phone_box,,,,,2024-09-01T21:03:58,POINT(13.759134 51.375869)
https://www.openstreetmap.org/node/12151250838,,,,,,,2024-09-02T09:06:39,POINT(12.825417 53.346874)
https://www.openstreetmap.org/node/12151321339,,,,,,,2024-09-02T10:34:16,POINT(7.118382 52.778425)
https://www.openstreetmap.org/node/12151970773,,,,,,2024-09-02,2024-12-31T09:28:14,POINT(8.471130 48.929884)
https://www.openstreetmap.org/node/12153302831,,,,,,,2024-09-03T09:00:57,POINT(9.392012 48.779169)
https://www.openstreetmap.org/node/12153793149,,,,,,,2024-09-03T14:05:54,POINT(10.283383 51.667385)
https://www.openstreetmap.org/node/12154994749,,glass_cabinet,,,,,2024-09-04T09:35:31,POINT(10.549004 52.260971)
https://www.openstreetmap.org/node/12159469233,Bücherhütte,wooden_cabinet,BVO,,24/7,,2024-11-10T15:44:37,POINT(11.659488 48.059522)
https://www.openstreetmap.org/node/12161580480,,,Bürgerstiftung Bonn,,,,2024-09-07T09:33:56,POINT(7.108341 50.713296)
https://www.openstreetmap.org/node/12161658254,,,,,,,2024-09-07T11:27:38,POINT(7.249538 51.368998)
https://www.openstreetmap.org/node/12162230351,,,,,,,2024-09-07T18:35:59,POINT(10.304960 47.670828)
https://www.openstreetmap.org/node/12166271157,,,,,,,2024-09-09T20:25:11,POINT(8.016858 53.219177)
https://www.openstreetmap.org/node/12168199596,Büchertelefonzelle Löherstraße,,,,,,2026-02-22T15:23:08,POINT(9.674931 50.548387)
https://www.openstreetmap.org/node/12168825019,,phone_box,,,,,2025-08-06T07:42:37,POINT(14.133726 51.221530)
https://www.openstreetmap.org/node/12177365540,,wooden_cabinet,,,,,2024-09-14T20:40:55,POINT(9.924169 52.270996)
https://www.openstreetmap.org/node/12177909890,Die Schmökerei,wooden_cabinet,Martina Voosen-Edler,,,,2024-09-15T08:52:17,POINT(6.854794 50.627586)
https://www.openstreetmap.org/node/12178404900,,,,,,,2024-09-15T14:16:23,POINT(6.425238 51.533853)
https://www.openstreetmap.org/node/12179347258,,,,,,,2024-09-15T23:20:44,POINT(9.140615 49.400190)
https://www.openstreetmap.org/node/12180000701,Öffentlicher Bücherschrank,,Förderverein Berchum e.V.,,24/7,,2024-09-17T19:27:09,POINT(7.536323 51.386018)
https://www.openstreetmap.org/node/12181493719,,,,,,,2025-02-16T23:11:41,POINT(6.888729 50.836732)
https://www.openstreetmap.org/node/12182161557,,,,,,,2024-09-17T13:27:38,POINT(8.672566 53.316405)
https://www.openstreetmap.org/node/12184383201,,,,,,,2024-09-18T15:55:25,POINT(13.410787 52.556580)
https://www.openstreetmap.org/node/12184508401,,,,,,,2024-09-18T17:11:31,POINT(13.355511 52.620399)
https://www.openstreetmap.org/node/12185682753,,,,,,,2024-09-19T08:41:39,POINT(11.196452 49.620846)
https://www.openstreetmap.org/node/12186458267,,,,,,,2024-09-19T15:26:58,POINT(6.832780 50.965293)
https://www.openstreetmap.org/node/12187197186,Bücherzelle,phone_box,,,,,2024-09-19T22:12:45,POINT(10.292886 51.754622)
https://www.openstreetmap.org/node/12187631867,Osterrader Bücherhaus,,,,,,2024-09-20T07:44:05,POINT(9.354240 54.187274)
https://www.openstreetmap.org/node/12188373446,,,,,,,2024-09-20T14:35:10,POINT(11.051199 49.360214)
https://www.openstreetmap.org/node/12189924969,,phone_box,,,,,2024-09-21T14:51:36,POINT(7.718968 52.368582)
https://www.openstreetmap.org/node/12190324003,,,,,,,2024-09-21T18:12:44,POINT(10.911879 48.363153)
https://www.openstreetmap.org/node/12193284472,,,,,,,2024-09-22T19:21:36,POINT(6.937852 51.330939)
https://www.openstreetmap.org/node/12193334952,,,,,,,2024-09-22T19:59:44,POINT(7.282105 52.857825)
https://www.openstreetmap.org/node/12194400000,Trompelt's Bücherhäuschen,wooden_cabinet,MTrompelt,,24/7,,2024-09-23T12:03:11,POINT(12.369902 50.766944)
https://www.openstreetmap.org/node/12194477705,,,,,,,2026-02-03T16:46:57,POINT(10.140375 48.672912)
https://www.openstreetmap.org/node/12195631560,,phone_box,,,,2024-09-23,2024-09-23T23:55:50,POINT(12.212844 49.029967)
https://www.openstreetmap.org/node/12197237500,,,,,,,2024-09-24T15:15:54,POINT(7.218658 51.474497)
https://www.openstreetmap.org/node/1219920215,,phone_box,,,24/7,,2025-08-21T22:20:23,POINT(8.592558 49.125987)
https://www.openstreetmap.org/node/12201233245,Bücher Telefonzelle Wanfried-Aue,,,,,,2024-09-26T10:29:05,POINT(10.125879 51.179627)
https://www.openstreetmap.org/node/12201244984,Bücher Telefonzelle Kleinvach,,,,,,2024-09-26T10:33:47,POINT(9.994119 51.246984)
https://www.openstreetmap.org/node/12207685936,,,,,,,2024-09-28T21:23:18,POINT(8.288511 50.738051)
https://www.openstreetmap.org/node/12208429432,,metal_cabinet,,,,,2024-09-29T06:35:54,POINT(7.885316 49.969906)
https://www.openstreetmap.org/node/12208960093,,metal_cabinet,,,,,2024-09-29T13:53:24,POINT(9.527642 53.989321)
https://www.openstreetmap.org/node/12209556297,,phone_box,,,,,2025-01-01T16:49:38,POINT(14.799722 51.137529)
https://www.openstreetmap.org/node/12210586081,,,,,,,2024-09-30T06:03:07,POINT(12.924957 50.842524)
https://www.openstreetmap.org/node/12211500493,,,,,,,2024-09-30T10:56:12,POINT(8.386609 48.772906)
https://www.openstreetmap.org/node/12213568901,Bücherschrank Klimbim,,Klimbim,,24/7,,2024-10-01T07:49:44,POINT(8.674745 50.577841)
https://www.openstreetmap.org/node/12215732066,,metal_cabinet,,,,,2024-10-02T10:30:30,POINT(7.605175 51.884667)
https://www.openstreetmap.org/node/12218303486,,,,,,,2024-10-03T10:12:54,POINT(6.917757 50.961459)
https://www.openstreetmap.org/node/12218303487,,,,,,2026-06-16,2026-06-16T18:25:32,POINT(6.914233 50.951956)
https://www.openstreetmap.org/node/12218561748,,metal_cabinet,,,,,2024-10-03T11:51:02,POINT(7.396917 50.689479)
https://www.openstreetmap.org/node/12218766480,,glass_cabinet,KÖB Werlte,,,,2024-10-22T21:10:11,POINT(7.677788 52.850449)
https://www.openstreetmap.org/node/12222504606,,metal_cabinet,,,,2024-10-04,2024-10-05T14:10:30,POINT(8.813390 49.769300)
https://www.openstreetmap.org/node/12227985007,,,,,,,2024-10-05T15:29:07,POINT(8.794501 49.396202)
https://www.openstreetmap.org/node/12228211171,,,,,,,2024-10-05T18:05:19,POINT(7.245790 49.198717)
https://www.openstreetmap.org/node/12229145354,,wooden_cabinet,,,,,2024-10-07T07:23:34,POINT(7.736107 48.123462)
https://www.openstreetmap.org/node/12230504186,Bücherschrank am Dorfplatz,metal_cabinet,Heimatverein Polsum e.V.,,,,2024-10-06T22:10:22,POINT(7.052210 51.626911)
https://www.openstreetmap.org/node/12231134106,,,,,,,2024-10-07T06:06:18,POINT(9.496030 53.573216)
https://www.openstreetmap.org/node/12231134107,,wooden_cabinet,,,,,2024-10-07T06:06:18,POINT(9.470413 53.570644)
https://www.openstreetmap.org/node/12231378741,,,BTZ,,,,2024-10-07T09:23:07,POINT(6.912449 50.949090)
https://www.openstreetmap.org/node/12232116371,Büchergondel,,,,,,2026-01-20T14:49:33,POINT(12.168630 47.798430)
https://www.openstreetmap.org/node/12235358523,,,,,,,2024-10-08T15:31:42,POINT(6.802206 51.216433)
https://www.openstreetmap.org/node/12235953292,,phone_box,Landfrauen Borgdorf-Seedorf,,,,2024-10-08T17:33:11,POINT(9.878669 54.174746)
https://www.openstreetmap.org/node/12236292939,Tauschbox Niendorf,wooden_cabinet,Ev.-Luth. Kirchengemeinde Niendorf,,,2026-05-31,2026-05-31T14:43:13,POINT(9.949532 53.617509)
https://www.openstreetmap.org/node/12237687694,,,,,,,2025-10-24T15:48:28,POINT(13.415603 52.185574)
https://www.openstreetmap.org/node/12237722127,,glass_cabinet,,,24/7,,2024-10-09T11:09:47,POINT(13.747180 48.747427)
https://www.openstreetmap.org/node/12238271621,,,,,,,2024-10-09T13:03:26,POINT(13.974407 53.440088)
https://www.openstreetmap.org/node/12238410771,,metal_cabinet,,,,,2024-10-09T14:00:20,POINT(7.463587 50.397265)
https://www.openstreetmap.org/node/12238599561,Krink Bücherkiste,,,,,,2024-10-09T15:37:09,POINT(7.749010 52.029050)
https://www.openstreetmap.org/node/12241019213,,wooden_cabinet,,,,,2024-10-10T10:02:11,POINT(7.105778 51.240645)
https://www.openstreetmap.org/node/12244464940,,shelf,,,,,2024-10-11T16:05:07,POINT(6.927214 50.954799)
https://www.openstreetmap.org/node/12244527280,,metal_cabinet,IG Sonnborn,,,,2024-10-11T16:41:13,POINT(7.100948 51.239276)
https://www.openstreetmap.org/node/12244721864,,wooden_cabinet,private,,,,2024-10-11T19:03:37,POINT(13.809613 51.018115)
https://www.openstreetmap.org/node/12244878148,,,,,,,2024-10-11T20:18:34,POINT(10.018836 48.621492)
https://www.openstreetmap.org/node/12251084101,Offener Bücherschrank vor der Apotheke,,,,24/7,,2024-10-15T07:54:21,POINT(11.886575 50.103166)
https://www.openstreetmap.org/node/12251084201,Offener Bücherschrank im Infozentrum,,Stadt Weißenstadt,,Mo-Su 09:00-18:00,,2024-10-15T09:08:17,POINT(11.882978 50.100297)
https://www.openstreetmap.org/node/12251202843,,,,,,,2024-10-14T20:01:16,POINT(10.001127 53.611504)
https://www.openstreetmap.org/node/12251227873,Hammer Bücherbox,,,,,,2026-04-07T05:51:39,POINT(10.055424 53.556553)
https://www.openstreetmap.org/node/12251247392,,,,,,,2024-10-14T20:11:01,POINT(10.163211 53.623695)
https://www.openstreetmap.org/node/12251248330,,,,,,,2024-10-14T20:05:24,POINT(9.995087 53.646157)
https://www.openstreetmap.org/node/12251269880,,,,,,,2024-10-14T20:13:44,POINT(6.686697 49.810454)
https://www.openstreetmap.org/node/12253809954,,building,,,,,2024-10-15T20:30:14,POINT(7.470704 51.254106)
https://www.openstreetmap.org/node/12255801498,,,,,,,2024-10-16T18:48:17,POINT(13.791001 50.990476)
https://www.openstreetmap.org/node/12258458267,,wooden_cabinet,,,,,2024-10-17T14:24:25,POINT(13.791004 50.990475)
https://www.openstreetmap.org/node/12258885016,,glass_cabinet,,,,,2024-10-17T16:51:59,POINT(6.941028 50.896777)
https://www.openstreetmap.org/node/12259397878,,shelf,,,,2024-09-17,2026-07-11T21:56:05,POINT(12.086629 50.848448)
https://www.openstreetmap.org/node/12259397879,,shelf,,,,2024-09-17,2026-07-11T21:56:40,POINT(12.082558 50.878010)
https://www.openstreetmap.org/node/12259397880,,metal_cabinet,Stadtbibliothek Gera,,24/7,2024-09-17,2024-10-17T19:25:04,POINT(12.078984 50.878243)
https://www.openstreetmap.org/node/12266008677,,phone_box,,,,,2026-06-13T14:39:28,POINT(9.925224 48.811739)
https://www.openstreetmap.org/node/12269255606,Stadtbücherei Moosburg,glass_cabinet,,,,2025-02-21,2025-02-21T08:17:53,POINT(11.936877 48.468040)
https://www.openstreetmap.org/node/12269296520,,,,,,,2024-10-19T15:45:49,POINT(9.934302 48.789050)
https://www.openstreetmap.org/node/12269394336,WanderBücherei,shelf,Förderverein Backhaus Groß-Altenstädten e. V.,,"We-Fr 07:00-09:00,15:00-17:30, Sa,Su 07:30-10:00, Su[2,4] 15:00-17:30; PH off",,2024-10-19T17:04:35,POINT(8.490785 50.660992)
https://www.openstreetmap.org/node/12269394353,BücherRegal,shelf,Förderverein Backhaus Groß-Altenstädten e. V.,,24/7,,2025-05-02T07:21:37,POINT(8.490877 50.660962)
https://www.openstreetmap.org/node/12269604898,,,,,,,2024-10-19T19:05:45,POINT(11.951454 50.324529)
https://www.openstreetmap.org/node/12270637581,,,,,,2025-11-02,2025-11-02T10:32:12,POINT(8.005863 50.360444)
https://www.openstreetmap.org/node/12270762279,,,,,,,2026-05-07T09:25:14,POINT(7.379117 51.628382)
https://www.openstreetmap.org/node/12271275402,,phone_box,,,,,2024-10-20T15:35:25,POINT(10.358228 53.247913)
https://www.openstreetmap.org/node/12271470800,,,,,,,2025-05-12T22:09:47,POINT(9.160875 48.781637)
https://www.openstreetmap.org/node/12273100508,,building,,,,,2025-02-05T11:14:30,POINT(8.075100 50.100716)
https://www.openstreetmap.org/node/12273164762,,,,,,,2024-10-21T10:34:05,POINT(10.591599 52.154710)
https://www.openstreetmap.org/node/12276919409,,wooden_cabinet,,,,,2024-10-21T16:32:03,POINT(9.880328 52.147463)
https://www.openstreetmap.org/node/12277095463,,,,,,,2024-10-21T18:17:22,POINT(9.916764 48.873203)
https://www.openstreetmap.org/node/12277164314,,,,,,,2024-10-25T03:46:10,POINT(9.176479 49.617915)
https://www.openstreetmap.org/node/12278257229,,,,,,,2024-10-22T09:44:31,POINT(6.745045 51.273602)
https://www.openstreetmap.org/node/12278527398,,,,,,,2024-10-22T11:55:59,POINT(9.697167 50.537805)
https://www.openstreetmap.org/node/12279230899,,phone_box,,,,2024-10-22,2024-10-22T18:21:28,POINT(9.972426 54.398565)
https://www.openstreetmap.org/node/12280312718,,wooden_cabinet,,,,2024-10-22,2024-10-23T00:13:22,POINT(9.938662 54.307284)
https://www.openstreetmap.org/node/12280314626,,wooden_cabinet,,,,2024-10-22,2024-10-23T00:07:06,POINT(9.744239 54.370000)
https://www.openstreetmap.org/node/12280785847,,reading_box,,,,,2024-10-23T04:22:51,POINT(12.775441 48.845184)
https://www.openstreetmap.org/node/12288516453,,Bücherbaum,,,,,2024-10-25T17:40:11,POINT(7.029012 49.486204)
https://www.openstreetmap.org/node/12291486188,,wooden_cabinet,,,,,2024-10-27T09:04:39,POINT(13.414954 52.494855)
https://www.openstreetmap.org/node/12291499149,Öffentlicher Bücherschrank Gemeinde Altlußheim,,Gemeinde Altlußheim,,,,2024-10-27T09:00:54,POINT(8.498105 49.300556)
https://www.openstreetmap.org/node/12294103306,,phone_box,,,24/7,,2026-06-06T10:45:25,POINT(7.616759 51.308242)
https://www.openstreetmap.org/node/12294280005,Bücherlade,reading_box,,,,2024-10-27,2024-10-28T16:47:20,POINT(9.144294 50.242889)
https://www.openstreetmap.org/node/12296564317,,,,,,,2024-10-29T13:30:20,POINT(9.080990 49.653192)
https://www.openstreetmap.org/node/12299647221,,,,,,,2024-10-30T14:57:32,POINT(8.978391 51.797834)
https://www.openstreetmap.org/node/12301480311,,wooden_cabinet,,,24/7,,2025-05-19T13:14:35,POINT(8.226156 50.076513)
https://www.openstreetmap.org/node/12304119054,,,,,,,2024-11-01T11:10:01,POINT(13.948937 50.934612)
https://www.openstreetmap.org/node/12307152985,,phone_box,,,,,2024-11-03T06:58:37,POINT(12.886183 49.080733)
https://www.openstreetmap.org/node/12309390470,,,,,,,2024-11-03T13:10:28,POINT(10.562210 52.245503)
https://www.openstreetmap.org/node/12309779516,Hörbacher Bücherschrank,phone_box,Ortsbeirat Hörbach,,,,2026-06-06T10:12:29,POINT(8.272027 50.667321)
https://www.openstreetmap.org/node/12311550565,,,,,,,2024-11-04T09:50:43,POINT(9.610236 48.066515)
https://www.openstreetmap.org/node/12311582055,,,,,,,2024-11-04T09:46:47,POINT(10.908940 48.370195)
https://www.openstreetmap.org/node/12312455625,,,,,,,2024-11-04T17:11:27,POINT(7.187666 52.207821)
https://www.openstreetmap.org/node/12313993770,,,,,24/7,2026-06-05,2026-06-05T02:29:08,POINT(9.937238 51.542839)
https://www.openstreetmap.org/node/12314220183,,,,,,,2024-11-05T13:10:06,POINT(9.188880 54.758069)
https://www.openstreetmap.org/node/12317803838,,,,,,,2024-11-27T16:30:35,POINT(7.588878 52.297378)
https://www.openstreetmap.org/node/12323322245,,,,,,2026-05-25,2026-05-25T11:49:54,POINT(13.049351 53.035878)
https://www.openstreetmap.org/node/12325435551,,phone_box,,,,2025-11-19,2026-03-07T14:40:48,POINT(7.167277 51.255102)
https://www.openstreetmap.org/node/12327292222,,,,,,,2024-11-09T18:43:54,POINT(13.288069 53.062780)
https://www.openstreetmap.org/node/12328199625,,,,,,,2024-11-10T06:30:03,POINT(9.367839 49.581739)
https://www.openstreetmap.org/node/12328999361,,,,,,,2026-02-18T10:33:55,POINT(11.197537 48.040600)
https://www.openstreetmap.org/node/12331129283,Hösbacher Bücherschrank,metal_cabinet,,,,,2025-09-05T19:15:02,POINT(9.202253 50.003881)
https://www.openstreetmap.org/node/12331194609,,,,,,,2024-11-12T21:01:50,POINT(10.595744 50.472290)
https://www.openstreetmap.org/node/12335148054,,,,,,,2024-11-12T17:25:22,POINT(13.710247 52.508056)
https://www.openstreetmap.org/node/12341245418,,,,,,,2024-11-14T21:32:41,POINT(9.232021 51.819041)
https://www.openstreetmap.org/node/12343146228,,,,,,,2024-11-15T06:54:44,POINT(6.971636 50.812639)
https://www.openstreetmap.org/node/12346104500,,,,,,,2024-11-16T15:03:23,POINT(9.915284 51.540095)
https://www.openstreetmap.org/node/12356612768,,,,,,,2024-11-19T20:50:54,POINT(11.517486 48.106491)
https://www.openstreetmap.org/node/12358191705,,glass_cabinet,,,,,2026-03-18T09:50:46,POINT(10.494437 52.243894)
https://www.openstreetmap.org/node/12360320689,,,,,,,2024-11-29T13:53:46,POINT(7.952537 48.470642)
https://www.openstreetmap.org/node/12361317524,,glass_cabinet,,,,,2024-11-21T10:10:36,POINT(6.473908 50.768366)
https://www.openstreetmap.org/node/12361404356,,metal_cabinet,,,,,2024-11-21T10:44:41,POINT(6.859464 51.451167)
https://www.openstreetmap.org/node/12362112939,,,,,,,2024-11-21T17:06:15,POINT(10.241596 52.225380)
https://www.openstreetmap.org/node/12365468789,,,,,,,2024-11-22T17:25:01,POINT(6.658066 50.926683)
https://www.openstreetmap.org/node/12369638845,,,,,,,2024-11-24T13:46:22,POINT(11.370915 48.205169)
https://www.openstreetmap.org/node/12369679519,,,,,,,2024-11-24T13:48:40,POINT(11.379286 48.205573)
https://www.openstreetmap.org/node/12373156083,,,,,,,2024-11-25T08:00:20,POINT(8.051055 49.835398)
https://www.openstreetmap.org/node/12373823241,Offenes Bücherregal,,,,,2026-06-02,2026-06-02T21:59:52,POINT(9.229001 48.756063)
https://www.openstreetmap.org/node/12378553020,,,Peter-Weiss-Haus,,,,2024-11-27T11:02:55,POINT(12.120957 54.088799)
https://www.openstreetmap.org/node/12379219645,,,,,,,2025-02-10T15:59:16,POINT(11.457048 47.748146)
https://www.openstreetmap.org/node/12379787260,Bücherschrank in Telefonzelle,phone_box,,,24/7,,2024-11-27T20:28:28,POINT(12.838492 52.288210)
https://www.openstreetmap.org/node/12392684942,,,,,,,2024-12-03T01:12:43,POINT(9.635047 48.877358)
https://www.openstreetmap.org/node/12394062544,Bücherzelle,,,,,,2025-01-01T11:24:02,POINT(7.333859 49.388040)
https://www.openstreetmap.org/node/12395593599,,phone_box,,,,,2024-12-04T09:39:46,POINT(7.163586 50.550770)
https://www.openstreetmap.org/node/12396216875,,,,,,,2025-09-12T17:30:51,POINT(8.918693 49.025264)
https://www.openstreetmap.org/node/12398235690,Öffentlicher Bücherschrank,,,,,,2024-12-05T17:15:06,POINT(10.299209 49.558538)
https://www.openstreetmap.org/node/12404433797,,,,,,,2026-07-12T14:29:32,POINT(13.056536 51.996075)
https://www.openstreetmap.org/node/12404445996,,,,,,,2026-03-23T11:06:18,POINT(8.234041 51.891029)
https://www.openstreetmap.org/node/12404889597,,,,,,,2024-12-08T14:48:24,POINT(11.251722 48.185130)
https://www.openstreetmap.org/node/12405404163,,phone_box,,,,,2024-12-08T19:11:26,POINT(6.625805 49.954601)
https://www.openstreetmap.org/node/12407263441,,,,,,,2024-12-09T14:22:34,POINT(12.803059 54.277309)
https://www.openstreetmap.org/node/12407472551,,,,,,,2024-12-09T16:13:39,POINT(6.652928 50.949638)
https://www.openstreetmap.org/node/12407480461,,,,,,,2024-12-09T16:39:06,POINT(11.246895 50.140262)
https://www.openstreetmap.org/node/12422915794,Bücherschrank am Papierbach,phone_box,,https://ampapierbach-landsberg.de/upcycling-aktion-neuer-buecherschrank-am-papierbach/,,,2025-03-14T09:42:48,POINT(10.868449 48.050706)
https://www.openstreetmap.org/node/12425543544,,,,,,,2024-12-17T15:58:34,POINT(9.223679 49.398825)
https://www.openstreetmap.org/node/12426972916,,,,,,,2024-12-17T19:59:26,POINT(9.203999 48.789565)
https://www.openstreetmap.org/node/12431558285,Mini Bibliothek,wooden_cabinet,Privat,,24/7,,2025-05-14T16:46:23,POINT(12.346468 51.842347)
https://www.openstreetmap.org/node/12437169078,,,,,,2025-12-31,2025-12-31T15:56:20,POINT(9.341377 47.728919)
https://www.openstreetmap.org/node/12437207303,,,,,,,2026-07-19T16:00:45,POINT(12.642728 50.594411)
https://www.openstreetmap.org/node/12437227756,,,,,,,2024-12-20T16:50:37,POINT(11.138057 48.358991)
https://www.openstreetmap.org/node/12441605090,BücherZelle,phone_box,,,,,2024-12-22T14:15:43,POINT(8.466966 53.496412)
https://www.openstreetmap.org/node/12451263557,Die Bücherwaage,building,Stadtbücherei Abenberg,,24/7,,2026-01-24T14:44:40,POINT(10.962225 49.242554)
https://www.openstreetmap.org/node/12452996457,,,,,,,2024-12-26T13:03:03,POINT(13.355349 51.151189)
https://www.openstreetmap.org/node/12455994851,,,,,,,2024-12-27T14:15:02,POINT(10.081785 48.277524)
https://www.openstreetmap.org/node/12456340759,Bücherbox,phone_box,,,,,2024-12-27T18:04:11,POINT(13.821933 51.063009)
https://www.openstreetmap.org/node/12457400755,,glass_cabinet,,,24/7,,2024-12-27T23:39:10,POINT(11.130670 48.458314)
https://www.openstreetmap.org/node/12458785179,Bücherschrank der Bücherei,,Bücherei Schmidtheim,,Th 15:00-18:00,,2026-07-16T09:02:22,POINT(6.557789 50.417553)
https://www.openstreetmap.org/node/12463224226,,,,,,,2024-12-30T15:10:46,POINT(8.690844 53.186051)
https://www.openstreetmap.org/node/12463229767,,,,,24/7,,2025-04-19T22:33:49,POINT(8.684421 53.182282)
https://www.openstreetmap.org/node/12466654588,,,,,,,2025-01-01T10:43:03,POINT(9.192897 50.203303)
https://www.openstreetmap.org/node/12467155346,,metal_cabinet,,,,,2025-05-04T09:07:54,POINT(6.344304 50.838920)
https://www.openstreetmap.org/node/12470797331,,metal_cabinet,,,24/7,,2025-01-03T08:17:19,POINT(6.156078 51.675846)
https://www.openstreetmap.org/node/12471133066,,,,,,,2025-01-03T12:55:53,POINT(9.386252 51.101631)
https://www.openstreetmap.org/node/12471151063,,,,,,,2025-01-03T12:49:49,POINT(8.667775 49.557710)
https://www.openstreetmap.org/node/12471684059,Obergriesheimer Bücherschrank,,,,,,2025-01-03T17:17:56,POINT(9.203853 49.264209)
https://www.openstreetmap.org/node/12473413122,,,,,,,2025-01-04T12:31:40,POINT(6.602326 51.490081)
https://www.openstreetmap.org/node/12473690895,,,,,,2025-01-04,2025-03-29T15:26:18,POINT(7.032383 50.981534)
https://www.openstreetmap.org/node/12478400948,,,,,,,2025-01-06T13:06:16,POINT(10.229104 52.286753)
https://www.openstreetmap.org/node/12478574848,,metal_cabinet,,,,,2025-12-30T21:44:16,POINT(12.111892 47.733833)
https://www.openstreetmap.org/node/12479551845,,,,,,,2025-01-06T23:02:28,POINT(11.375330 48.361275)
https://www.openstreetmap.org/node/12484494285,,,,,,,2025-01-08T14:08:06,POINT(6.602278 51.489867)
https://www.openstreetmap.org/node/12485220250,,,,,,,2025-01-08T21:49:18,POINT(7.806963 47.979350)
https://www.openstreetmap.org/node/12487348367,,metal_cabinet,,,,,2025-01-09T22:52:47,POINT(8.200086 51.482077)
https://www.openstreetmap.org/node/12489363712,,glass_cabinet,,,24/7,,2025-01-10T21:14:37,POINT(11.414355 48.146391)
https://www.openstreetmap.org/node/1248985572,,wooden_cabinet,,,,,2022-12-09T09:06:02,POINT(9.684769 52.377388)
https://www.openstreetmap.org/node/12492424546,,phone_box,,,,,2025-01-11T15:13:43,POINT(13.039498 54.312143)
https://www.openstreetmap.org/node/12495872786,,,,,,,2025-01-12T13:54:30,POINT(9.805934 48.381592)
https://www.openstreetmap.org/node/12496143031,,metal_cabinet,,,24/7,,2025-01-12T16:10:31,POINT(10.072274 54.318844)
https://www.openstreetmap.org/node/12496286572,Fabi-Bücherhäuschen,reading_box,Katholische Familienbildungsstätte Hamburg e. V.,,,,2025-01-12T17:16:54,POINT(10.031862 53.562174)
https://www.openstreetmap.org/node/12502925564,,,,,,,2025-01-14T22:56:01,POINT(14.420917 52.245325)
https://www.openstreetmap.org/node/12505153848,,,,,,,2025-01-15T18:49:02,POINT(12.397297 51.306276)
https://www.openstreetmap.org/node/12512765415,Bücherschrank,,,,,,2025-12-22T10:51:28,POINT(8.948367 48.534001)
https://www.openstreetmap.org/node/12513938655,,,,,,,2025-01-19T10:12:44,POINT(6.255673 50.719507)
https://www.openstreetmap.org/node/12513942980,Bücherregal,,,,,,2025-01-19T10:34:48,POINT(9.441699 52.325141)
https://www.openstreetmap.org/node/12516672503,,,,,,,2025-01-19T19:36:11,POINT(9.368356 47.872699)
https://www.openstreetmap.org/node/12517714504,,,,,,,2025-01-20T06:09:51,POINT(9.454214 54.808772)
https://www.openstreetmap.org/node/12518643750,,,,,,,2025-01-20T17:00:23,POINT(8.594185 50.233737)
https://www.openstreetmap.org/node/12520908408,,phone_box,,,,,2025-01-21T16:10:16,POINT(13.787838 53.607989)
https://www.openstreetmap.org/node/12521036388,,,,,,,2025-01-21T17:43:18,POINT(7.155811 50.577179)
https://www.openstreetmap.org/node/12522660452,,,,,,,2025-01-22T11:14:52,POINT(11.428570 53.603743)
https://www.openstreetmap.org/node/12523144065,,,,,,,2025-01-22T16:45:35,POINT(8.508003 51.875737)
https://www.openstreetmap.org/node/12523145343,,wooden_cabinet,,,24/7,,2025-01-22T16:38:53,POINT(8.903972 53.807592)
https://www.openstreetmap.org/node/12526832713,,metal_cabinet,,,,,2025-06-30T18:37:32,POINT(6.853653 50.622907)
https://www.openstreetmap.org/node/12530525342,,,,,,,2025-01-25T00:54:58,POINT(6.993699 50.985075)
https://www.openstreetmap.org/node/12531404998,,,,,,,2025-09-18T00:19:03,POINT(6.966766 50.907474)
https://www.openstreetmap.org/node/12532252688,,,,,,,2025-01-25T19:04:56,POINT(9.689470 50.056499)
https://www.openstreetmap.org/node/12532926096,,,,,,,2025-01-26T00:02:25,POINT(11.055915 49.604314)
https://www.openstreetmap.org/node/12533982897,,wooden_cabinet,,,,,2025-01-26T13:46:26,POINT(8.076916 52.278504)
https://www.openstreetmap.org/node/12534368483,,phone_box,,,,,2025-01-26T16:58:52,POINT(14.531449 52.189534)
https://www.openstreetmap.org/node/12544318693,,shelf,Stadt Usingen,,,,2025-10-14T13:11:46,POINT(8.527805 50.330896)
https://www.openstreetmap.org/node/12546525632,,,,,,,2025-01-31T14:45:00,POINT(11.318782 47.658860)
https://www.openstreetmap.org/node/12547353850,,phone_box,,,,,2025-01-31T19:38:00,POINT(9.184974 49.764444)
https://www.openstreetmap.org/node/12548883419,,,,,,,2026-03-23T14:34:42,POINT(12.008239 53.516887)
https://www.openstreetmap.org/node/12549048135,,,,,24/7,2025-02-02,2025-02-01T13:46:06,POINT(7.597405 51.475812)
https://www.openstreetmap.org/node/12550828718,Bücherschrank Böckerhof,,,,,,2025-10-03T00:13:18,POINT(7.091032 51.157952)
https://www.openstreetmap.org/node/12551755511,,,,,,,2025-02-02T18:08:43,POINT(13.368602 52.575521)
https://www.openstreetmap.org/node/12552072628,,,,,,,2025-02-02T19:07:40,POINT(9.021190 53.061091)
https://www.openstreetmap.org/node/12553482001,Azner BücherKiste,phone_box,,,,,2025-06-09T03:24:03,POINT(11.104080 50.988891)
https://www.openstreetmap.org/node/12556775731,,,,,,,2025-02-04T15:39:55,POINT(6.783768 51.237931)
https://www.openstreetmap.org/node/12557172553,,,,,,,2025-02-04T18:42:28,POINT(11.369416 48.177931)
https://www.openstreetmap.org/node/12558621841,,,,,,,2025-02-05T10:22:04,POINT(7.166952 50.674444)
https://www.openstreetmap.org/node/12558666503,,wooden_cabinet,,,24/7,,2025-02-05T10:51:54,POINT(7.860653 51.630606)
https://www.openstreetmap.org/node/12558666504,,phone_box,,,24/7,,2025-02-05T10:51:54,POINT(7.860824 51.630701)
https://www.openstreetmap.org/node/12558666531,,wooden_cabinet,,,Mo-Sa 07:00-22:00,,2025-02-05T10:51:54,POINT(7.754711 51.597430)
https://www.openstreetmap.org/node/12559020563,,,,,,,2025-02-05T14:31:09,POINT(7.071104 50.678070)
https://www.openstreetmap.org/node/12560070026,,,,,,,2025-02-05T21:34:00,POINT(7.701242 51.371114)
https://www.openstreetmap.org/node/12568504843,,metal_cabinet,,,,2025-02-08,2025-02-08T16:50:33,POINT(7.210654 50.800022)
https://www.openstreetmap.org/node/12570911999,,,,,,,2026-05-25T18:13:51,POINT(8.644461 49.846730)
https://www.openstreetmap.org/node/12570937124,,,,,,,2025-02-09T17:54:06,POINT(11.613901 48.138928)
https://www.openstreetmap.org/node/12571055341,Büchertausch im freiLand,shelf,freiLand Potsdam e.V.,,,,2025-02-09T14:03:24,POINT(13.076898 52.389500)
https://www.openstreetmap.org/node/12571057130,,shelf,erlenhof32,,"Mo-Th 09:00-15:00, Fr 09:00-13:00",,2026-07-13T19:09:55,POINT(13.094460 52.377180)
https://www.openstreetmap.org/node/12571803901,,,,,,,2025-02-09T18:22:20,POINT(7.006186 50.938556)
https://www.openstreetmap.org/node/12573804930,,shelf,,,24/7,,2025-02-10T10:29:03,POINT(8.648150 48.785755)
https://www.openstreetmap.org/node/12579127101,,shelf,,,,,2025-02-11T15:00:49,POINT(10.561876 52.291995)
https://www.openstreetmap.org/node/12579173074,Büecherhüsli,,,,,,2025-02-11T15:26:45,POINT(10.682245 53.906338)
https://www.openstreetmap.org/node/12579241201,,,,,,,2025-02-11T16:06:25,POINT(6.998336 50.928357)
https://www.openstreetmap.org/node/12582732237,,,,,,,2025-02-12T18:48:15,POINT(9.557442 49.080879)
https://www.openstreetmap.org/node/12587178480,,,,,,2026-02-16,2026-02-16T10:38:38,POINT(7.605842 50.350060)
https://www.openstreetmap.org/node/12588842784,,,,,,,2025-02-15T01:31:45,POINT(6.800022 49.267259)
https://www.openstreetmap.org/node/12589780110,,,,,,,2025-02-15T09:50:19,POINT(6.612619 50.636435)
https://www.openstreetmap.org/node/12590427454,,,,,,,2025-02-15T16:24:42,POINT(10.518822 52.268826)
https://www.openstreetmap.org/node/12590679369,,,,,,2025-02,2025-02-15T19:07:44,POINT(11.246179 49.358406)
https://www.openstreetmap.org/node/12594020774,,,,,24/7,2025-02-02,2025-02-16T21:52:25,POINT(7.412050 51.502765)
https://www.openstreetmap.org/node/12595651748,Öffentlicher Bücherschrank,,,,,,2025-02-17T12:34:52,POINT(7.233679 50.694768)
https://www.openstreetmap.org/node/12605004856,,,,,,,2025-02-20T19:42:04,POINT(7.408722 50.984653)
https://www.openstreetmap.org/node/12607031623,,,,,,,2025-02-21T14:19:13,POINT(8.138340 49.363155)
https://www.openstreetmap.org/node/12609295274,,,Literaturbüro NRW,,,,2025-02-25T21:21:44,POINT(6.758117 51.252397)
https://www.openstreetmap.org/node/12609691309,,,,,,,2025-02-22T12:50:47,POINT(6.531048 51.438142)
https://www.openstreetmap.org/node/12612935270,,,,,,,2025-02-23T14:52:49,POINT(8.452444 48.143299)
https://www.openstreetmap.org/node/12612987065,,phone_box,,,24/7,,2025-02-27T12:04:13,POINT(13.005040 52.423119)
https://www.openstreetmap.org/node/12616777273,,shelf,,,"Mo-We 08:00-16:30; Th 08:00-17:30; Fr 08:00-12:00; Sa, Su, PH off",,2025-02-24T22:09:45,POINT(11.909290 49.620987)
https://www.openstreetmap.org/node/12617906928,,,,,,,2025-02-25T10:31:55,POINT(11.210458 50.248337)
https://www.openstreetmap.org/node/12618299378,,,,,,,2025-05-09T19:30:53,POINT(7.102439 51.431859)
https://www.openstreetmap.org/node/12620611784,,,USB,,,,2025-09-16T08:00:29,POINT(7.143318 51.493784)
https://www.openstreetmap.org/node/12620614975,,,USB,,,,2025-02-26T13:50:50,POINT(7.180505 51.467765)
https://www.openstreetmap.org/node/12620616287,,,USB Bochum,,,,2026-02-25T05:27:19,POINT(7.135114 51.480717)
https://www.openstreetmap.org/node/12620800426,,,,,,,2025-02-26T15:45:21,POINT(8.894252 53.080675)
https://www.openstreetmap.org/node/12625647684,,wooden_cabinet,Jörg Schneider,,,,2025-02-28T13:45:25,POINT(12.921426 50.850264)
https://www.openstreetmap.org/node/12625685257,,shelf,,,24/7,,2025-02-28T13:54:09,POINT(12.936823 50.886637)
https://www.openstreetmap.org/node/12625687943,,phone_box,Dietrich Bonhoeffer Kirchgemeinde,,09:00-18:00,,2025-02-28T13:34:49,POINT(12.899112 50.791822)
https://www.openstreetmap.org/node/12625689542,,phone_box,Einsiedeler Ortschaftsrat,,"24/7 ""open""",,2026-07-27T14:32:21,POINT(12.974547 50.773255)
https://www.openstreetmap.org/node/12625689555,,phone_box,Unser Knappteich,,24/7,,2025-02-28T13:40:42,POINT(12.961408 50.834720)
https://www.openstreetmap.org/node/12625703414,,shelf,Dock 28,,,,2025-02-28T13:30:16,POINT(12.893881 50.794097)
https://www.openstreetmap.org/node/12625712851,,shelf,Nachhaltige Lesefreunde ASR,,"Mo, We, Fr 08:30-12:00; Tu,Th 03:00-18:00",,2025-02-28T13:49:57,POINT(12.913518 50.859653)
https://www.openstreetmap.org/node/12625723511,,shelf,,,Mo-Th 08:00-17:00,,2025-02-28T13:38:30,POINT(12.898847 50.789470)
https://www.openstreetmap.org/node/12625748349,,reading_box,Frauke Woitsch,,24/7,,2025-02-28T13:52:43,POINT(12.907197 50.856328)
https://www.openstreetmap.org/node/12625763145,,metal_cabinet,AJZ,,,,2025-02-28T13:58:50,POINT(12.922703 50.860889)
https://www.openstreetmap.org/node/12626377531,,,,,,,2025-02-28T20:21:57,POINT(10.238827 47.944653)
https://www.openstreetmap.org/node/12627932478,,,,,,,2025-03-01T08:19:09,POINT(8.235208 53.155763)
https://www.openstreetmap.org/node/12628018027,,wooden_cabinet,,,,,2025-03-01T09:07:10,POINT(8.211810 53.146431)
https://www.openstreetmap.org/node/12630217975,,,,,,,2025-03-02T12:59:26,POINT(13.988740 53.504525)
https://www.openstreetmap.org/node/12630357276,,,,,,,2025-12-23T20:53:54,POINT(11.652103 50.928718)
https://www.openstreetmap.org/node/12632648459,,phone_box,,,,,2025-03-03T08:37:11,POINT(8.205713 53.146135)
https://www.openstreetmap.org/node/12632772486,,,,,,,2025-03-03T08:30:24,POINT(8.200930 53.151028)
https://www.openstreetmap.org/node/12633293597,,phone_box,,,,,2025-03-03T13:56:32,POINT(8.236149 53.148639)
https://www.openstreetmap.org/node/12635761773,,phone_box,,,,,2025-03-04T11:57:39,POINT(9.429096 48.946085)
https://www.openstreetmap.org/node/12637334483,,,,,,,2026-06-11T14:27:51,POINT(9.142444 48.703515)
https://www.openstreetmap.org/node/12638377703,,,,,24/7,,2025-03-05T10:36:32,POINT(7.956094 49.810191)
https://www.openstreetmap.org/node/12642664050,Coole Bücher,metal_cabinet,,,,,2025-03-07T08:34:41,POINT(6.409275 51.182189)
https://www.openstreetmap.org/node/12645054501,H-Nordfriesland,,,,,,2025-03-08T09:08:47,POINT(8.871527 54.308256)
https://www.openstreetmap.org/node/12645079322,,,,,,,2025-03-08T10:00:39,POINT(6.711322 50.697702)
https://www.openstreetmap.org/node/12646009201,,,,,,,2025-03-08T20:11:22,POINT(9.443121 48.467829)
https://www.openstreetmap.org/node/12647533856,,wooden_cabinet,,,,,2025-03-09T14:26:58,POINT(8.210853 53.134140)
https://www.openstreetmap.org/node/12647986929,,,smart retail solutions,,24/7,,2026-05-10T07:57:16,POINT(8.924623 49.864688)
https://www.openstreetmap.org/node/12647987501,Parklet mit Bücherschrank,,,,,,2025-12-12T14:17:38,POINT(7.588767 50.345808)
https://www.openstreetmap.org/node/12648183706,,,,,,,2025-03-09T19:02:43,POINT(7.171036 50.664731)
https://www.openstreetmap.org/node/12650359916,,,,,24/7,,2025-03-10T17:33:29,POINT(12.980778 47.838151)
https://www.openstreetmap.org/node/12651745624,,,,,,,2025-03-11T07:08:49,POINT(9.692744 49.598358)
https://www.openstreetmap.org/node/12652238893,,,,,,,2025-03-11T13:47:52,POINT(10.801265 48.390347)
https://www.openstreetmap.org/node/12656838599,,,,,,,2025-03-12T16:12:01,POINT(7.301064 51.931390)
https://www.openstreetmap.org/node/12659751104,,,,,,,2025-03-13T15:21:56,POINT(6.585102 51.316969)
https://www.openstreetmap.org/node/12660646810,,,,,,,2025-08-29T14:04:13,POINT(9.211491 48.489559)
https://www.openstreetmap.org/node/12660983565,RWE Bücherschrank,glass_cabinet,,,24/7,,2025-03-14T11:28:11,POINT(6.902258 50.894773)
https://www.openstreetmap.org/node/12662342034,Westenergie Bücherschrank,metal_cabinet,,,,,2025-03-14T09:48:31,POINT(6.742498 49.750043)
https://www.openstreetmap.org/node/12662350235,,metal_cabinet,,,,,2025-03-14T09:38:19,POINT(6.376682 51.607275)
https://www.openstreetmap.org/node/12662357198,,metal_cabinet,,,,,2025-03-14T09:40:28,POINT(6.722636 51.232271)
https://www.openstreetmap.org/node/12662358771,,,,,,,2025-03-14T09:55:06,POINT(10.693156 53.866019)
https://www.openstreetmap.org/node/12662412502,,metal_cabinet,,,,,2025-03-14T10:11:51,POINT(8.628177 51.529980)
https://www.openstreetmap.org/node/12666492351,Gartenzaunbibliothek,wooden_cabinet,,,,,2025-05-10T12:36:38,POINT(13.698886 52.522220)
https://www.openstreetmap.org/node/12668750574,,fridge,,,,,2025-03-15T18:24:47,POINT(12.881936 50.835323)
https://www.openstreetmap.org/node/12669046705,,wooden_cabinet,,,,,2025-03-15T21:36:09,POINT(12.891177 50.815273)
https://www.openstreetmap.org/node/12670339967,,metal_cabinet,Stefan Eger,,,,2025-03-16T16:03:05,POINT(12.785267 50.813527)
https://www.openstreetmap.org/node/12673148391,Bücherzelle bei DRK Zentrum,,DRK,,,,2025-03-17T14:34:57,POINT(13.545674 52.530898)
https://www.openstreetmap.org/node/12673173441,UnbezahlBar Regal,,UnbezahlBar,,,,2025-03-17T14:23:59,POINT(13.544235 52.542785)
https://www.openstreetmap.org/node/12673182540,Bei Fröbel-Kindergarten,,,,,,2025-03-17T14:30:50,POINT(13.506278 52.629157)
https://www.openstreetmap.org/node/12673210123,Regal bei Volkssolidarität,,Volkssolidarität Zentrum,,,,2025-03-17T14:26:33,POINT(13.551558 52.545001)
https://www.openstreetmap.org/node/12676767016,,phone_box,,,,,2025-03-18T14:40:24,POINT(10.100398 53.197696)
https://www.openstreetmap.org/node/12677479045,,,,,,,2025-03-18T21:33:03,POINT(13.551340 53.006954)
https://www.openstreetmap.org/node/12685871181,,,,,,,2025-03-20T23:10:46,POINT(9.528476 53.355534)
https://www.openstreetmap.org/node/12686615822,,,,,,,2025-03-21T09:21:08,POINT(7.861314 49.846853)
https://www.openstreetmap.org/node/12688348818,,,,,,,2025-03-21T18:13:25,POINT(6.321938 51.121327)
https://www.openstreetmap.org/node/12690471284,,,,,,,2025-03-22T09:43:51,POINT(10.191208 47.985868)
https://www.openstreetmap.org/node/12690711979,,metal_cabinet,Bürgerverein Kleinolbersdorf,,24/7,,2025-03-22T11:33:44,POINT(13.006848 50.799852)
https://www.openstreetmap.org/node/12690713262,,metal_cabinet,Physiotherapie Joseph,,,,2025-03-22T11:41:08,POINT(12.833111 50.826521)
https://www.openstreetmap.org/node/12690777543,,,,,,,2025-03-22T18:10:44,POINT(7.110605 51.116775)
https://www.openstreetmap.org/node/12693200199,,,,,,,2025-03-23T13:18:34,POINT(13.041891 51.581339)
https://www.openstreetmap.org/node/12694735981,,phone_box,,,24/7,,2025-03-23T16:58:24,POINT(10.759382 53.214292)
https://www.openstreetmap.org/node/12695441383,,,,,,,2025-03-23T23:22:31,POINT(11.091668 52.867602)
https://www.openstreetmap.org/node/12695441384,,,,,,,2025-03-23T23:22:31,POINT(11.117848 52.862098)
https://www.openstreetmap.org/node/12695478451,,,,,,,2025-03-23T23:55:58,POINT(9.485144 49.580498)
https://www.openstreetmap.org/node/12696458731,,,,,,,2025-03-24T12:23:31,POINT(12.347966 53.468812)
https://www.openstreetmap.org/node/12698189124,,,,,,,2025-03-25T08:44:03,POINT(7.747218 47.957108)
https://www.openstreetmap.org/node/12698861864,,wooden_cabinet,Bundeswehrzentralkrankenhaus Koblenz,,,2025-03-20,2025-03-25T13:28:55,POINT(7.541565 50.368645)
https://www.openstreetmap.org/node/12700471634,,,,,,,2025-03-25T20:29:22,POINT(11.656694 48.109000)
https://www.openstreetmap.org/node/12700471642,,,,,,,2025-12-25T16:45:23,POINT(11.637757 48.108929)
https://www.openstreetmap.org/node/12704673393,Bücherschrank Stadtkyll,metal_cabinet,,,,,2025-03-27T13:02:19,POINT(6.529643 50.350447)
https://www.openstreetmap.org/node/12704673394,Bücherschrank Glaadt,wooden_cabinet,,,,,2025-07-07T12:25:23,POINT(6.573075 50.349616)
https://www.openstreetmap.org/node/12704763100,Bücherschrank Hillesheim,metal_cabinet,,,,,2025-07-07T12:32:39,POINT(6.670966 50.290624)
https://www.openstreetmap.org/node/12704790654,Bücherschrank Kommern,,,,,,2025-03-27T13:43:52,POINT(6.647844 50.612321)
https://www.openstreetmap.org/node/12704790655,Bücherschrank Arloff,,,,,,2025-03-27T13:43:52,POINT(6.792201 50.595197)
https://www.openstreetmap.org/node/12704790656,Bücherschrank Prüm,,,,,,2025-03-27T13:43:52,POINT(6.421679 50.207840)
https://www.openstreetmap.org/node/12706375508,,,,,,,2025-03-28T03:09:50,POINT(8.263664 49.344057)
https://www.openstreetmap.org/node/12706550166,,wooden_cabinet,,,,,2025-03-28T07:14:36,POINT(8.184736 53.168798)
https://www.openstreetmap.org/node/12707490281,,shelf,,,,,2025-03-28T13:19:21,POINT(8.486631 49.492956)
https://www.openstreetmap.org/node/12707523891,,shelf,,,,,2025-03-28T13:09:32,POINT(8.587907 49.381432)
https://www.openstreetmap.org/node/12707860284,Offener Bücherschrank Neukeferloh,phone_box,Gemeinde Grasbrunn,,,,2025-03-28T15:30:14,POINT(11.761194 48.096221)
https://www.openstreetmap.org/node/12707861053,,,,,,,2025-03-28T15:23:03,POINT(10.558153 52.233569)
https://www.openstreetmap.org/node/12708283914,Offenes Bücherregal Waldrems,,,,,,2025-03-28T19:25:09,POINT(9.436890 48.917058)
https://www.openstreetmap.org/node/12708559050,,,,,,,2025-03-28T22:23:45,POINT(10.359782 49.876133)
https://www.openstreetmap.org/node/12709412030,,metal_cabinet,,,,,2025-03-29T08:28:59,POINT(8.696595 48.885184)
https://www.openstreetmap.org/node/12709613577,Kinderbücherschrank,,,,,,2025-03-29T11:50:14,POINT(6.815026 51.264092)
https://www.openstreetmap.org/node/12713271105,Schatzkammer,phone_box,GWV Gemeinnütziger Wohnungsverein zu Bochum eG,,,,2026-06-06T10:52:40,POINT(7.232390 51.489784)
https://www.openstreetmap.org/node/12713499850,,phone_box,,,,,2025-04-01T14:35:41,POINT(13.421895 48.712860)
https://www.openstreetmap.org/node/12714794110,,shelf,,,,,2025-03-30T23:00:56,POINT(8.206658 53.138947)
https://www.openstreetmap.org/node/12714863653,,glass_cabinet,,,,,2025-03-31T14:52:57,POINT(6.836802 50.935596)
https://www.openstreetmap.org/node/12715425788,,wooden_cabinet,Reformhaus Maier,,,,2025-03-31T08:23:33,POINT(9.221854 49.141237)
https://www.openstreetmap.org/node/12716148301,Bücherschrank Lühnde,,Ortsrat Lühnde,,,,2025-03-31T13:32:07,POINT(9.950909 52.274349)
https://www.openstreetmap.org/node/12716438235,,phone_box,,,,,2025-03-31T15:35:27,POINT(13.417151 48.735060)
https://www.openstreetmap.org/node/12718035240,,,,,,,2025-04-01T08:42:40,POINT(10.415726 53.247128)
https://www.openstreetmap.org/node/12721889674,,phone_box,,,,,2025-07-23T05:58:20,POINT(10.323529 52.403541)
https://www.openstreetmap.org/node/12721954717,,,Sabatino,,,,2025-04-02T06:19:47,POINT(8.424863 51.452002)
https://www.openstreetmap.org/node/12723299463,Bücherschrank auf dem Ossietzkyplatz,,Trotz Allem,,24/7,,2025-04-02T13:04:32,POINT(7.331758 51.442885)
https://www.openstreetmap.org/node/12723547157,,,,,,,2026-07-21T08:38:33,POINT(11.411490 50.977903)
https://www.openstreetmap.org/node/12724192795,,,,,,,2025-04-02T19:56:28,POINT(7.766288 50.126072)
https://www.openstreetmap.org/node/12724932201,Offener Bücherschrank,,,,24/7,,2025-04-03T06:46:33,POINT(13.358759 52.431629)
https://www.openstreetmap.org/node/12725667153,,,,,,,2025-04-03T12:33:51,POINT(7.672216 47.827302)
https://www.openstreetmap.org/node/12727752393,,wooden_cabinet,,,,,2025-04-04T03:10:51,POINT(8.192704 53.138459)
https://www.openstreetmap.org/node/12728540422,,wooden_cabinet,Semmer Dorfleben e.V.,,,,2025-04-04T10:18:08,POINT(8.886032 49.874056)
https://www.openstreetmap.org/node/12732221491,,phone_box,,,,,2025-04-06T00:00:01,POINT(8.409668 48.942852)
https://www.openstreetmap.org/node/12732221493,,glass_cabinet,,,,,2025-04-06T00:00:01,POINT(8.408908 48.941125)
https://www.openstreetmap.org/node/12732912302,,,,,,,2025-12-11T14:06:21,POINT(7.737033 52.133659)
https://www.openstreetmap.org/node/12732967484,,,,,,,2025-04-06T11:26:00,POINT(10.838387 48.275011)
https://www.openstreetmap.org/node/12733258224,,,,,,,2025-04-06T11:30:48,POINT(8.219882 50.056593)
https://www.openstreetmap.org/node/12734126780,,,,,,,2025-04-06T14:25:27,POINT(8.848580 53.405866)
https://www.openstreetmap.org/node/12736141417,Bücherkiste,,Teestube,,,,2025-04-12T12:45:27,POINT(13.295932 52.635802)
https://www.openstreetmap.org/node/12736177591,,metal_cabinet,,,,2025-04-06,2026-06-30T09:26:28,POINT(10.914273 50.797750)
https://www.openstreetmap.org/node/12736177592,,wooden_cabinet,,,,,2026-06-30T09:23:44,POINT(10.913022 50.797616)
https://www.openstreetmap.org/node/12736240832,Bücherzelle Abensberg,phone_box,,,,,2025-04-07T09:20:11,POINT(11.847005 48.819337)
https://www.openstreetmap.org/node/12736643303,,phone_box,,,,,2025-04-07T13:24:34,POINT(8.966444 50.073453)
https://www.openstreetmap.org/node/12737062995,Baitzer Bücherbox,wooden_cabinet,,,,,2025-04-07T17:19:26,POINT(12.679941 52.171287)
https://www.openstreetmap.org/node/12738779172,,wooden_cabinet,"Stadt Hannover, Fachbereich Kultur",,24/7,,2025-04-08T10:57:36,POINT(9.796028 52.435999)
https://www.openstreetmap.org/node/12741159707,Öffentlicher Bücherschrank,metal_cabinet,,,24/7,,2025-04-09T10:21:42,POINT(7.305766 51.437445)
https://www.openstreetmap.org/node/12744051348,,wooden_cabinet,,,,,2025-04-10T07:47:58,POINT(14.045522 50.932542)
https://www.openstreetmap.org/node/12744535895,,,,,,,2025-04-10T12:16:44,POINT(14.140249 52.502949)
https://www.openstreetmap.org/node/12744749196,,,,,,,2025-05-29T16:44:41,POINT(8.836447 53.096777)
https://www.openstreetmap.org/node/12744936357,,metal_cabinet,,,,,2025-04-10T15:46:03,POINT(6.956168 50.934640)
https://www.openstreetmap.org/node/12745154595,,,,,,,2025-04-10T17:52:04,POINT(9.737600 49.111315)
https://www.openstreetmap.org/node/12745225644,,metal_cabinet,,,24/7,,2025-04-10T18:28:59,POINT(7.081502 50.882775)
https://www.openstreetmap.org/node/12747952313,,,,,,2026-04-28,2026-04-28T21:33:56,POINT(8.022979 52.280369)
https://www.openstreetmap.org/node/12747987432,Bökerschapp,phone_box,Ortsverein Falkenburg-Habbrügge,,,,2025-10-11T09:55:59,POINT(8.487358 53.048048)
https://www.openstreetmap.org/node/12748291176,,,,,,,2025-04-11T17:44:31,POINT(8.742126 51.515833)
https://www.openstreetmap.org/node/12748582047,Öffentlicher Bücherschrank,,,,,,2025-04-11T18:43:58,POINT(10.108162 49.821830)
https://www.openstreetmap.org/node/12749399880,,phone_box,,,24/7,,2025-04-12T06:46:53,POINT(13.058330 52.543260)
https://www.openstreetmap.org/node/12749399881,,wooden_cabinet,,,Mo-Sa 07:00-20:00; PH off,,2025-04-12T06:46:53,POINT(13.051632 52.559736)
https://www.openstreetmap.org/node/12749399882,,wooden_cabinet,Zahnarztpraxis Dr. Schmidt-Breitung,,Mo 12:30-20:00; Tu 08:00-15:00; We 12:00-20:00; Th 08:00-15:00; Fr 08:00-13:00; PH off,,2025-04-12T06:46:53,POINT(13.051379 52.565627)
https://www.openstreetmap.org/node/12750373876,,phone_box,,,,,2025-04-12T18:56:32,POINT(12.017732 54.103307)
https://www.openstreetmap.org/node/12752188864,,metal_cabinet,,,,,2025-04-23T10:30:14,POINT(6.725176 50.768580)
https://www.openstreetmap.org/node/12752739059,Dennewitzer Leseecke,phone_box,,,,,2025-04-13T17:34:02,POINT(13.011373 51.969843)
https://www.openstreetmap.org/node/12753133554,,,,,,,2025-04-13T22:11:04,POINT(10.896874 48.370793)
https://www.openstreetmap.org/node/12754362942,Offener Bücherschrank,,,,,,2025-04-14T13:23:57,POINT(10.670392 47.921260)
https://www.openstreetmap.org/node/12754446701,,,,,,,2025-04-14T13:46:15,POINT(8.221092 48.298098)
https://www.openstreetmap.org/node/12754707194,,,,,,,2025-04-14T16:48:29,POINT(10.316721 53.252940)
https://www.openstreetmap.org/node/12756521899,,,,,,,2025-04-15T04:51:20,POINT(9.187116 49.896269)
https://www.openstreetmap.org/node/12757265751,Kinderbücherschrank,metal_cabinet,,,,,2025-04-15T11:33:05,POINT(11.922012 50.328671)
https://www.openstreetmap.org/node/12758462871,,,,,,,2025-04-15T21:17:22,POINT(11.451649 53.416534)
https://www.openstreetmap.org/node/12758481294,,,,,,,2025-04-15T21:54:40,POINT(11.375459 53.510104)
https://www.openstreetmap.org/node/12758492959,,,,,,,2025-04-15T22:06:07,POINT(11.398010 53.528735)
https://www.openstreetmap.org/node/12758492960,,,,,,,2025-04-15T22:06:07,POINT(11.429677 53.508707)
https://www.openstreetmap.org/node/12763147325,,metal_cabinet,,,24/7,,2025-04-17T21:42:07,POINT(11.583436 50.094025)
https://www.openstreetmap.org/node/12765912545,,,,,,,2025-04-18T11:52:34,POINT(13.450764 51.439588)
https://www.openstreetmap.org/node/12765989301,Hin & Weg II,metal_cabinet,,,24/7,,2026-03-31T16:18:01,POINT(13.401189 52.579076)
https://www.openstreetmap.org/node/12768042173,,,,,,,2025-04-19T07:50:44,POINT(8.007233 52.245115)
https://www.openstreetmap.org/node/12768090752,,,,,,,2025-05-29T13:00:24,POINT(11.370895 48.805538)
https://www.openstreetmap.org/node/12768668701,,shelf,,,,,2025-04-19T15:17:10,POINT(9.479092 47.649843)
https://www.openstreetmap.org/node/12769843818,Dissens Bücherschrank,,,,,,2025-04-20T08:31:19,POINT(8.204895 52.114396)
https://www.openstreetmap.org/node/12770284197,,,,,,,2025-04-20T12:46:30,POINT(9.319606 53.315981)
https://www.openstreetmap.org/node/12770504179,,wooden_cabinet,,,,,2025-04-20T15:41:44,POINT(9.503530 53.939212)
https://www.openstreetmap.org/node/12770612876,Bücherzelle,phone_box,,,24/7,,2026-06-06T13:46:08,POINT(7.757168 49.790548)
https://www.openstreetmap.org/node/12770646968,,,,,,,2025-04-20T16:53:31,POINT(9.843860 53.311120)
https://www.openstreetmap.org/node/12770911132,,,,,,,2025-04-20T20:12:26,POINT(6.685899 49.724424)
https://www.openstreetmap.org/node/12770950353,,,,,,,2026-07-18T09:53:07,POINT(7.592387 50.335660)
https://www.openstreetmap.org/node/12771013929,,,,,,,2025-04-20T21:07:20,POINT(9.734568 49.090120)
https://www.openstreetmap.org/node/12771484088,,,,,,,2026-05-29T22:05:57,POINT(9.476456 53.684645)
https://www.openstreetmap.org/node/12771599909,Öffentlicher Bücherschrank,,,,,,2025-12-03T11:10:06,POINT(7.578342 49.795585)
https://www.openstreetmap.org/node/12771753940,,phone_box,,,,,2025-04-21T09:03:10,POINT(10.161173 53.580853)
https://www.openstreetmap.org/node/12771967653,Bücherhäuschen,,,,,,2025-04-21T11:40:37,POINT(8.715248 49.123233)
https://www.openstreetmap.org/node/12772251615,,,,,,,2025-04-21T14:21:30,POINT(9.872828 53.287697)
https://www.openstreetmap.org/node/12772607165,,wooden_cabinet,Ortsausschuß Volmershoven-Heidgen e.V.,,,,2025-06-24T18:41:08,POINT(7.019103 50.679379)
https://www.openstreetmap.org/node/12772710977,Waldbücherei,,,,,,2025-04-21T16:59:05,POINT(11.240822 50.161777)
https://www.openstreetmap.org/node/12776244419,,,,,,,2025-04-24T13:36:24,POINT(9.501926 48.014955)
https://www.openstreetmap.org/node/12777729071,,,,,,,2025-04-23T04:38:07,POINT(10.352066 52.311358)
https://www.openstreetmap.org/node/12778803712,,phone_box,,,,,2026-06-05T20:30:49,POINT(9.813952 52.339268)
https://www.openstreetmap.org/node/12778846532,,,,,,,2025-04-23T15:21:19,POINT(9.783834 52.340594)
https://www.openstreetmap.org/node/12779267668,,,,,,,2025-04-23T18:54:04,POINT(11.615092 52.643717)
https://www.openstreetmap.org/node/12781269852,Tauschbücherbox,,Bund Naturschutz Gröbenzell,,,,2025-04-24T05:32:02,POINT(11.368472 48.192023)
https://www.openstreetmap.org/node/12782003531,,fridge,,,,,2025-08-18T04:14:37,POINT(10.354883 52.386809)
https://www.openstreetmap.org/node/12784293460,BücherZelle,phone_box,,,,,2025-04-24T19:05:36,POINT(9.036399 53.071486)
https://www.openstreetmap.org/node/12785546972,,,,,,,2025-04-25T10:06:27,POINT(9.778160 47.790183)
https://www.openstreetmap.org/node/12785580025,,phone_box,,,,,2025-04-25T10:26:23,POINT(8.465161 48.913385)
https://www.openstreetmap.org/node/12786095498,,,,,,,2025-04-25T13:45:46,POINT(8.255385 50.989028)
https://www.openstreetmap.org/node/12786872453,,,,,,,2025-04-25T19:29:22,POINT(6.998063 51.066254)
https://www.openstreetmap.org/node/12787098001,,,,,,,2025-04-25T21:42:18,POINT(12.041773 52.648433)
https://www.openstreetmap.org/node/12788240302,,,,,,,2025-04-26T15:01:55,POINT(8.052889 48.329455)
https://www.openstreetmap.org/node/12789580254,,phone_box,,,,,2025-04-26T17:47:34,POINT(12.427898 48.506831)
https://www.openstreetmap.org/node/12793479865,,,,,,,2025-04-27T22:16:08,POINT(11.870742 52.920855)
https://www.openstreetmap.org/node/12793856212,,,,,,,2025-04-28T04:27:40,POINT(10.330122 52.461469)
https://www.openstreetmap.org/node/12794268474,,,,,,,2025-04-28T09:13:17,POINT(12.179432 49.678248)
https://www.openstreetmap.org/node/12794301419,,,,,,,2025-04-28T09:14:54,POINT(12.276686 49.723557)
https://www.openstreetmap.org/node/12794322173,,,,,,,2025-04-28T09:20:24,POINT(12.493043 49.641746)
https://www.openstreetmap.org/node/12796098305,,,,,,,2025-04-28T20:31:44,POINT(11.254375 48.184369)
https://www.openstreetmap.org/node/12796342030,,glass_cabinet,,,,,2025-04-28T22:56:50,POINT(8.756035 50.339490)
https://www.openstreetmap.org/node/12797959297,,,,,,,2025-04-29T14:18:35,POINT(9.967795 49.719990)
https://www.openstreetmap.org/node/12798145581,,,,,,,2025-04-29T15:44:24,POINT(8.554052 50.215742)
https://www.openstreetmap.org/node/12800718385,,,,,,2026-05-12,2026-05-12T17:59:23,POINT(10.535411 52.230347)
https://www.openstreetmap.org/node/12800735847,Bücherschrank Rewe,wooden_cabinet,Rewe,,,,2025-04-30T17:02:24,POINT(7.570690 50.341865)
https://www.openstreetmap.org/node/12801031772,,glass_cabinet,Ehrenamtsagentur Cloppenburg,,,,2025-04-30T20:16:18,POINT(8.043486 52.845519)
https://www.openstreetmap.org/node/12802268079,,,,,,,2025-05-01T13:10:31,POINT(10.564456 47.568564)
https://www.openstreetmap.org/node/12802707448,,,,,,,2025-05-01T17:20:07,POINT(8.111401 50.593898)
https://www.openstreetmap.org/node/12802733748,,,,,,,2025-05-01T17:50:31,POINT(6.256061 51.098994)
https://www.openstreetmap.org/node/12803517122,,reading_box,,,,,2025-05-02T05:03:26,POINT(13.757161 51.017272)
https://www.openstreetmap.org/node/12803889717,Öffentlicher Bücherschrank,,Stadtbücherei Halver,,,,2025-06-20T11:56:38,POINT(7.504433 51.186042)
https://www.openstreetmap.org/node/12804016526,,,,,,,2026-05-03T18:48:15,POINT(8.484750 53.326148)
https://www.openstreetmap.org/node/12804315146,,wooden_cabinet,,,,,2025-05-02T15:26:00,POINT(7.622806 49.553990)
https://www.openstreetmap.org/node/12805657843,Bücherschrank Thiemstraße,,Literaturhaus Magdeburg |AQB Magdeburg gGmbH,https://www.magdebuch.de/portfolio-items/buecherschrank-thiemstrasse/,,,2025-12-20T17:17:35,POINT(11.639130 52.106315)
https://www.openstreetmap.org/node/12805668833,,phone_box,Fachhochschule,,,,2026-06-30T18:35:29,POINT(11.673617 52.140948)
https://www.openstreetmap.org/node/12805952200,,,,,,,2025-05-03T11:01:00,POINT(7.034630 50.780217)
https://www.openstreetmap.org/node/12805964807,Büsdorfer Bücherschrank,shelf,,,24/7,,2026-05-03T14:30:21,POINT(6.710811 50.991909)
https://www.openstreetmap.org/node/12805970727,BücherBar,wooden_cabinet,,,,,2025-05-03T11:31:51,POINT(7.614453 47.593191)
https://www.openstreetmap.org/node/12806717329,,,,,,,2025-05-03T20:07:36,POINT(11.239119 49.670796)
https://www.openstreetmap.org/node/12806783701,,,,,24/7,,2025-05-03T20:39:11,POINT(8.055184 49.098395)
https://www.openstreetmap.org/node/12809302153,,,,,,,2025-05-04T10:28:51,POINT(8.031069 52.263383)
https://www.openstreetmap.org/node/12811167871,Bücherschrank Gönnersdorf,metal_cabinet,,,,,2025-07-07T12:27:29,POINT(6.598486 50.328632)
https://www.openstreetmap.org/node/12811667131,,,,,,,2025-05-05T13:17:43,POINT(6.692015 51.841194)
https://www.openstreetmap.org/node/12812311867,,,,,,,2025-05-05T18:56:00,POINT(8.593670 51.583366)
https://www.openstreetmap.org/node/12813118319,,,,,,,2025-05-06T00:07:40,POINT(10.452330 52.237420)
https://www.openstreetmap.org/node/12814736096,,wooden_cabinet,,,,,2025-05-06T15:47:52,POINT(8.675347 50.049879)
https://www.openstreetmap.org/node/12815246566,,phone_box,,,,,2025-05-06T19:53:59,POINT(8.650409 49.614869)
https://www.openstreetmap.org/node/12815593826,,phone_box,,,,,2025-05-06T22:15:49,POINT(10.415162 53.030663)
https://www.openstreetmap.org/node/12818047943,,,,,,,2025-05-07T22:05:25,POINT(8.987058 53.141047)
https://www.openstreetmap.org/node/12819199955,,shelf,,,,,2025-05-08T11:26:38,POINT(11.666564 48.062842)
https://www.openstreetmap.org/node/12819561342,,wooden_cabinet,"Stadt Hannover, Fachbereich Kultur",,24/7,,2025-05-08T12:39:05,POINT(9.809719 52.390581)
https://www.openstreetmap.org/node/12820354311,,,,,,,2025-05-08T15:19:46,POINT(11.293682 49.170871)
https://www.openstreetmap.org/node/12821327731,,phone_box,,,,,2026-06-26T14:21:15,POINT(11.468901 48.690358)
https://www.openstreetmap.org/node/12823412724,,,,,,,2025-05-09T12:25:20,POINT(13.453223 52.489245)
https://www.openstreetmap.org/node/12823721157,,,Haus der Begegnung,,,,2025-05-09T15:13:44,POINT(11.345666 48.215337)
https://www.openstreetmap.org/node/12824517895,,,,,,,2025-05-09T21:55:41,POINT(11.530487 49.287011)
https://www.openstreetmap.org/node/12824860888,,metal_cabinet,,,24/7,,2025-05-10T01:02:34,POINT(8.378900 49.018352)
https://www.openstreetmap.org/node/12825570063,,,,,,,2025-05-10T10:33:12,POINT(8.848495 53.405874)
https://www.openstreetmap.org/node/12828151219,"Büchertausch ""Fair Teiler""",wooden_cabinet,,,24/7,,2025-05-11T11:02:29,POINT(8.629849 54.515390)
https://www.openstreetmap.org/node/12828529811,,,,,,,2025-05-11T14:31:20,POINT(8.707592 49.505877)
https://www.openstreetmap.org/node/12828768605,,wooden_cabinet,,,,,2025-05-11T16:27:17,POINT(9.176297 49.674589)
https://www.openstreetmap.org/node/12829213430,,,,,24/7,,2025-05-11T21:45:32,POINT(8.073739 49.373061)
https://www.openstreetmap.org/node/12830117753,,,,,,,2025-05-12T11:12:39,POINT(8.717477 50.745631)
https://www.openstreetmap.org/node/12831719900,,,Heilig-Geist Gemeinde,,,,2025-05-12T18:40:43,POINT(8.564881 50.215088)
https://www.openstreetmap.org/node/12839559397,,,Stadt Dieburg,,,,2025-05-15T09:16:15,POINT(8.852928 49.903306)
https://www.openstreetmap.org/node/12840796499,,phone_box,,,,,2025-05-15T22:13:51,POINT(8.901450 50.474159)
https://www.openstreetmap.org/node/12841181911,,,,,,,2025-05-16T05:28:29,POINT(6.373555 51.457177)
https://www.openstreetmap.org/node/12842602001,Öffentlicher Bücherschrank,,Kunst- und Kulturverein Erbendorf e.V.,,24/7,,2025-11-28T16:51:45,POINT(12.049531 49.844643)
https://www.openstreetmap.org/node/12842663506,,,,,,,2025-05-18T06:37:41,POINT(12.226022 47.795259)
https://www.openstreetmap.org/node/12843045772,,,,,,,2025-05-16T21:18:54,POINT(11.369533 53.904976)
https://www.openstreetmap.org/node/12843792295,,phone_box,Katholische Öffentliche Bücherei Kleinostheim;Eisen-Sauer GmbH,,,,2025-05-18T15:17:39,POINT(9.062217 50.001492)
https://www.openstreetmap.org/node/12844283463,,,,,,,2025-05-18T15:13:40,POINT(8.222694 50.069118)
https://www.openstreetmap.org/node/12844284648,,,,,,,2025-05-18T15:13:40,POINT(8.228385 50.063616)
https://www.openstreetmap.org/node/12844368126,,metal_cabinet,"Stadt Siegburg, Patenschaft durch Café T.O.D.",,,2025-05-17,2025-05-17T15:58:33,POINT(7.209933 50.809604)
https://www.openstreetmap.org/node/12844368130,,metal_cabinet,"Stadt Siegburg, Pate: Bürgergemeinschaft Stallberg",,,2025-05-17,2025-05-17T15:58:33,POINT(7.232079 50.807148)
https://www.openstreetmap.org/node/12846866562,,wooden_cabinet,,,,,2025-05-18T12:30:21,POINT(9.515472 54.084682)
https://www.openstreetmap.org/node/12847201358,,metal_cabinet,,,,,2025-05-18T15:16:14,POINT(6.931738 50.859766)
https://www.openstreetmap.org/node/12849721466,,,,,,,2025-05-19T21:40:13,POINT(11.275644 53.702402)
https://www.openstreetmap.org/node/12849729012,,,,,,,2025-05-19T22:25:08,POINT(11.259121 53.697045)
https://www.openstreetmap.org/node/12851503849,,,Stadtteilzentrum WHO,,,,2025-09-12T12:07:06,POINT(9.060537 48.542667)
https://www.openstreetmap.org/node/12851912424,,,,,,,2025-05-20T22:03:42,POINT(10.939179 53.758497)
https://www.openstreetmap.org/node/12854855972,,,,,,2025-05-26,2025-05-26T20:45:30,POINT(6.063326 50.796621)
https://www.openstreetmap.org/node/12854855973,,,,,,,2025-05-22T07:23:18,POINT(6.041757 50.816189)
https://www.openstreetmap.org/node/12855433796,,,,,,,2025-05-22T13:05:55,POINT(8.838440 50.132108)
https://www.openstreetmap.org/node/12856088110,,,AWO,,,,2026-05-26T07:05:45,POINT(8.226159 51.961666)
https://www.openstreetmap.org/node/12856887878,,,,,,,2025-05-23T06:07:31,POINT(12.092341 49.048248)
https://www.openstreetmap.org/node/12857108850,,,,,,,2026-01-13T11:24:39,POINT(9.935581 51.138391)
https://www.openstreetmap.org/node/12857667180,,,,,,,2025-05-23T13:58:50,POINT(7.859628 52.609988)
https://www.openstreetmap.org/node/12859274543,,,,,,,2026-05-20T16:41:13,POINT(7.174310 51.499936)
https://www.openstreetmap.org/node/12859490762,,shelf,,,,,2025-05-23T21:54:08,POINT(8.754306 50.362074)
https://www.openstreetmap.org/node/12860498832,Öffentliche Bücherzelle Schlangen,phone_box,,,,,2025-05-24T10:29:56,POINT(8.833146 51.803369)
https://www.openstreetmap.org/node/12861464312,,,,,,,2025-05-24T20:16:21,POINT(12.365029 50.738220)
https://www.openstreetmap.org/node/12864643918,,phone_box,,,,,2025-05-26T12:45:28,POINT(9.989116 49.776417)
https://www.openstreetmap.org/node/12864745852,,,,,,,2025-05-26T13:34:26,POINT(9.734839 49.052906)
https://www.openstreetmap.org/node/12864967722,,wooden_cabinet,,,,,2025-05-26T15:31:27,POINT(12.394692 49.069311)
https://www.openstreetmap.org/node/12865511279,Bökerschapp im Turm,,,,,,2025-05-26T21:20:39,POINT(9.061955 53.349660)
https://www.openstreetmap.org/node/12865577537,,,,,,,2025-05-26T22:01:45,POINT(11.587301 53.948238)
https://www.openstreetmap.org/node/12873169245,,shelter,,,,,2025-05-29T13:16:28,POINT(10.914617 48.380946)
https://www.openstreetmap.org/node/12873583775,,metal_cabinet,,,,,2025-05-29T17:13:46,POINT(7.914614 47.566370)
https://www.openstreetmap.org/node/12873898248,Books 4 You,,,,,,2025-05-29T19:16:47,POINT(10.660361 48.455472)
https://www.openstreetmap.org/node/12875208990,lesbar,phone_box,Vonovia,,24/7,,2025-05-31T05:50:09,POINT(13.312211 52.468033)
https://www.openstreetmap.org/node/12875288608,,,,,,,2025-05-30T12:57:26,POINT(8.487185 51.937812)
https://www.openstreetmap.org/node/12875616588,,,,,,,2025-06-09T09:51:09,POINT(9.392630 48.399670)
https://www.openstreetmap.org/node/12875864996,,metal_cabinet,,,,,2025-05-30T18:39:34,POINT(11.390533 48.063270)
https://www.openstreetmap.org/node/12876001860,Bücherschrank,metal_cabinet,Dorfgemeinschaft Sonnenberg,https://www.dg-sonnenberg.de/,24/7,,2025-05-30T20:10:27,POINT(10.409383 52.237892)
https://www.openstreetmap.org/node/12878365179,,,,,,,2025-06-01T05:37:09,POINT(6.911416 50.953426)
https://www.openstreetmap.org/node/12878611836,Hof Schulze-Schollen,,,,,,2025-06-01T08:28:46,POINT(7.072707 51.935423)
https://www.openstreetmap.org/node/12878613543,,phone_box,,,,,2025-06-01T08:47:38,POINT(8.929355 50.125908)
https://www.openstreetmap.org/node/12878805992,,phone_box,,,24/7,,2025-06-01T11:15:19,POINT(11.159006 48.123041)
https://www.openstreetmap.org/node/12878973704,,,,,,,2025-06-01T12:52:52,POINT(8.004337 47.742851)
https://www.openstreetmap.org/node/12879662954,Bücher Molke,,,,,,2025-06-01T21:49:19,POINT(9.600843 48.332301)
https://www.openstreetmap.org/node/12880531529,,,,,,,2025-06-02T08:54:36,POINT(10.063775 48.352997)
https://www.openstreetmap.org/node/12880599990,,shelter,,,24/7,,2025-06-03T17:07:26,POINT(8.291981 50.572768)
https://www.openstreetmap.org/node/12883015709,,,,,,,2025-06-03T09:06:07,POINT(7.407844 53.075599)
https://www.openstreetmap.org/node/12884499511,Büchergondel,,,,24/7,,2025-06-30T13:40:30,POINT(11.429385 48.749310)
https://www.openstreetmap.org/node/12888100405,,,Kindergarten Ahornbaum,,,,2025-07-17T06:19:41,POINT(9.626302 50.547928)
https://www.openstreetmap.org/node/12888443207,,phone_box,,,24/7,,2025-06-05T09:47:37,POINT(13.045625 52.397092)
https://www.openstreetmap.org/node/12889606874,,,,,,,2025-06-05T22:26:53,POINT(9.401566 52.719483)
https://www.openstreetmap.org/node/12889624296,,,,,,,2025-06-05T22:57:29,POINT(9.571639 52.706073)
https://www.openstreetmap.org/node/12890309529,,,,,,,2025-06-06T05:50:37,POINT(13.440134 52.678692)
https://www.openstreetmap.org/node/12892598377,Bücher - Tauschzelle,phone_box,,,,,2025-06-06T17:35:37,POINT(7.153415 50.194203)
https://www.openstreetmap.org/node/12892711038,,phone_box,,,,,2026-05-01T00:07:34,POINT(13.882062 52.582257)
https://www.openstreetmap.org/node/12892822807,Deininger Bücherschrank,glass_cabinet,,,,,2025-06-06T18:50:19,POINT(11.498550 47.953993)
https://www.openstreetmap.org/node/12893413796,,,,,,,2026-05-17T12:46:32,POINT(9.342366 48.457214)
https://www.openstreetmap.org/node/12894090431,,phone_box,,,,,2026-01-08T06:55:45,POINT(8.559898 49.860364)
https://www.openstreetmap.org/node/12895477782,,,,,,,2025-06-07T18:42:34,POINT(11.868170 51.387300)
https://www.openstreetmap.org/node/12896220073,,,,,,,2025-06-08T12:51:31,POINT(7.126199 49.441070)
https://www.openstreetmap.org/node/12896372536,,,,,,,2025-06-08T09:38:00,POINT(7.370130 50.728031)
https://www.openstreetmap.org/node/12896426895,,,,,24/7,,2025-06-08T10:37:26,POINT(7.007928 51.497822)
https://www.openstreetmap.org/node/12896479036,,,,,,,2025-06-08T11:05:27,POINT(8.661217 49.499638)
https://www.openstreetmap.org/node/12896628187,,phone_box,,,,,2025-06-08T12:32:08,POINT(10.158001 50.070854)
https://www.openstreetmap.org/node/12898534622,,phone_box,,,,,2025-06-09T03:08:54,POINT(11.512352 50.982649)
https://www.openstreetmap.org/node/12899017240,Bücherschrank Porschendorfer Straße,,,,,,2025-06-09T10:21:08,POINT(13.973069 50.999773)
https://www.openstreetmap.org/node/12899332749,,,,,,,2025-06-09T12:51:44,POINT(10.163677 53.649143)
https://www.openstreetmap.org/node/12900461907,,,,,,,2025-06-09T21:58:04,POINT(6.302267 50.773822)
https://www.openstreetmap.org/node/12902250429,Zentralbibliothek,,,,,,2025-06-10T13:44:33,POINT(9.564211 54.803874)
https://www.openstreetmap.org/node/12902611613,Tauschbibliothek Oberrathen,,,,,,2025-06-10T15:59:20,POINT(14.078012 50.956804)
https://www.openstreetmap.org/node/12903308890,Beuchaer Bücher Box,phone_box,,,,,2025-06-10T20:12:10,POINT(12.564561 51.322274)
https://www.openstreetmap.org/node/12903393446,,,,,,,2025-06-10T20:44:09,POINT(7.324822 51.522063)
https://www.openstreetmap.org/node/12903524593,,,,,,,2025-06-10T22:11:42,POINT(10.185782 52.960600)
https://www.openstreetmap.org/node/12903530501,,,,,,,2026-03-03T23:13:11,POINT(10.137030 52.932796)
https://www.openstreetmap.org/node/12906022892,Bücherbox,phone_box,Evang.-Luth. Kirchengemeinde Erlangen-Thomaskirche,,24/7,2025-06-11,2025-06-20T09:03:27,POINT(11.025078 49.576764)
https://www.openstreetmap.org/node/12907546613,,,,,Mo-Fr 10:00-20:00,,2026-06-21T07:33:58,POINT(6.786720 51.081094)
https://www.openstreetmap.org/node/12907571151,,,,,,,2025-06-11T18:39:22,POINT(9.275288 48.870738)
https://www.openstreetmap.org/node/12908388051,,phone_box,,,,,2025-06-11T21:44:06,POINT(12.304603 50.222194)
https://www.openstreetmap.org/node/12909210514,,wooden_cabinet,,,,,2025-06-12T10:08:50,POINT(13.530364 52.490205)
https://www.openstreetmap.org/node/12909662454,,,,,,,2025-06-12T14:52:40,POINT(14.071304 50.918906)
https://www.openstreetmap.org/node/12909724761,Buchhaltestelle,,,,,2025-07-13,2025-07-15T20:08:40,POINT(9.187842 51.481010)
https://www.openstreetmap.org/node/12914022247,,,,,,,2025-06-14T08:21:21,POINT(13.605675 52.631734)
https://www.openstreetmap.org/node/12914097657,,,,,,,2025-06-14T09:06:49,POINT(9.149427 48.532486)
https://www.openstreetmap.org/node/12915119411,,,,,,,2025-06-14T16:02:51,POINT(12.806217 51.328890)
https://www.openstreetmap.org/node/12915147395,,,,,,,2025-06-14T16:29:31,POINT(8.985532 50.892431)
https://www.openstreetmap.org/node/12915152009,Bücherzelle,phone_box,Stadt Fulda,,,,2025-06-14T19:06:09,POINT(9.678115 50.552128)
https://www.openstreetmap.org/node/12916861101,,,,,,,2025-06-15T06:36:56,POINT(7.223679 51.772243)
https://www.openstreetmap.org/node/12917243974,,phone_box,,,,,2025-06-15T11:19:01,POINT(13.891543 52.389754)
https://www.openstreetmap.org/node/12917480192,,,,,,,2025-06-15T13:58:37,POINT(13.117356 52.272174)
https://www.openstreetmap.org/node/12918216834,,metal_cabinet,,,24/7,,2025-06-15T21:42:41,POINT(10.202333 49.926595)
https://www.openstreetmap.org/node/12919269586,,phone_box,,,,,2025-06-16T13:04:16,POINT(13.331964 52.556658)
https://www.openstreetmap.org/node/12919853621,,,,,,,2025-06-16T18:24:50,POINT(6.391684 51.110997)
https://www.openstreetmap.org/node/12920975808,,metal_cabinet,,,,,2025-08-31T16:13:47,POINT(9.281762 51.495792)
https://www.openstreetmap.org/node/12921222627,,metal_cabinet,,,,,2025-06-17T12:44:23,POINT(10.016478 47.826395)
https://www.openstreetmap.org/node/12921582235,,,,,,,2025-06-17T15:01:07,POINT(12.074982 50.333883)
https://www.openstreetmap.org/node/12923056448,,phone_box,Kunst Säen&Sehen,,,,2025-06-18T11:40:25,POINT(9.420193 51.573458)
https://www.openstreetmap.org/node/12925487203,,,,,,,2025-06-19T08:55:21,POINT(8.393406 50.992616)
https://www.openstreetmap.org/node/12925628624,,,,,,,2025-06-19T11:03:36,POINT(11.362001 48.178275)
https://www.openstreetmap.org/node/12925903509,Mini-BIBO,phone_box,Stadt- und Kreisbibliothek Sömmerda,,24/7,,2025-06-19T14:11:29,POINT(11.133592 51.157533)
https://www.openstreetmap.org/node/12925903510,Bücherzelle,phone_box,,,24/7,,2025-06-19T14:11:29,POINT(10.967152 51.346247)
https://www.openstreetmap.org/node/12926050706,,,,,,,2025-06-19T15:37:55,POINT(8.829277 53.085192)
https://www.openstreetmap.org/node/12926238780,,shelf,Marktkauf,,,,2025-06-23T20:25:51,POINT(9.736958 52.398675)
https://www.openstreetmap.org/node/12926390719,,,,,,,2025-06-19T18:45:49,POINT(8.372297 49.218376)
https://www.openstreetmap.org/node/12929926679,,,,,,,2025-06-20T13:34:10,POINT(12.099275 49.830100)
https://www.openstreetmap.org/node/12942110446,,glass_cabinet,,,,,2025-06-21T14:11:42,POINT(9.334477 48.612727)
https://www.openstreetmap.org/node/12942272601,Bücherzelle,,,,,,2025-06-21T10:28:00,POINT(13.979269 50.917045)
https://www.openstreetmap.org/node/12942408046,Bücherbasar,shelf,,,,,2025-12-06T10:42:50,POINT(13.376662 52.526683)
https://www.openstreetmap.org/node/12942508102,,,,,,,2025-06-21T13:14:46,POINT(13.886878 50.980402)
https://www.openstreetmap.org/node/12942582128,,wooden_cabinet,,,,,2025-06-21T14:11:42,POINT(9.068012 48.429868)
https://www.openstreetmap.org/node/12942582129,,metal_cabinet,,,,,2025-06-21T14:11:42,POINT(9.024804 48.213371)
https://www.openstreetmap.org/node/12942582130,,wooden_cabinet,,,24/7,,2025-06-21T14:11:42,POINT(9.580636 48.979892)
https://www.openstreetmap.org/node/12942582131,Carmens literarisches Quadrat,wooden_cabinet,,,24/7,,2025-06-21T14:11:42,POINT(9.502187 48.411869)
https://www.openstreetmap.org/node/12942582132,Bücherschrank Unterlenningen,metal_cabinet,,,24/7,,2025-06-21T14:11:42,POINT(9.462193 48.561933)
https://www.openstreetmap.org/node/12942582133,Buchhaltestelle,shelter,,,24/7,,2025-06-21T14:11:42,POINT(9.346812 48.529591)
https://www.openstreetmap.org/node/12942582134,Buchenweg-Bücherei,wooden_cabinet,,,24/7,,2025-08-31T20:35:05,POINT(9.336754 48.621149)
https://www.openstreetmap.org/node/12943288914,Büchergondel,gondola,,,,,2025-06-21T16:08:07,POINT(12.226119 47.795263)
https://www.openstreetmap.org/node/12944264301,Bücherschrank Wevelinghoven,,,,,,2025-06-22T08:10:45,POINT(6.623651 51.106733)
https://www.openstreetmap.org/node/12944408527,,,,,,,2025-06-22T09:14:36,POINT(10.215967 54.175314)
https://www.openstreetmap.org/node/12944435902,Öffentlicher Bücherschrank vor der Sparkasse,metal_cabinet,Bürgerverein Nürnberg Reichelsdorf - Mühlhof e.V.,https://commons.wikimedia.org/wiki/File:B%C3%BCcherschrank_Reichelsdorf.jpg,24/7,2025-06-13,2025-06-22T12:09:32,POINT(11.029288 49.379145)
https://www.openstreetmap.org/node/12946118070,,,,,,,2025-06-23T08:27:56,POINT(11.328172 50.653280)
https://www.openstreetmap.org/node/12946844999,,,,,,,2026-07-24T17:46:05,POINT(7.548135 50.343883)
https://www.openstreetmap.org/node/12947273450,,,,,,,2025-11-26T21:14:37,POINT(11.968478 51.470100)
https://www.openstreetmap.org/node/12951591951,,,,,,,2025-06-25T11:09:26,POINT(11.102670 51.007617)
https://www.openstreetmap.org/node/12951598177,,phone_box,,,24/7,,2025-06-25T10:56:46,POINT(9.571973 49.137573)
https://www.openstreetmap.org/node/12951607780,,shelf,,,24/7,,2025-06-25T11:06:08,POINT(9.530056 49.177563)
https://www.openstreetmap.org/node/12952208797,,,,,,,2025-06-25T16:52:37,POINT(12.886763 49.079480)
https://www.openstreetmap.org/node/12952340270,,phone_box,,,24/7,,2025-06-25T18:01:01,POINT(11.715735 48.076424)
https://www.openstreetmap.org/node/12952436244,,,,,,,2025-06-25T18:44:29,POINT(9.805028 52.299036)
https://www.openstreetmap.org/node/12952836701,,phone_box,,,,,2025-06-25T22:39:45,POINT(10.176740 51.149408)
https://www.openstreetmap.org/node/12954886674,Bücherbox Denstorf,wooden_cabinet,,,24/7,,2025-06-26T20:20:23,POINT(10.412756 52.255162)
https://www.openstreetmap.org/node/12955150829,,metal_cabinet,,,24/7,,2025-06-26T22:05:32,POINT(8.287982 49.032455)
https://www.openstreetmap.org/node/12958976306,,,,,,,2025-06-28T08:40:06,POINT(14.042348 51.038439)
https://www.openstreetmap.org/node/12959628786,,,,,,,2025-06-28T17:12:02,POINT(6.216813 51.096929)
https://www.openstreetmap.org/node/12959981323,,,,,,,2025-06-28T20:07:05,POINT(9.500022 49.474382)
https://www.openstreetmap.org/node/12960656318,,,,,,,2025-06-29T07:15:55,POINT(9.387843 48.454194)
https://www.openstreetmap.org/node/12960675161,,phone_box,,,,,2025-06-29T20:26:12,POINT(8.848101 51.460143)
https://www.openstreetmap.org/node/12960771453,,,,,,,2025-06-29T09:02:09,POINT(13.174449 52.859102)
https://www.openstreetmap.org/node/12963734760,Bücher-Tausch-Box,,,,,,2025-06-30T05:00:52,POINT(9.391673 54.719911)
https://www.openstreetmap.org/node/12965796306,,,,,,,2025-07-01T07:23:40,POINT(7.586840 50.562861)
https://www.openstreetmap.org/node/12973015831,,,,,,,2026-06-05T13:25:37,POINT(8.508116 49.509170)
https://www.openstreetmap.org/node/12983144503,Tauschschrank Falkenried,wooden_cabinet,,,,,2025-07-06T16:29:26,POINT(9.978341 53.583260)
https://www.openstreetmap.org/node/12983411899,,,,,,,2025-07-06T19:11:58,POINT(9.202390 49.297260)
https://www.openstreetmap.org/node/12983585277,Bücher-Häusle 1,,Bürgerverein Daxlanden 1922 e.V.,,,,2026-05-07T15:54:10,POINT(8.335709 48.996504)
https://www.openstreetmap.org/node/12983586659,Bücher-Häusle 2,,Bürgerverein Daxlanden 1922 e.V.,,,,2026-05-07T15:54:10,POINT(8.335664 48.996428)
https://www.openstreetmap.org/node/12985534314,Bücherregal in der VR-Bank,shelf,Förderverein Dorfentwicklung Dahlem e.V.,,"Mo 09:00-12:30,14:00-16:00, Th 09:00-12:30",,2026-07-16T09:02:22,POINT(6.547258 50.386046)
https://www.openstreetmap.org/node/12985538578,Bücherschrank Killerberg,metal_cabinet,,,,,2025-07-07T12:23:55,POINT(6.511803 50.348588)
https://www.openstreetmap.org/node/12985561913,Bücherschrank Schüller,phone_box,,,,,2025-07-07T12:31:26,POINT(6.572342 50.335410)
https://www.openstreetmap.org/node/12985613723,Bücherschrank Pesch,shelf,,,24/7,,2025-07-07T13:09:14,POINT(6.688359 50.531883)
https://www.openstreetmap.org/node/12985614049,Bücherschrank Kall,metal_cabinet,,,24/7,,2025-08-21T11:35:27,POINT(6.553719 50.539200)
https://www.openstreetmap.org/node/12985846597,Leselotte,glass_cabinet,Waldbachschule Offenburg,,,,2025-07-07T16:12:25,POINT(7.937569 48.477794)
https://www.openstreetmap.org/node/12986218013,Bücherschrank Wallenthal,metal_cabinet,,,24/7,,2025-07-07T18:58:36,POINT(6.577485 50.564459)
https://www.openstreetmap.org/node/12987523921,,,,,,,2025-07-08T11:17:53,POINT(9.563913 52.594577)
https://www.openstreetmap.org/node/12987642994,,shelf,,,,,2025-07-08T12:37:57,POINT(10.064326 49.138470)
https://www.openstreetmap.org/node/12987811502,BÜCHERZELLE,phone_box,,,,,2026-01-31T11:20:27,POINT(14.037486 51.142789)
https://www.openstreetmap.org/node/12988151111,,,,,,,2025-07-14T16:57:42,POINT(12.889366 48.810833)
https://www.openstreetmap.org/node/12988208596,,phone_box,,,,,2025-07-08T18:43:31,POINT(7.980562 48.474737)
https://www.openstreetmap.org/node/12988236617,,,,,,,2025-07-08T18:44:12,POINT(10.062803 53.192779)
https://www.openstreetmap.org/node/12988589473,Tauschbar,phone_box,Rewe,,,,2025-07-08T22:52:30,POINT(8.912773 50.475708)
https://www.openstreetmap.org/node/12989019797,,,,,,,2025-07-09T05:28:28,POINT(6.597831 51.385675)
https://www.openstreetmap.org/node/12989262958,,,,,,,2025-07-09T08:49:17,POINT(9.714271 52.892698)
https://www.openstreetmap.org/node/12989476577,,,,,,,2025-07-09T10:58:18,POINT(8.477034 52.642955)
https://www.openstreetmap.org/node/12989999517,,,,,,,2025-07-09T16:17:40,POINT(12.538418 51.256382)
https://www.openstreetmap.org/node/12991935311,UniSolar Zellteilung,phone_box,,,,,2025-07-10T08:32:19,POINT(12.978194 52.408459)
https://www.openstreetmap.org/node/12991989707,Tauschbücherei,fridge,private,https://commons.wikimedia.org/wiki/File:Tauschb%C3%BCcherei_am_R%C3%BCsternweg.jpg,24/7,2025-06-05,2025-09-30T14:30:34,POINT(11.052932 49.418590)
https://www.openstreetmap.org/node/12992188391,,,,,,,2025-07-11T22:08:14,POINT(12.321810 51.634565)
https://www.openstreetmap.org/node/12993896551,,shelf,,,"Mo-Sa 07:00-20:00; Su,PH off",,2026-02-06T17:53:21,POINT(12.300780 47.909962)
https://www.openstreetmap.org/node/12994120599,,,,,,,2025-07-11T14:01:36,POINT(9.600058 52.313631)
https://www.openstreetmap.org/node/12996304041,Bücherbox,,,,,,2025-07-12T20:08:33,POINT(9.431374 47.849655)
https://www.openstreetmap.org/node/12996393055,,phone_box,,,,,2025-07-12T21:14:18,POINT(9.963964 50.797830)
https://www.openstreetmap.org/node/12997541439,,shelf,,,,,2025-07-13T14:40:15,POINT(8.818564 50.522557)
https://www.openstreetmap.org/node/12997862901,,,,,,,2025-11-22T15:08:05,POINT(6.101494 51.123388)
https://www.openstreetmap.org/node/12998175850,,wooden_cabinet,,,,,2025-07-13T22:44:14,POINT(9.663443 52.409695)
https://www.openstreetmap.org/node/12998806912,Tauschbücherei in der Bernsburger Straße,wooden_cabinet,Leitnants,,,,2025-07-14T09:01:01,POINT(9.191686 50.846560)
https://www.openstreetmap.org/node/12998815437,,metal_cabinet,Verschönerungsverein Holzburg,,,,2025-07-14T09:01:01,POINT(9.257836 50.825918)
https://www.openstreetmap.org/node/12999358909,Bücher-/Magazintauschregal,,tegut...,,,,2025-07-14T14:36:16,POINT(11.554516 48.208914)
https://www.openstreetmap.org/node/13001503580,,reading_box,,,,,2025-07-15T11:36:45,POINT(8.637209 50.584419)
https://www.openstreetmap.org/node/13001766866,,,,,,,2026-02-13T15:03:30,POINT(14.028913 54.040710)
https://www.openstreetmap.org/node/13003713366,,,,,,,2025-07-16T06:55:28,POINT(6.888956 50.814454)
https://www.openstreetmap.org/node/13003792425,,,,,,,2025-07-16T07:59:16,POINT(7.006082 51.145198)
https://www.openstreetmap.org/node/13004161664,,,,,,,2025-07-16T12:21:21,POINT(6.858126 51.843699)
https://www.openstreetmap.org/node/13005228606,,wooden_cabinet,,,,,2025-07-16T21:09:36,POINT(8.489430 47.925792)
https://www.openstreetmap.org/node/13005580701,,,,,,,2025-07-17T00:48:21,POINT(12.280674 51.383492)
https://www.openstreetmap.org/node/13005961396,Die Tegeler Bücherbox,phone_box,,,,,2025-07-17T07:50:44,POINT(13.284296 52.587724)
https://www.openstreetmap.org/node/13006542906,,,,,,,2025-07-17T12:56:54,POINT(13.325435 52.482316)
https://www.openstreetmap.org/node/13007241152,,,,,,,2025-07-17T19:22:14,POINT(8.288185 51.065945)
https://www.openstreetmap.org/node/13009055767,,,,,,,2025-07-18T11:47:55,POINT(10.546859 54.151604)
https://www.openstreetmap.org/node/13009072401,,,,,,,2025-07-18T11:58:01,POINT(9.123080 48.921664)
https://www.openstreetmap.org/node/13011384054,,wooden_cabinet,,,,2025-07-03,2025-07-19T10:16:30,POINT(12.939036 52.426610)
https://www.openstreetmap.org/node/13011621532,,,,,,,2025-07-19T12:57:36,POINT(8.037431 52.267090)
https://www.openstreetmap.org/node/13011852712,,wooden_cabinet,,,24/7,,2025-12-31T17:21:05,POINT(12.029435 50.221671)
https://www.openstreetmap.org/node/13012090177,,metal_cabinet,Bürgerstiftung Erlangen,,,,2025-07-19T19:00:32,POINT(11.025091 49.597989)
https://www.openstreetmap.org/node/13014269720,Bücher-Häuschen,wooden_cabinet,,,24/7,,2025-07-21T20:08:09,POINT(10.499999 52.235252)
https://www.openstreetmap.org/node/13014532887,,metal_cabinet,,,,,2025-08-03T11:29:31,POINT(11.905998 48.293136)
https://www.openstreetmap.org/node/13015028021,,,,,,,2025-07-21T08:19:58,POINT(8.543443 48.064053)
https://www.openstreetmap.org/node/13016184939,Bücherschrank Neuhonrath,,,,,,2025-07-21T20:51:26,POINT(7.271448 50.900941)
https://www.openstreetmap.org/node/13017004419,,,,,,,2025-07-22T09:51:13,POINT(6.492662 51.321436)
https://www.openstreetmap.org/node/13017674268,,phone_box,Ortsbeirat Caputh,,,,2025-07-22T17:15:29,POINT(12.980913 52.340972)
https://www.openstreetmap.org/node/13018913307,Bücherschrank der Gemeinde Rieste,metal_cabinet,westenergie,,,,2025-07-24T10:05:58,POINT(8.011803 52.485869)
https://www.openstreetmap.org/node/13019034734,,,,,,,2025-07-23T13:24:44,POINT(13.888666 54.034634)
https://www.openstreetmap.org/node/13019218194,,,,,,,2025-07-23T15:11:25,POINT(7.954164 51.114919)
https://www.openstreetmap.org/node/13020895166,,phone_box,,,,,2025-07-24T13:10:00,POINT(8.107971 51.565633)
https://www.openstreetmap.org/node/13021016218,,,,,,,2025-07-24T13:52:09,POINT(8.520311 49.409449)
https://www.openstreetmap.org/node/13021032021,,wooden_cabinet,,,,,2025-07-24T14:03:34,POINT(9.547013 51.900834)
https://www.openstreetmap.org/node/13021452282,,,,,,,2025-07-24T18:21:02,POINT(12.303974 50.307983)
https://www.openstreetmap.org/node/13021509506,,,,,,,2026-05-05T06:47:19,POINT(10.969178 51.679118)
https://www.openstreetmap.org/node/13021631461,,,,,,,2025-07-24T21:37:43,POINT(9.194894 47.752988)
https://www.openstreetmap.org/node/13021692697,,,,,,,2025-07-24T21:06:22,POINT(12.777539 52.301175)
https://www.openstreetmap.org/node/13021740952,,,,,,,2025-07-24T21:37:37,POINT(12.266492 52.380044)
https://www.openstreetmap.org/node/13022369002,Bücherregal,,,,24/7,,2025-07-25T07:06:00,POINT(10.039732 47.692661)
https://www.openstreetmap.org/node/13023104651,,phone_box,,,,,2025-07-25T15:35:29,POINT(9.300954 49.972278)
https://www.openstreetmap.org/node/13023165200,,,,,,,2025-07-25T16:07:31,POINT(13.031728 52.394621)
https://www.openstreetmap.org/node/13026341858,Bücherhafen,phone_box,,,,,2025-07-26T10:54:18,POINT(13.780537 54.054600)
https://www.openstreetmap.org/node/13026347086,öffentlicher Bücherschrank,phone_box,Verein Landleben Göringen-Wartha e.V.,,,,2025-07-26T10:51:10,POINT(10.190227 50.994387)
https://www.openstreetmap.org/node/13026355636,,,Stadt Ratingen,,,,2025-07-26T11:07:07,POINT(6.817102 51.293042)
https://www.openstreetmap.org/node/13026558302,Bücher trafo,,,,24/7,,2025-07-26T12:30:34,POINT(12.427011 52.375119)
https://www.openstreetmap.org/node/13026746072,,,,,,,2025-07-26T14:17:41,POINT(11.218619 50.958092)
https://www.openstreetmap.org/node/13026785379,,glass_cabinet,,,24/7,,2025-07-26T14:52:22,POINT(9.164677 50.137983)
https://www.openstreetmap.org/node/13027875503,,,,,,,2025-07-27T06:27:12,POINT(6.202123 51.194035)
https://www.openstreetmap.org/node/13028315997,Offene Bücherzelle,phone_box,Dorfgemeinschaft Wüschheim-Büllesheim e.V.,,24/7,,2026-06-06T11:26:04,POINT(6.817535 50.688596)
https://www.openstreetmap.org/node/13028588232,,,,,,,2025-07-27T15:09:52,POINT(6.218286 51.199563)
https://www.openstreetmap.org/node/13031572898,,,,,,,2025-07-28T14:07:43,POINT(8.191986 51.352113)
https://www.openstreetmap.org/node/13031777230,,,,,,,2025-07-28T15:07:28,POINT(7.604211 50.309260)
https://www.openstreetmap.org/node/13033604801,Info & Bücherzelle,,,,,2026-03-10,2026-03-15T08:57:57,POINT(6.640319 49.751358)
https://www.openstreetmap.org/node/13034110479,,,,,,,2025-07-29T14:54:50,POINT(13.479951 52.790827)
https://www.openstreetmap.org/node/13037011990,,,,,,,2025-07-30T09:59:26,POINT(10.298329 53.877138)
https://www.openstreetmap.org/node/13037299506,Bücherkiste,,,,,2026-03-10,2026-03-15T08:57:57,POINT(6.645378 49.743461)
https://www.openstreetmap.org/node/13038047413,,,,,,,2025-07-30T20:39:16,POINT(9.985033 49.809885)
https://www.openstreetmap.org/node/13038816261,,phone_box,,,,,2025-07-31T07:44:20,POINT(14.318633 51.350412)
https://www.openstreetmap.org/node/13040250206,,,,,,,2025-07-31T21:37:19,POINT(9.411661 49.471451)
https://www.openstreetmap.org/node/13041433030,,,,,,,2025-08-01T14:48:48,POINT(9.828288 48.064836)
https://www.openstreetmap.org/node/13042635267,,,,,,,2025-08-02T09:12:06,POINT(13.170401 51.975847)
https://www.openstreetmap.org/node/13042662536,Bücherschrank Fassenhof,metal_cabinet,Bürger- und Geschichtsverein Hahn und Friesenrath e.V.,,,,2025-08-02T09:10:03,POINT(6.196302 50.710510)
https://www.openstreetmap.org/node/13042666642,Bücherschrank Friesenrather Weg,metal_cabinet,Bürger- und Geschichtsverein Hahn und Friesenrath e.V.,,,,2025-08-02T09:32:46,POINT(6.184480 50.698457)
https://www.openstreetmap.org/node/13042826286,,,,,,,2025-08-02T11:46:59,POINT(9.600731 51.284989)
https://www.openstreetmap.org/node/13043392202,,,Gemeinde Bad Schönborn,,24/7,,2025-08-02T18:38:14,POINT(8.658931 49.220270)
https://www.openstreetmap.org/node/13045883333,,metal_cabinet,,,24/7,,2025-08-03T14:36:40,POINT(7.302224 50.701280)
https://www.openstreetmap.org/node/13046082672,,metal_cabinet,,,,,2025-08-03T15:45:55,POINT(8.024374 47.664295)
https://www.openstreetmap.org/node/13046552519,,wooden_cabinet,Stadt Hannover,,,,2025-08-03T19:56:41,POINT(9.730216 52.403084)
https://www.openstreetmap.org/node/13046564347,,shelter,,,,,2025-08-03T20:11:19,POINT(12.549691 47.965893)
https://www.openstreetmap.org/node/13048658789,,,,,,,2025-08-04T16:45:55,POINT(7.713334 47.933804)
https://www.openstreetmap.org/node/13049875767,Bunte Büchertauschkiste,metal_cabinet,miteinanderBUNT e.V.,,24/7,,2025-08-19T19:59:08,POINT(10.639289 52.214628)
https://www.openstreetmap.org/node/13050064435,,,,,,,2025-08-05T13:00:44,POINT(11.977475 50.279963)
https://www.openstreetmap.org/node/13051978001,,,Stadt Schweich,,24/7,,2025-08-06T11:26:46,POINT(6.753175 49.823245)
https://www.openstreetmap.org/node/13052037506,,building,,,Mo-Su 09:00-18:00,,2025-08-06T11:34:28,POINT(14.888978 50.945512)
https://www.openstreetmap.org/node/13054992589,,,,,,,2025-08-06T21:13:56,POINT(11.709206 53.673543)
https://www.openstreetmap.org/node/13056270709,Büchertauschbaum,,,,,,2025-12-18T16:55:18,POINT(11.618844 50.958483)
https://www.openstreetmap.org/node/13056306288,,,,,,,2025-08-07T14:22:51,POINT(7.959186 52.243661)
https://www.openstreetmap.org/node/13056765103,,,,,,,2025-08-07T19:06:51,POINT(6.421944 51.175889)
https://www.openstreetmap.org/node/13056791664,,phone_box,,,24/7,,2025-08-07T20:00:07,POINT(7.181670 50.025397)
https://www.openstreetmap.org/node/13056791665,,wine_cask,,,24/7,,2025-08-07T20:00:07,POINT(7.183238 50.025564)
https://www.openstreetmap.org/node/13057030979,,,,,,,2025-08-07T22:02:15,POINT(11.829649 53.711738)
https://www.openstreetmap.org/node/13059156177,,,,,,,2025-09-28T18:58:43,POINT(7.768385 47.555755)
https://www.openstreetmap.org/node/13059375070,,,,,,,2025-08-09T10:01:13,POINT(8.921762 49.537431)
https://www.openstreetmap.org/node/13059865832,,,,,,,2025-08-09T15:18:39,POINT(8.413004 49.992060)
https://www.openstreetmap.org/node/13061272719,,,,,,,2025-08-10T06:03:51,POINT(10.582103 52.239838)
https://www.openstreetmap.org/node/13062399843,,,,,,,2025-08-10T20:57:44,POINT(13.402524 52.481270)
https://www.openstreetmap.org/node/13062598983,De Bökerschopp,wooden_cabinet,,,24/7,,2025-08-11T00:02:12,POINT(9.812676 53.311116)
https://www.openstreetmap.org/node/13063633813,Tauschregal,shelf,,,,,2025-08-11T14:30:18,POINT(13.262236 52.505867)
https://www.openstreetmap.org/node/13065006024,,phone_box,,,,,2025-08-12T09:55:49,POINT(12.809997 52.914851)
https://www.openstreetmap.org/node/13065067792,,,,,,,2025-08-12T11:06:59,POINT(11.592864 48.171068)
https://www.openstreetmap.org/node/13065511629,Energiepark,metal_cabinet,Westenergie,https://www.westenergie.de/de/regionales-engagement/kultur-und-soziales/buecherschraenke.html,24/7,,2025-08-12T15:47:33,POINT(8.026060 50.878103)
https://www.openstreetmap.org/node/13065782439,,,,,,,2025-10-22T08:00:04,POINT(9.367236 48.581980)
https://www.openstreetmap.org/node/13066971399,,,,,,2025-08-10,2025-08-12T19:31:04,POINT(6.633646 49.736160)
https://www.openstreetmap.org/node/13069615105,Nimm-Bring-Schrank,wooden_cabinet,,,,2025-08-13,2025-08-13T19:08:08,POINT(8.717456 50.782839)
https://www.openstreetmap.org/node/13069793984,,phone_box,Bündnis für Familie Bruchsal,https://www.buendnis-familie-bruchsal.de/,24/7,,2025-08-13T21:04:15,POINT(8.548156 49.090394)
https://www.openstreetmap.org/node/13070710884,,,,,,,2025-08-14T12:01:27,POINT(11.476510 53.574033)
https://www.openstreetmap.org/node/13071407856,,metal_cabinet,,,24/7,,2025-08-14T19:37:24,POINT(8.517424 51.697251)
https://www.openstreetmap.org/node/13071981478,,,,,,,2025-08-15T06:50:25,POINT(11.516134 53.523216)
https://www.openstreetmap.org/node/13073843036,,,,,,,2025-08-16T08:51:31,POINT(11.441955 48.775357)
https://www.openstreetmap.org/node/13075133420,,,,,,,2025-08-16T22:26:19,POINT(10.105079 52.556228)
https://www.openstreetmap.org/node/13075899941,,reading_box,,,,,2025-08-17T12:44:51,POINT(12.310637 53.446387)
https://www.openstreetmap.org/node/13075976667,,,,,,,2026-05-01T18:48:10,POINT(8.949575 51.938549)
https://www.openstreetmap.org/node/13076429849,,,,,,,2025-08-17T19:06:30,POINT(9.261455 47.739244)
https://www.openstreetmap.org/node/13076745591,,phone_box,,,,,2025-08-17T22:40:46,POINT(9.384330 49.381382)
https://www.openstreetmap.org/node/13076888199,,fridge,,,,,2025-08-18T04:13:29,POINT(10.397929 52.295219)
https://www.openstreetmap.org/node/13077833449,,,,,,,2025-08-18T11:04:09,POINT(8.633014 49.219026)
https://www.openstreetmap.org/node/13077915096,,,,,,,2025-08-18T11:56:17,POINT(6.687542 51.523625)
https://www.openstreetmap.org/node/13078493825,,,,,,,2025-08-18T18:22:22,POINT(7.002437 51.444032)
https://www.openstreetmap.org/node/13078833133,,,,,,,2025-08-18T22:16:05,POINT(10.279716 52.437268)
https://www.openstreetmap.org/node/13078842427,,,,,,,2025-08-18T22:28:32,POINT(10.333877 52.411881)
https://www.openstreetmap.org/node/13081775692,Bücherzelle,,,,,,2025-08-19T13:06:02,POINT(10.557719 47.722675)
https://www.openstreetmap.org/node/13083701658,,,,,,,2025-08-20T04:43:26,POINT(9.142811 48.695365)
https://www.openstreetmap.org/node/13083724684,Tauschschrank,,,,,,2025-09-13T07:34:40,POINT(9.012256 48.641309)
https://www.openstreetmap.org/node/13083909699,,,,,24/7,,2026-07-13T19:40:46,POINT(11.087290 49.461073)
https://www.openstreetmap.org/node/13086249840,,,,,,,2025-08-21T06:16:11,POINT(6.155355 50.796477)
https://www.openstreetmap.org/node/13087128409,OBCZ,wooden_cabinet,,,,,2025-08-21T15:31:32,POINT(14.221124 52.081931)
https://www.openstreetmap.org/node/13087282756,KinderBücherSchrank,,Familienbildungsstätte Fabi e.V.; Kultur und Spielraum e.V.; Rote Rüben e.V.; Fabrikkinder e. V.,,,,2025-08-21T17:04:43,POINT(11.461509 48.150908)
https://www.openstreetmap.org/node/13087655022,,metal_cabinet,,,,,2025-08-21T21:14:37,POINT(8.230523 49.996646)
https://www.openstreetmap.org/node/13088573531,,,,,,,2025-08-22T05:34:23,POINT(10.539014 52.273006)
https://www.openstreetmap.org/node/13089409528,,phone_box,,,,,2025-08-22T15:48:05,POINT(14.933227 51.179883)
https://www.openstreetmap.org/node/13092107822,,,,,,,2025-08-23T09:33:43,POINT(10.807340 48.611548)
https://www.openstreetmap.org/node/13092505636,,,,,,,2025-08-23T13:57:43,POINT(13.508082 52.457312)
https://www.openstreetmap.org/node/13092885313,,,,,,,2025-08-23T18:33:03,POINT(7.984841 50.379744)
https://www.openstreetmap.org/node/13093166430,,,,,,,2025-08-23T22:01:07,POINT(9.317959 49.761788)
https://www.openstreetmap.org/node/13093965618,,,,,,,2025-08-24T08:06:16,POINT(11.623652 48.083961)
https://www.openstreetmap.org/node/13094010662,Bücherbox,,,,,,2025-08-24T09:01:49,POINT(13.480355 52.618477)
https://www.openstreetmap.org/node/13094209377,,wooden_cabinet,,,,,2025-08-24T10:31:14,POINT(13.587929 50.734751)
https://www.openstreetmap.org/node/13094210849,,,,,,,2025-08-24T10:29:09,POINT(13.103527 52.970611)
https://www.openstreetmap.org/node/13094263119,,phone_box,,,,,2025-08-24T10:57:29,POINT(11.170516 49.406258)
https://www.openstreetmap.org/node/13094668658,,,,,,,2025-08-24T15:32:09,POINT(12.540186 51.256352)
https://www.openstreetmap.org/node/13094685601,,,,,,,2025-08-24T15:24:44,POINT(12.332305 54.292703)
https://www.openstreetmap.org/node/13095117424,,,,,,,2025-08-24T21:05:54,POINT(13.474994 52.765413)
https://www.openstreetmap.org/node/13096630901,,,,,,,2025-08-25T15:52:05,POINT(7.842882 47.993843)
https://www.openstreetmap.org/node/13098055615,,,,,,,2025-08-26T10:42:12,POINT(8.481177 53.473192)
https://www.openstreetmap.org/node/13100555946,,glass_cabinet,,,24/7,,2025-08-27T13:16:41,POINT(6.919294 50.957011)
https://www.openstreetmap.org/node/13100779970,,,,,,,2025-11-29T12:35:08,POINT(6.857817 49.182233)
https://www.openstreetmap.org/node/13101296829,,,,,,,2025-08-27T19:21:03,POINT(8.472438 51.342406)
https://www.openstreetmap.org/node/13102102353,,wooden_cabinet,,,,,2025-08-27T22:37:33,POINT(11.452678 48.788042)
https://www.openstreetmap.org/node/13103296103,,,,,,,2025-08-28T09:28:11,POINT(6.221909 50.766942)
https://www.openstreetmap.org/node/13103445401,Buchhaltestelle,,,,,,2025-08-28T10:47:21,POINT(10.876632 51.371046)
https://www.openstreetmap.org/node/13105352275,,,,,,,2025-09-04T19:22:03,POINT(10.502867 53.853555)
https://www.openstreetmap.org/node/13109016850,,phone_box,,,,,2025-08-30T17:59:24,POINT(7.117520 49.278770)
https://www.openstreetmap.org/node/13110072732,,,,,,,2025-08-31T08:48:54,POINT(12.418275 50.775584)
https://www.openstreetmap.org/node/13110487230,,,,,,,2025-08-31T13:56:16,POINT(7.772316 47.569876)
https://www.openstreetmap.org/node/13110607672,,phone_box,,,,,2025-08-31T15:41:56,POINT(7.510428 49.281924)
https://www.openstreetmap.org/node/13110945820,,,,,,,2025-09-08T07:21:02,POINT(8.866957 53.087827)
https://www.openstreetmap.org/node/13111102552,,,,,,,2025-08-31T21:10:10,POINT(9.169026 52.874382)
https://www.openstreetmap.org/node/13112485252,,,,,,,2025-09-01T14:02:32,POINT(6.119003 50.886318)
https://www.openstreetmap.org/node/13113022433,,,,,,,2025-09-01T20:30:01,POINT(10.302499 48.655109)
https://www.openstreetmap.org/node/13115041301,,,,,,,2025-09-02T17:37:12,POINT(6.924182 51.433845)
https://www.openstreetmap.org/node/13115391092,Grüninger Bücherschrank,cabinet,,,,,2025-09-02T21:55:16,POINT(8.729993 50.509370)
https://www.openstreetmap.org/node/13116077213,,,,,,,2025-09-03T10:26:02,POINT(11.935504 48.467696)
https://www.openstreetmap.org/node/13116383946,Bücherecke,,,,,,2026-06-25T18:00:12,POINT(13.572525 52.412107)
https://www.openstreetmap.org/node/13116913816,,reading_box,,,,,2025-09-03T20:12:23,POINT(9.152299 47.744180)
https://www.openstreetmap.org/node/13119405627,Offener Ostheimer Bücherschrank,wooden_cabinet,Veedel e.V.,,,,2025-09-04T13:35:34,POINT(7.040682 50.930314)
https://www.openstreetmap.org/node/13119992556,,,,,,,2025-09-04T19:55:41,POINT(12.404035 51.305240)
https://www.openstreetmap.org/node/13121551401,,,,,,,2026-05-20T21:58:48,POINT(7.982563 52.196737)
https://www.openstreetmap.org/node/13121755646,,wooden_cabinet,,,24/7,,2025-09-05T20:22:07,POINT(9.924668 53.750922)
https://www.openstreetmap.org/node/13122978337,,,,,,,2025-09-06T07:58:28,POINT(9.282914 49.416610)
https://www.openstreetmap.org/node/13123669481,,,,,,,2025-10-03T10:27:12,POINT(7.057731 50.535626)
https://www.openstreetmap.org/node/13123679070,,wooden_cabinet,,,,,2025-10-06T20:05:46,POINT(7.715008 47.982346)
https://www.openstreetmap.org/node/13123679071,,wooden_cabinet,,,,,2025-09-06T17:25:10,POINT(7.715448 47.983432)
https://www.openstreetmap.org/node/13125184950,,,,,,,2025-09-07T16:02:15,POINT(6.357578 51.118062)
https://www.openstreetmap.org/node/13125237425,,shelf,,,,,2025-09-07T16:45:02,POINT(9.002594 47.766370)
https://www.openstreetmap.org/node/13125314842,,,,,,,2025-09-07T18:00:06,POINT(8.750903 49.177180)
https://www.openstreetmap.org/node/13127390119,,,privat,,,,2025-09-08T06:32:50,POINT(10.009907 51.494750)
https://www.openstreetmap.org/node/13127801006,,,,,,,2025-09-10T08:22:58,POINT(8.856724 53.093483)
https://www.openstreetmap.org/node/13127863527,,phone_box,,,,,2025-09-08T12:00:08,POINT(7.672445 50.388891)
https://www.openstreetmap.org/node/13128342081,Ragower Büchertausch,,,,,,2025-09-08T16:30:39,POINT(13.538454 52.288075)
https://www.openstreetmap.org/node/13130688102,,,,,,,2025-09-09T10:21:31,POINT(9.067751 53.000833)
https://www.openstreetmap.org/node/13130781049,,,,,,,2025-09-09T11:43:01,POINT(10.884205 47.813001)
https://www.openstreetmap.org/node/13131889752,,phone_box,,,,,2025-09-09T21:46:29,POINT(8.798575 50.555023)
https://www.openstreetmap.org/node/13132339963,,,,,,,2025-09-10T06:04:16,POINT(14.132826 50.925519)
https://www.openstreetmap.org/node/13132416276,,,,,,,2025-09-10T06:18:50,POINT(9.424111 53.364704)
https://www.openstreetmap.org/node/13132430608,,,,,,,2025-09-10T06:34:30,POINT(9.426625 53.394167)
https://www.openstreetmap.org/node/13132430609,,,,,,,2025-09-10T06:34:30,POINT(9.450655 53.403671)
https://www.openstreetmap.org/node/13134082977,,shelf,"""Turm-Helga""",,,,2025-09-10T14:57:32,POINT(11.787793 48.936156)
https://www.openstreetmap.org/node/13134474846,Hutmacher Bücherregal,,Utopiastadt,https://utopiastadt.eu/buecherschrank-im-hutmacher/,,,2025-09-10T16:12:50,POINT(7.144978 51.266821)
https://www.openstreetmap.org/node/13134578167,,,,,,,2025-09-10T17:23:14,POINT(9.071994 48.969890)
https://www.openstreetmap.org/node/13135180995,,,,,,,2025-09-10T21:24:57,POINT(9.301821 53.511704)
https://www.openstreetmap.org/node/13135180998,,,,,,,2025-09-10T21:24:57,POINT(9.273357 53.488619)
https://www.openstreetmap.org/node/13135715213,,,,,,,2025-09-11T07:29:11,POINT(11.605296 48.130611)
https://www.openstreetmap.org/node/13136359064,,,Kath. Kirchengemeinde Ohligs,,,,2025-12-27T08:44:34,POINT(7.002916 51.160328)
https://www.openstreetmap.org/node/13136419116,Öffentlicher Bücherschrank,phone_box,Kita St. Josef,,,,2026-01-06T19:43:09,POINT(7.792409 47.563037)
https://www.openstreetmap.org/node/13136494196,Büchertausch Regal,phone_box,Bürgerstiftung Steinheim am Albuch,,,,2025-09-11T15:16:57,POINT(10.060048 48.691689)
https://www.openstreetmap.org/node/13136993041,,,,,,,2025-09-11T20:28:53,POINT(9.931745 52.658024)
https://www.openstreetmap.org/node/13138431594,Offener Leseschrank Kirchheim,metal_cabinet,Stadt Euskirchen,,,,2025-09-12T15:54:51,POINT(6.836045 50.602679)
https://www.openstreetmap.org/node/13138598109,,,,,,,2026-03-11T20:06:28,POINT(13.345817 50.921487)
https://www.openstreetmap.org/node/13140476620,Öffentlicher Bücherschrank,,,,,,2025-09-13T07:32:30,POINT(14.277907 52.344980)
https://www.openstreetmap.org/node/13140650581,,,,,,,2025-09-13T10:48:53,POINT(12.475122 51.030926)
https://www.openstreetmap.org/node/13141144982,,,,,,,2026-04-22T16:43:20,POINT(11.111252 47.912562)
https://www.openstreetmap.org/node/13141636745,,,,,,,2025-09-13T22:17:52,POINT(9.192590 52.955261)
https://www.openstreetmap.org/node/13142161811,,,,,,,2025-09-14T07:43:14,POINT(11.290847 51.470876)
https://www.openstreetmap.org/node/13142796019,,,,,,,2025-09-14T15:57:08,POINT(9.082734 48.471685)
https://www.openstreetmap.org/node/13142797670,,,,,24/7,,2025-09-14T16:07:59,POINT(6.242304 51.830195)
https://www.openstreetmap.org/node/13142798750,,,,,24/7,,2025-09-14T15:55:12,POINT(6.032422 51.684077)
https://www.openstreetmap.org/node/13143092325,,,,,,,2025-09-14T18:33:51,POINT(8.720699 53.501463)
https://www.openstreetmap.org/node/13143934165,,,,,24/7,2025-09-14,2025-09-16T07:34:24,POINT(8.955158 51.958119)
https://www.openstreetmap.org/node/13143934185,,,,,24/7,2025-09-14,2025-09-16T07:34:24,POINT(8.953170 51.969843)
https://www.openstreetmap.org/node/13144895304,Bücher-Schatzkiste,reading_box,,,,,2025-09-15T16:18:35,POINT(9.376931 50.130271)
https://www.openstreetmap.org/node/13147052501,Bücherhäusle,,Brandtsköppshaus-Verein,,24/7,,2025-09-16T12:11:26,POINT(10.792996 50.516870)
https://www.openstreetmap.org/node/13147574789,,,,,,,2025-09-16T15:03:15,POINT(8.397353 49.096950)
https://www.openstreetmap.org/node/13147997950,,phone_box,,,,,2026-06-06T13:58:05,POINT(7.900806 49.894015)
https://www.openstreetmap.org/node/13148118109,,metal_cabinet,,,,,2025-09-16T20:04:16,POINT(7.915079 49.909042)
https://www.openstreetmap.org/node/13149266014,,,,,,,2025-09-17T10:48:55,POINT(11.580873 49.935676)
https://www.openstreetmap.org/node/13149639796,Baumbibliothek,,,,,2025-09-17,2026-02-26T19:37:21,POINT(8.082740 49.299548)
https://www.openstreetmap.org/node/13150070886,,wooden_cabinet,,,,,2025-09-17T15:57:34,POINT(9.125513 48.730508)
https://www.openstreetmap.org/node/13151745974,,,,,,,2025-09-17T22:13:01,POINT(9.807013 52.680468)
https://www.openstreetmap.org/node/13151802334,,,,,,,2025-09-17T22:27:14,POINT(9.931674 52.658091)
https://www.openstreetmap.org/node/13151802338,,,,,,,2025-09-17T22:27:14,POINT(9.902272 52.669987)
https://www.openstreetmap.org/node/13152321261,,metal_cabinet,,,,,2025-09-18T07:16:07,POINT(9.226229 48.459231)
https://www.openstreetmap.org/node/13153780279,,,,,,,2025-09-18T18:55:16,POINT(12.523949 48.241546)
https://www.openstreetmap.org/node/13156814245,,,,,,,2025-09-19T20:03:22,POINT(13.419197 52.559600)
https://www.openstreetmap.org/node/13158211806,,,,,,,2025-09-20T15:24:37,POINT(13.506691 52.517882)
https://www.openstreetmap.org/node/13158247379,,phone_box,,,,,2025-09-20T16:03:57,POINT(7.851887 50.563075)
https://www.openstreetmap.org/node/13158663643,,glass_cabinet,Lions Club,,24/7,,2025-09-20T20:47:02,POINT(11.388719 50.484864)
https://www.openstreetmap.org/node/13162218089,,,,,,,2025-09-22T13:57:06,POINT(13.345038 51.832020)
https://www.openstreetmap.org/node/13162273410,,,,,,,2025-09-22T14:24:44,POINT(11.772009 47.690717)
https://www.openstreetmap.org/node/13169967972,,reading_box,,,,,2025-09-25T13:59:58,POINT(9.893763 50.760712)
https://www.openstreetmap.org/node/13171690312,,wooden_cabinet,,,,,2025-09-25T17:47:46,POINT(9.910385 50.826263)
https://www.openstreetmap.org/node/13172564419,Telefonzelle vo Ascha,,Ascha Aktiv,,,,2025-09-26T06:00:35,POINT(12.635814 48.996774)
https://www.openstreetmap.org/node/13172747687,,wooden_cabinet,,,,,2025-09-26T08:23:42,POINT(8.679331 49.687709)
https://www.openstreetmap.org/node/1317337626,,phone_box,,,,,2023-08-19T23:23:17,POINT(11.499303 53.325053)
https://www.openstreetmap.org/node/13173674919,,,,,,,2025-09-26T15:03:33,POINT(6.903926 51.141294)
https://www.openstreetmap.org/node/13174943596,,phone_box,,,,,2025-09-27T09:18:02,POINT(8.735455 50.657820)
https://www.openstreetmap.org/node/13175167254,Bücherzelle,phone_box,Katholische Bücherei Sailauf,,,,2026-06-06T10:57:04,POINT(9.254455 50.022938)
https://www.openstreetmap.org/node/13175193478,,,,,24/7,,2025-09-27T13:59:22,POINT(9.756089 47.921411)
https://www.openstreetmap.org/node/13175328498,,phone_box,,,,,2026-06-06T10:00:14,POINT(7.584965 50.703217)
https://www.openstreetmap.org/node/13176528775,,metal_cabinet,,,24/7,,2025-09-28T09:39:47,POINT(7.431572 51.410451)
https://www.openstreetmap.org/node/13176600740,,,,,,,2025-09-28T10:42:33,POINT(13.710252 53.057642)
https://www.openstreetmap.org/node/13176636600,,wooden_cabinet,,,,,2025-09-28T11:27:07,POINT(9.836776 53.639896)
https://www.openstreetmap.org/node/13176661954,,,,,,,2025-09-28T11:57:07,POINT(13.289319 52.459102)
https://www.openstreetmap.org/node/13177922477,,,,,,,2025-09-28T17:23:06,POINT(13.425503 54.088234)
https://www.openstreetmap.org/node/13178517204,,wooden_cabinet,,,,,2025-11-29T19:07:06,POINT(8.638494 48.077173)
https://www.openstreetmap.org/node/13178538856,,,,,,2025-09-28,2026-05-16T12:53:51,POINT(7.690793 47.548205)
https://www.openstreetmap.org/node/13178607948,,,,,,,2026-07-26T15:26:52,POINT(12.033851 48.366207)
https://www.openstreetmap.org/node/13179078723,Bücherhäuschen für Kinder,reading_box,,,,,2025-09-28T21:12:41,POINT(9.949126 53.569721)
https://www.openstreetmap.org/node/13181409205,,wooden_cabinet,Jusos Püttlingen,,24/7,,2025-09-29T20:11:24,POINT(6.910788 49.278888)
https://www.openstreetmap.org/node/13183826917,,,Gemeinde Roggenburg,,,,2025-09-30T11:52:20,POINT(10.212167 48.290151)
https://www.openstreetmap.org/node/13184163058,,,,,24/7,,2025-09-30T15:12:36,POINT(8.771754 47.854854)
https://www.openstreetmap.org/node/13184163059,,,,,,,2025-09-30T15:12:36,POINT(8.754999 47.696731)
https://www.openstreetmap.org/node/13188071954,,,,,,,2025-10-02T03:41:36,POINT(8.618167 49.681376)
https://www.openstreetmap.org/node/13188386856,Öffentlicher Bücherschrank,,,,,,2025-10-02T08:56:39,POINT(10.125374 48.856372)
https://www.openstreetmap.org/node/13188447944,,,Kunst und Kultur in Steinen e.V.,,,,2025-10-02T09:59:32,POINT(7.739832 47.642427)
https://www.openstreetmap.org/node/13190973840,,,,,,,2025-10-03T16:16:25,POINT(12.709990 52.390878)
https://www.openstreetmap.org/node/13191025170,öffentlicher Bücherschrank der Arbeiterwohlfahrt (AWO),,,,,,2025-10-03T16:52:41,POINT(8.520310 52.041062)
https://www.openstreetmap.org/node/13191123103,,,,,,,2025-10-03T17:44:15,POINT(11.373185 48.197161)
https://www.openstreetmap.org/node/13193365017,Frahöfer Bücherschrank,fridge,,,24/7,,2025-10-04T19:44:40,POINT(9.262407 50.006969)
https://www.openstreetmap.org/node/13194383437,,,,,,,2025-10-04T19:25:10,POINT(9.373018 49.431989)
https://www.openstreetmap.org/node/13195367254,Bücherschrank Sorsum,,Stadt Elze,,,,2025-10-05T09:50:13,POINT(9.722468 52.137914)
https://www.openstreetmap.org/node/13195718683,,phone_box,,,,,2025-10-05T14:02:27,POINT(7.532115 50.981896)
https://www.openstreetmap.org/node/13196327039,Bücherhäusl Schwabhausen,wooden_cabinet,,,24/7,,2025-11-16T11:21:47,POINT(11.357171 48.302852)
https://www.openstreetmap.org/node/13198228510,Kunstbücherschrank,metal_cabinet,Städtische Galerie im Lenbachhaus und Kunstbau,,24/7,,2025-10-06T16:56:30,POINT(11.563811 48.146598)
https://www.openstreetmap.org/node/13198647696,,,,,24/7,,2025-10-06T21:09:52,POINT(9.005846 51.210540)
https://www.openstreetmap.org/node/13200889144,Caritas Bücherschrank,wooden_cabinet,,,,,2026-07-06T10:54:33,POINT(11.582206 48.279683)
https://www.openstreetmap.org/node/13201383320,Bücher Tauschbörse,wooden_cabinet,,,24/7,2025-10-07,2025-10-08T17:56:23,POINT(10.058704 53.566800)
https://www.openstreetmap.org/node/13201601344,,,,,,,2025-10-07T22:03:59,POINT(10.046224 53.299901)
https://www.openstreetmap.org/node/13202108016,,,,,,,2025-10-08T06:39:25,POINT(10.161868 53.284976)
https://www.openstreetmap.org/node/13202578529,,,,,,,2025-10-08T12:28:43,POINT(7.740242 49.451851)
https://www.openstreetmap.org/node/13202617361,,wooden_cabinet,,,,,2025-10-09T21:27:51,POINT(9.256235 50.022814)
https://www.openstreetmap.org/node/13203598197,,phone_box,LoPa,,,,2026-06-06T10:08:53,POINT(8.289131 50.737933)
https://www.openstreetmap.org/node/13204317853,Rolfis Büchereck,phone_box,,,,,2025-10-09T07:25:26,POINT(10.152218 53.163565)
https://www.openstreetmap.org/node/13204616639,,,,,,,2025-10-09T10:53:31,POINT(13.350648 52.414657)
https://www.openstreetmap.org/node/13205501463,Büchergarten,,,,,,2025-10-09T20:16:05,POINT(9.507108 49.400295)
https://www.openstreetmap.org/node/13205511554,,wooden_cabinet,,,,,2025-10-09T20:43:47,POINT(10.132739 52.645338)
https://www.openstreetmap.org/node/13207023478,,,,,,,2025-10-10T15:27:37,POINT(11.501494 50.016900)
https://www.openstreetmap.org/node/13226585190,Wolfschlüger Bücherschränkchen,wooden_cabinet,Evangelische Kirchengemeinde,,,,2025-10-13T17:02:40,POINT(9.286928 48.652763)
https://www.openstreetmap.org/node/13227745188,Kinderbuchschublade,metal_cabinet,,,,,2026-04-06T09:34:42,POINT(7.830015 47.956389)
https://www.openstreetmap.org/node/13227929470,,wooden_cabinet,SPD Schweinheim,,24/7,,2025-10-19T21:29:55,POINT(9.165360 49.957347)
https://www.openstreetmap.org/node/13229722294,,wooden_cabinet,,,,,2025-10-13T06:57:35,POINT(9.230882 53.004715)
https://www.openstreetmap.org/node/13229984800,,,,,,,2025-10-13T09:09:29,POINT(10.616394 54.136707)
https://www.openstreetmap.org/node/13230318593,,,,,,,2025-10-14T12:22:12,POINT(6.060790 50.953500)
https://www.openstreetmap.org/node/13231643103,,,,,24/7,,2025-10-13T20:04:28,POINT(10.030011 49.020028)
https://www.openstreetmap.org/node/13234094803,,phone_box,,,,,2025-10-15T07:46:45,POINT(13.635145 52.391198)
https://www.openstreetmap.org/node/13234946827,,,,,,,2025-10-15T14:59:00,POINT(11.495000 48.030867)
https://www.openstreetmap.org/node/13238463789,Bücherschrank Rochlitz,wooden_cabinet,,,24/7,,2025-10-17T06:48:38,POINT(12.795751 51.046336)
https://www.openstreetmap.org/node/13239258439,,wooden_cabinet,,,,,2025-10-17T15:35:31,POINT(13.669214 51.058460)
https://www.openstreetmap.org/node/13240656241,,phone_box,,,,,2025-10-18T11:27:09,POINT(8.666580 49.528501)
https://www.openstreetmap.org/node/13240734933,,,,,,,2025-10-18T12:52:12,POINT(7.353207 50.644250)
https://www.openstreetmap.org/node/13240763164,Hirschberger Bücherregal,wooden_cabinet,Bürgerstiftung Hirschberg,,,,2025-10-31T12:05:24,POINT(8.657529 49.512328)
https://www.openstreetmap.org/node/13240808627,,,,,,,2025-10-18T14:00:23,POINT(13.627892 51.025245)
https://www.openstreetmap.org/node/13240952321,,wooden_cabinet,Volksbank Bigge-Lenne eG,,,2025-10-18,2025-10-19T17:35:48,POINT(7.877355 51.112963)
https://www.openstreetmap.org/node/13241031031,,,,,,,2025-10-18T15:50:44,POINT(6.352945 51.751019)
https://www.openstreetmap.org/node/13241078193,,,,,,,2025-10-18T16:15:26,POINT(7.423430 50.259538)
https://www.openstreetmap.org/node/13241397434,,,,,,2025-10-18,2025-10-18T19:50:20,POINT(6.568120 49.853737)
https://www.openstreetmap.org/node/13241484486,Rolf Rohrmann Gedächniszelle,phone_box,,,,,2025-10-18T20:43:35,POINT(7.521719 49.814432)
https://www.openstreetmap.org/node/13241680129,,,,,,,2025-10-18T23:24:44,POINT(8.714428 48.191422)
https://www.openstreetmap.org/node/13242864700,,,,,,,2025-10-19T08:15:46,POINT(13.849798 52.061043)
https://www.openstreetmap.org/node/13243049623,Bücherschrank Eduard-Karstens-Weg 38,wooden_cabinet,private,,24/7,,2025-10-19T10:37:44,POINT(8.725206 53.842018)
https://www.openstreetmap.org/node/13243049624,Bückerschrank Groden,wooden_cabinet,Evangelisch-lutherischer Kirchenkreis Cuxhaven-Hadeln,,"Apr-Oct 24/7; Nov-Mar ""nach Vereinbarung""",,2026-07-07T07:30:17,POINT(8.727468 53.841230)
https://www.openstreetmap.org/node/13243049634,Bücherschrank Holte-Spangen,wooden_cabinet,private,,Mo-Su 09:00-21:00,,2025-10-19T10:37:44,POINT(8.643086 53.848961)
https://www.openstreetmap.org/node/13243397080,,,,,,,2025-10-19T14:56:02,POINT(8.253745 49.997064)
https://www.openstreetmap.org/node/13243479560,,phone_box,,,,,2026-05-02T22:17:20,POINT(8.698442 53.551806)
https://www.openstreetmap.org/node/1324363331,Bücherkiste Kelternweg,,,,24/7,2025-07-18,2025-07-18T18:50:35,POINT(9.953726 48.413215)
https://www.openstreetmap.org/node/13245804562,,,,,,,2025-10-20T13:36:21,POINT(12.235265 54.249020)
https://www.openstreetmap.org/node/13246407045,,metal_cabinet,,,,,2025-10-20T18:10:34,POINT(6.950355 51.112656)
https://www.openstreetmap.org/node/13246528361,,,,,,,2025-10-20T19:58:45,POINT(9.003813 47.742003)
https://www.openstreetmap.org/node/13246545794,,,,,,,2025-10-20T19:39:05,POINT(9.005996 47.743088)
https://www.openstreetmap.org/node/13246661688,,,,,24/7,2025-10-20,2025-10-20T21:10:03,POINT(7.482397 51.392775)
https://www.openstreetmap.org/node/13248155417,,glass_cabinet,,,,,2025-10-21T16:28:33,POINT(6.915723 50.802753)
https://www.openstreetmap.org/node/13248913513,,wooden_cabinet,,,,,2025-10-22T00:09:35,POINT(12.938222 48.430635)
https://www.openstreetmap.org/node/13249570818,,,AWO,,,,2025-10-23T08:27:36,POINT(6.956195 51.112618)
https://www.openstreetmap.org/node/13249964775,,,,,,,2025-10-22T14:22:20,POINT(10.230044 50.046278)
https://www.openstreetmap.org/node/13251688349,,,,,,,2025-10-23T10:32:37,POINT(9.161110 48.885086)
https://www.openstreetmap.org/node/13251841916,,metal_cabinet,,,24/7,,2025-10-23T10:54:02,POINT(6.358530 50.921964)
https://www.openstreetmap.org/node/13252279567,,,,,,,2025-10-23T22:12:16,POINT(8.997771 50.727832)
https://www.openstreetmap.org/node/13254668274,,glass_cabinet,,,,,2025-10-24T18:04:07,POINT(11.505464 48.146513)
https://www.openstreetmap.org/node/13255834496,,wooden_cabinet,,,,,2025-10-25T13:06:49,POINT(10.623468 52.423860)
https://www.openstreetmap.org/node/13257162548,,wooden_cabinet,,,,,2025-10-26T07:18:36,POINT(8.205328 53.143838)
https://www.openstreetmap.org/node/13257193005,,,,,,,2025-10-26T07:44:10,POINT(10.122434 47.597948)
https://www.openstreetmap.org/node/13258927480,Öffentlicher Bücherschrank Markt Goldbach,wooden_cabinet,Katholisch-Öffentliche Bücherei Goldbach,,24/7,,2025-10-26T17:18:40,POINT(9.182631 49.998986)
https://www.openstreetmap.org/node/13259185663,,metal_cabinet,,,,,2025-10-27T14:47:20,POINT(8.071127 49.976228)
https://www.openstreetmap.org/node/13261546201,Bùcherdchrank,,,,,,2025-10-27T13:40:27,POINT(13.624198 52.470492)
https://www.openstreetmap.org/node/13262742874,Offenes Bücherregal,phone_box,,,,,2025-10-27T20:21:33,POINT(8.411276 50.525888)
https://www.openstreetmap.org/node/13264747685,,glass_cabinet,,,,,2025-10-28T10:44:49,POINT(11.480129 48.149952)
https://www.openstreetmap.org/node/13264901058,,,,,,,2025-10-28T12:58:38,POINT(11.381255 48.352535)
https://www.openstreetmap.org/node/13265942597,,,,,,,2025-10-28T23:14:17,POINT(9.979922 52.694632)
https://www.openstreetmap.org/node/13267325873,,wooden_case,Evangelische Kirchengemeinde Betzingen,,,,2025-10-29T16:15:57,POINT(9.177410 48.499690)
https://www.openstreetmap.org/node/13270166185,,,,,,,2026-07-18T09:39:03,POINT(7.588825 50.339914)
https://www.openstreetmap.org/node/13271034933,,phone_box,,,,,2025-10-30T19:55:50,POINT(13.769932 52.524106)
https://www.openstreetmap.org/node/13272523519,Bücherschrank,glass_cabinet,Heimatfreunde St.Peter Born,,24/7,,2025-10-31T16:45:36,POINT(6.211874 51.242752)
https://www.openstreetmap.org/node/13272734871,Bücherschrenk,shelter,,,,,2025-10-31T18:21:39,POINT(10.336543 52.227173)
https://www.openstreetmap.org/node/13272838277,DGH Eschwege-Niederdünzebach,,,,,,2025-10-31T19:04:31,POINT(10.093555 51.177196)
https://www.openstreetmap.org/node/13272848444,Struth,,,,,,2025-10-31T19:08:15,POINT(10.041251 51.187580)
https://www.openstreetmap.org/node/13273124936,,phone_box,,,24/7,,2025-10-31T22:23:10,POINT(10.766401 51.553962)
https://www.openstreetmap.org/node/13273657702,Germerode,,,,,,2025-11-01T10:24:05,POINT(9.904105 51.194948)
https://www.openstreetmap.org/node/13273818146,,,,,,,2025-11-01T12:13:13,POINT(10.756127 54.019199)
https://www.openstreetmap.org/node/13274039590,,wooden_cabinet,,,,,2025-11-02T20:06:25,POINT(9.136594 49.935799)
https://www.openstreetmap.org/node/13274218019,,,,,,,2025-11-01T16:53:21,POINT(11.035781 53.169415)
https://www.openstreetmap.org/node/13277737417,,,,,,,2025-11-03T14:30:13,POINT(8.462694 48.996727)
https://www.openstreetmap.org/node/13277781022,DRK-Leselust,fridge,Deutsches Rotes Kreuz,,,,2025-11-03T14:56:20,POINT(6.947298 51.118396)
https://www.openstreetmap.org/node/13278733341,,,,,,,2025-11-03T23:48:32,POINT(7.036451 51.186430)
https://www.openstreetmap.org/node/13281573244,,,,,,,2025-11-04T22:24:41,POINT(10.964614 53.400474)
https://www.openstreetmap.org/node/13281621895,,,,,,,2025-11-04T23:04:48,POINT(11.012519 53.521653)
https://www.openstreetmap.org/node/13283546713,Büchertauschregal,wooden_cabinet,,,,,2026-03-05T15:51:35,POINT(10.121018 48.499578)
https://www.openstreetmap.org/node/13283710341,Wolfterode,,,,,,2025-11-05T19:15:53,POINT(9.916846 51.224392)
https://www.openstreetmap.org/node/13283725409,Frankershausen,,,,,,2025-11-05T19:18:48,POINT(9.922653 51.234590)
https://www.openstreetmap.org/node/13283752410,Orferode,,,,,,2025-11-05T19:23:05,POINT(9.938460 51.256401)
https://www.openstreetmap.org/node/13285920572,,,,,24/7,2025-10-28,2025-11-06T19:25:03,POINT(7.147096 53.709695)
https://www.openstreetmap.org/node/13286244156,,,,,,,2025-11-06T23:37:39,POINT(11.369557 53.307311)
https://www.openstreetmap.org/node/13286741160,,,,,,,2025-11-07T08:02:00,POINT(9.985590 53.512762)
https://www.openstreetmap.org/node/13287240859,,metal_cabinet,,,,,2025-11-07T13:19:24,POINT(6.514509 50.983673)
https://www.openstreetmap.org/node/13287302466,Elmshäuser Bücherschrank,phone_box,,,,,2025-11-07T13:52:26,POINT(8.672352 49.701541)
https://www.openstreetmap.org/node/13288312188,Öffentlicher Bücherschrank Schweinheimer Platz,metal_cabinet,Bürgerstiftung Bonn,https://www.buergerstiftung-bonn.de/projekte/offene-buecherschraenke/,24/7,2025-11-08,2025-11-08T01:39:04,POINT(7.142122 50.681144)
https://www.openstreetmap.org/node/13289203502,,wooden_cabinet,Heimatring Bergstedt e.V.,,,,2025-11-08T15:19:29,POINT(10.122656 53.670779)
https://www.openstreetmap.org/node/13289894499,,,,,,,2025-11-08T23:05:35,POINT(11.371323 53.627850)
https://www.openstreetmap.org/node/13290019115,Bücherstübchen,phone_box,,,,,2025-11-09T00:49:06,POINT(10.347161 54.344755)
https://www.openstreetmap.org/node/13294169926,,glass_cabinet,Bürgerstiftung Köln,,,,2025-11-10T10:23:54,POINT(6.881022 50.955342)
https://www.openstreetmap.org/node/13294264673,,wooden_cabinet,,,24/7,,2025-11-10T11:25:30,POINT(8.215026 50.854767)
https://www.openstreetmap.org/node/13295483466,,wooden_cabinet,,,,,2025-11-10T22:23:28,POINT(8.818682 48.871720)
https://www.openstreetmap.org/node/13296730237,Eselsohr,glass_cabinet,Bürgerstiftung Köln,,,,2025-11-11T14:02:01,POINT(6.905681 51.010977)
https://www.openstreetmap.org/node/13298179926,,metal_cabinet,,,,,2025-11-11T19:51:08,POINT(6.691716 51.073119)
https://www.openstreetmap.org/node/13300300897,,wooden_cabinet,,,,,2025-11-12T20:27:09,POINT(12.304982 48.002558)
https://www.openstreetmap.org/node/13300312255,,,,,,,2025-11-12T20:15:00,POINT(11.169442 50.356272)
https://www.openstreetmap.org/node/13300435050,Kleine Waldbücherei,glass_cabinet,,,24/7,,2025-11-12T21:48:02,POINT(9.000260 51.528867)
https://www.openstreetmap.org/node/13301991282,,reading_box,,,,,2025-11-13T16:50:40,POINT(8.628209 50.582644)
https://www.openstreetmap.org/node/13306169737,,,,,,,2025-11-15T12:05:22,POINT(13.374268 52.755507)
https://www.openstreetmap.org/node/13306345954,,,,,,,2025-11-15T13:51:19,POINT(8.422558 49.010336)
https://www.openstreetmap.org/node/13306559264,,,,,,,2025-11-15T15:51:03,POINT(8.690171 50.033359)
https://www.openstreetmap.org/node/13306748283,Bücherschrank Schinna,,,,,,2025-11-15T17:30:38,POINT(9.073951 52.536718)
https://www.openstreetmap.org/node/13309188598,,,,,24/7,2025-11-11,2025-11-16T20:45:41,POINT(7.428821 51.382919)
https://www.openstreetmap.org/node/13310445994,,,,,,,2025-11-17T08:23:02,POINT(12.359635 51.346540)
https://www.openstreetmap.org/node/13310872201,,,,,24/7,,2026-05-01T19:31:38,POINT(8.676887 49.791072)
https://www.openstreetmap.org/node/13310900507,,,,,,,2025-11-17T12:41:49,POINT(8.354275 49.853282)
https://www.openstreetmap.org/node/13311302212,Kühllektüre,metal_cabinet,Kreisverwaltung Euskirchen,,24/7,,2025-11-17T17:00:05,POINT(6.784392 50.660125)
https://www.openstreetmap.org/node/13311302213,,building,Kreisverwaltung Euskirchen,,,,2025-11-17T17:00:05,POINT(6.783536 50.669397)
https://www.openstreetmap.org/node/13313734028,Büchertelfonzelle,phone_box,Stadt Vilsbiburg,,,,2026-05-18T13:13:35,POINT(12.355450 48.448085)
https://www.openstreetmap.org/node/13314192982,,metal_cabinet,,,,,2025-11-18T16:56:36,POINT(10.009627 49.825494)
https://www.openstreetmap.org/node/13316965305,,,,,24/7,,2025-11-19T17:24:28,POINT(8.267687 48.970268)
https://www.openstreetmap.org/node/13318123198,,,,,,,2025-11-19T23:29:25,POINT(10.341942 54.150770)
https://www.openstreetmap.org/node/13318153924,,shelf,,,,,2025-11-19T23:28:28,POINT(7.181246 49.350903)
https://www.openstreetmap.org/node/13318903690,,,,,,,2025-11-20T09:51:06,POINT(8.680424 49.373050)
https://www.openstreetmap.org/node/13319800408,,,,,,,2025-11-20T18:15:43,POINT(13.036509 52.812922)
https://www.openstreetmap.org/node/13320324904,,,,,,,2025-11-20T23:21:17,POINT(10.614323 54.093890)
https://www.openstreetmap.org/node/13320324905,,,,,,,2025-11-20T23:21:17,POINT(10.611753 54.106261)
https://www.openstreetmap.org/node/13321895229,,phone_box,,,24/7,,2025-11-21T12:44:18,POINT(7.463841 49.280527)
https://www.openstreetmap.org/node/13322282929,,,,,,,2025-11-21T16:33:04,POINT(8.531834 48.914032)
https://www.openstreetmap.org/node/13322339434,,,,,,,2025-11-21T17:16:11,POINT(12.366232 50.569630)
https://www.openstreetmap.org/node/13323101904,,,Kirchengemeinde Schwartau,,,2026-04-06,2026-04-06T13:39:55,POINT(10.680471 53.921562)
https://www.openstreetmap.org/node/13324750092,,wooden_cabinet,,,,,2025-11-22T18:55:24,POINT(8.751692 51.512102)
https://www.openstreetmap.org/node/13324918542,,,,,,,2025-11-22T20:32:02,POINT(8.245552 49.844715)
https://www.openstreetmap.org/node/13325964190,,,,,,,2025-11-23T11:19:38,POINT(7.064371 51.185243)
https://www.openstreetmap.org/node/13327159511,,phone_box,24/7,,,,2025-11-23T22:50:48,POINT(6.944371 49.300884)
https://www.openstreetmap.org/node/13327895315,,,,,,,2025-11-24T10:35:14,POINT(6.117980 50.919405)
https://www.openstreetmap.org/node/13328033423,,metal_cabinet,,,24/7,,2025-12-15T09:24:36,POINT(7.324595 51.089422)
https://www.openstreetmap.org/node/13328783965,,,,,,,2025-11-24T18:50:03,POINT(11.728850 47.712022)
https://www.openstreetmap.org/node/13329154413,,,,,,,2026-07-18T22:46:28,POINT(7.283670 50.820619)
https://www.openstreetmap.org/node/13330046860,,,,,,,2025-11-25T10:13:16,POINT(12.993938 52.408248)
https://www.openstreetmap.org/node/13330277617,,phone_box,,,,,2025-11-25T12:32:16,POINT(6.175380 51.027260)
https://www.openstreetmap.org/node/13330638475,,,,,,,2026-05-23T11:11:18,POINT(13.091196 52.359624)
https://www.openstreetmap.org/node/13333830025,,,,,,,2025-11-26T13:48:22,POINT(11.940498 51.501796)
https://www.openstreetmap.org/node/13334564869,,,,,,,2025-11-26T19:51:01,POINT(7.892696 51.974223)
https://www.openstreetmap.org/node/13335478876,Öffentlicher Bücherschrank Quartier 4,,,,,,2025-11-27T08:56:51,POINT(8.859104 48.592167)
https://www.openstreetmap.org/node/13335546930,,phone_box,,,24/7,,2025-11-27T08:37:07,POINT(8.968847 50.105419)
https://www.openstreetmap.org/node/13336806233,,,,,,,2025-11-27T19:01:17,POINT(11.769877 52.430511)
https://www.openstreetmap.org/node/13338461703,,metal_cabinet,,,,,2025-11-28T13:48:12,POINT(8.587144 50.000302)
https://www.openstreetmap.org/node/13339309045,,wooden_cabinet,,,,,2025-11-28T21:23:02,POINT(13.688989 50.997121)
https://www.openstreetmap.org/node/13340222162,,,,,,,2025-11-29T13:09:11,POINT(8.642467 49.085188)
https://www.openstreetmap.org/node/13340225978,,,,,24/7,,2025-11-29T12:42:06,POINT(7.339571 49.322147)
https://www.openstreetmap.org/node/13340250913,,,,,,,2025-11-29T12:39:51,POINT(7.174123 49.532861)
https://www.openstreetmap.org/node/13340285544,,,,,,,2025-11-29T13:09:07,POINT(8.642406 49.083779)
https://www.openstreetmap.org/node/13341175847,Büchervilla,shelter,,https://breitensteinlaedle.de/buchervilla/,,,2025-11-29T20:51:59,POINT(9.510591 48.579976)
https://www.openstreetmap.org/node/13341255927,,metal_cabinet,,,24/7,,2025-11-29T21:21:12,POINT(7.087906 49.263311)
https://www.openstreetmap.org/node/13341381839,Aqua Bücherkühlschrank,fridge,,,,,2026-02-10T13:40:55,POINT(8.640703 49.313656)
https://www.openstreetmap.org/node/13342094782,Bücherturm Stollhofen,,Stollhofen Ortschaftsrat,,,2026-05-09,2026-05-10T12:35:04,POINT(8.047802 48.763920)
https://www.openstreetmap.org/node/13342367397,Icktener Bücherkiste,wooden_cabinet,,,,2025-11-30,2025-11-30T12:15:52,POINT(6.924494 51.377985)
https://www.openstreetmap.org/node/13342436922,,wooden_cabinet,,,24/7,2025-10-17,2025-11-30T12:34:10,POINT(8.941631 50.106675)
https://www.openstreetmap.org/node/13342463964,,shelter,,,,,2025-11-30T13:54:29,POINT(13.365738 52.375264)
https://www.openstreetmap.org/node/13342679449,,,,,,,2025-11-30T15:10:16,POINT(8.804955 51.360724)
https://www.openstreetmap.org/node/13344393004,,,,,,,2025-12-01T11:27:11,POINT(13.435925 52.445858)
https://www.openstreetmap.org/node/13344470551,Hochwanger Bücherhäusle,wooden_cabinet,Gemeinde Lenningen,,24/7,,2025-12-01T12:25:02,POINT(9.448648 48.550642)
https://www.openstreetmap.org/node/13348330449,,,,,,,2025-12-02T17:48:29,POINT(11.361747 48.134020)
https://www.openstreetmap.org/node/13355230854,,wooden_cabinet,,,,,2025-12-05T10:51:27,POINT(9.962505 53.709809)
https://www.openstreetmap.org/node/13355361110,,,,,,,2025-12-05T11:43:33,POINT(13.056094 50.703063)
https://www.openstreetmap.org/node/13357396380,,,,,,,2025-12-06T12:17:39,POINT(8.271564 49.984963)
https://www.openstreetmap.org/node/13359560987,,phone_box,,,,,2025-12-07T14:27:29,POINT(9.214661 50.947195)
https://www.openstreetmap.org/node/13359620501,,,,,,,2025-12-07T14:51:35,POINT(9.800158 52.300218)
https://www.openstreetmap.org/node/13362509015,,phone_box,,,,,2025-12-08T21:08:49,POINT(12.882745 50.706692)
https://www.openstreetmap.org/node/13363004499,,,,,,,2025-12-09T06:08:54,POINT(10.531292 52.253171)
https://www.openstreetmap.org/node/13363802402,,,,,,,2025-12-09T15:13:12,POINT(9.539709 50.084308)
https://www.openstreetmap.org/node/13363934209,,glass_cabinet,,,,,2025-12-09T16:22:22,POINT(10.159573 47.988277)
https://www.openstreetmap.org/node/13366816286,Büchertisch DZ,table,EJF e.V.,,Mo-Su 07:00-20:00,,2026-01-11T14:52:25,POINT(13.248794 52.610147)
https://www.openstreetmap.org/node/13368143301,,,,,24/7,,2025-12-10T20:20:58,POINT(14.748069 51.189962)
https://www.openstreetmap.org/node/13372273387,,,,,,,2025-12-12T16:19:38,POINT(11.081811 49.466868)
https://www.openstreetmap.org/node/13373803581,,,,,,,2025-12-13T12:20:52,POINT(9.112484 48.484200)
https://www.openstreetmap.org/node/13373805596,,,,,,,2025-12-13T12:20:51,POINT(9.110236 48.485934)
https://www.openstreetmap.org/node/13374131196,,,,,,,2025-12-13T15:28:38,POINT(8.960726 50.040692)
https://www.openstreetmap.org/node/13375540701,,,,,,,2025-12-14T08:57:50,POINT(9.977056 53.608184)
https://www.openstreetmap.org/node/13379219300,,,,,,,2025-12-15T23:06:51,POINT(9.560602 53.012518)
https://www.openstreetmap.org/node/13381208179,Bücherecke,alter_hühnerstall,,,,,2025-12-16T13:25:27,POINT(10.578058 47.741264)
https://www.openstreetmap.org/node/13381367901,Austauschschrank,,,,,,2025-12-16T19:01:10,POINT(9.993552 53.671106)
https://www.openstreetmap.org/node/13381948137,,,,,,,2025-12-16T18:59:16,POINT(6.557767 49.628151)
https://www.openstreetmap.org/node/13382144890,Vissel-Bücherschrank,,Vissel for Future,,,2026-07-05,2026-07-05T19:03:47,POINT(9.580905 52.986743)
https://www.openstreetmap.org/node/13383913494,,,,,,,2025-12-17T18:23:14,POINT(10.277645 52.205862)
https://www.openstreetmap.org/node/13384447125,,,,,,,2025-12-17T23:32:43,POINT(10.915966 53.552693)
https://www.openstreetmap.org/node/13386302301,,,,,,,2025-12-18T11:45:13,POINT(10.002045 53.673116)
https://www.openstreetmap.org/node/13386837309,,cabinet,,,,2026-04-04,2026-04-05T12:05:28,POINT(9.983632 53.390276)
https://www.openstreetmap.org/node/13386838059,Jeninchens cooler Büchertausch-Schrank,,,,,,2025-12-18T16:21:28,POINT(11.588707 50.934753)
https://www.openstreetmap.org/node/13387654345,,,,,,,2025-12-18T23:37:02,POINT(11.056933 53.650120)
https://www.openstreetmap.org/node/13388028812,,wooden_case,,,,,2025-12-19T06:25:55,POINT(9.392668 48.669714)
https://www.openstreetmap.org/node/13389586007,,,,,,,2025-12-19T21:48:06,POINT(7.860087 49.934285)
https://www.openstreetmap.org/node/13391143345,Bücherkiste Einsteinstraße,,Freiwilligenagentur Magdeburg,https://www.magdebuch.de/portfolio-items/buecherkiste-einsteinstrasse/,"Tu,Th 10:00-18:00; PH off",,2025-12-20T17:14:21,POINT(11.629247 52.121211)
https://www.openstreetmap.org/node/13391173778,Bücherschrank Stadtfeld West,wooden_cabinet,Rand und Band e.V.,https://www.magdebuch.de/portfolio-items/buecherschrank-stadtfeld-west/,,,2025-12-20T17:23:17,POINT(11.580825 52.130819)
https://www.openstreetmap.org/node/13391285327,,,,,,,2025-12-20T18:43:26,POINT(9.810485 51.616097)
https://www.openstreetmap.org/node/13391630281,,phone_box,,,,,2026-03-23T10:10:39,POINT(9.824485 47.680172)
https://www.openstreetmap.org/node/13392704309,,phone_box,,,,,2025-12-21T12:27:32,POINT(8.371856 50.011836)
https://www.openstreetmap.org/node/13392851421,,,,,,,2025-12-21T14:35:26,POINT(8.281811 52.728659)
https://www.openstreetmap.org/node/13393058306,Bücherschrank Altstadt,wooden_cabinet,Freiwilligenagentur Magdeburg,https://www.magdebuch.de/portfolio-items/buecherschrank-altstadt/,,,2026-06-13T13:58:23,POINT(11.641231 52.131970)
https://www.openstreetmap.org/node/13393387129,,,,,,,2025-12-21T18:45:09,POINT(6.065766 51.788654)
https://www.openstreetmap.org/node/13394563714,Biecherhaisel,phone_box,,,,,2025-12-22T08:14:14,POINT(8.315777 49.143903)
https://www.openstreetmap.org/node/13395493484,,,,,,,2025-12-22T16:28:38,POINT(10.336424 51.806959)
https://www.openstreetmap.org/node/13395713482,,,,,,,2025-12-22T18:11:02,POINT(7.897679 49.970221)
https://www.openstreetmap.org/node/13396900561,,,,,,,2025-12-23T05:04:12,POINT(8.565578 50.142167)
https://www.openstreetmap.org/node/13398244624,,,,,,,2025-12-23T18:46:52,POINT(10.113391 52.271506)
https://www.openstreetmap.org/node/13398857583,,,,,,,2025-12-23T23:54:12,POINT(9.692261 53.112016)
https://www.openstreetmap.org/node/13398863280,,,,,,,2025-12-23T23:47:39,POINT(9.739470 53.056133)
https://www.openstreetmap.org/node/13401685292,,,,,24/7,,2025-12-25T10:12:17,POINT(10.986731 49.104946)
https://www.openstreetmap.org/node/13403954942,,,,,,,2025-12-25T09:27:38,POINT(9.260768 53.144200)
https://www.openstreetmap.org/node/13404255559,,,,,,,2025-12-27T15:37:51,POINT(9.908077 52.254787)
https://www.openstreetmap.org/node/13404494598,,glass_cabinet,,,,2025-12-25,2025-12-25T16:28:51,POINT(6.999988 50.870043)
https://www.openstreetmap.org/node/13406670517,,phone_box,,,,,2025-12-25T22:37:12,POINT(9.432091 53.595906)
https://www.openstreetmap.org/node/13408965019,,,,,,,2025-12-26T16:16:10,POINT(7.938180 51.691821)
https://www.openstreetmap.org/node/13409201469,,shelter,,,24/7,,2025-12-26T19:23:03,POINT(11.463158 48.291557)
https://www.openstreetmap.org/node/13409664815,,,,,,,2025-12-27T00:06:07,POINT(9.631382 53.183521)
https://www.openstreetmap.org/node/13410336963,Oberdünzebacher Bücherkiste,,,,,,2025-12-27T11:03:06,POINT(10.077167 51.168872)
https://www.openstreetmap.org/node/13410406078,,,,,,,2025-12-27T11:59:03,POINT(10.553285 47.803013)
https://www.openstreetmap.org/node/13410680924,,,,,,,2025-12-27T15:11:12,POINT(8.125678 49.327154)
https://www.openstreetmap.org/node/13411457380,,wooden_cabinet,,,,,2025-12-27T22:50:33,POINT(9.827247 53.946834)
https://www.openstreetmap.org/node/13413531502,,,,,24/7,,2025-12-28T15:25:34,POINT(6.153180 50.749086)
https://www.openstreetmap.org/node/13413983084,,,,,,,2025-12-28T17:34:48,POINT(8.674199 50.583979)
https://www.openstreetmap.org/node/13414473621,,,,,,,2025-12-28T22:39:30,POINT(9.246532 49.639507)
https://www.openstreetmap.org/node/13414523000,,phone_box,,,,,2025-12-28T22:45:29,POINT(9.608231 53.560659)
https://www.openstreetmap.org/node/13418430250,,,,,,,2025-12-30T16:05:37,POINT(7.811571 52.219901)
https://www.openstreetmap.org/node/13419231076,Leselust,,,,24/7,,2025-12-30T22:52:01,POINT(8.474329 48.898308)
https://www.openstreetmap.org/node/13419310075,,,,,,,2025-12-31T00:00:26,POINT(11.887248 51.599685)
https://www.openstreetmap.org/node/13421329391,,,,,,,2025-12-31T15:50:00,POINT(6.295314 50.011067)
https://www.openstreetmap.org/node/13421344950,,,,,,,2025-12-31T14:14:41,POINT(9.140092 50.242008)
https://www.openstreetmap.org/node/13421770049,,building,Familie Behrens Büchig KG,,,,2025-12-31T17:17:27,POINT(8.461679 49.046293)
https://www.openstreetmap.org/node/13423641625,,phone_box,,,,,2026-01-01T13:48:21,POINT(11.764439 48.591383)
https://www.openstreetmap.org/node/13423711469,,,,,,,2026-01-01T14:31:42,POINT(8.508997 50.145183)
https://www.openstreetmap.org/node/13423763374,,,,,,,2026-01-01T15:14:49,POINT(10.878631 48.424514)
https://www.openstreetmap.org/node/13427671148,,,,,,,2026-01-03T00:08:11,POINT(10.738114 53.922888)
https://www.openstreetmap.org/node/13428560501,Bücherschrank am teo,,,,24/7,,2026-01-03T19:59:32,POINT(8.678590 49.860944)
https://www.openstreetmap.org/node/13428650792,,phone_box,,,,,2026-01-03T16:02:30,POINT(10.440806 52.930593)
https://www.openstreetmap.org/node/13428650794,,shelter,,,,,2026-01-03T16:02:30,POINT(10.486683 52.936158)
https://www.openstreetmap.org/node/13429032205,,phone_box,,,,,2026-01-03T18:13:39,POINT(9.905499 53.432776)
https://www.openstreetmap.org/node/13429387982,,metal_cabinet,,,,,2026-01-03T22:22:07,POINT(10.258745 48.594396)
https://www.openstreetmap.org/node/13430014263,,,,,,,2026-01-04T08:50:23,POINT(8.121243 51.561295)
https://www.openstreetmap.org/node/13430462345,,,,,,,2026-01-04T14:25:39,POINT(7.832361 50.436128)
https://www.openstreetmap.org/node/13431636779,,,,,,,2026-01-05T04:22:58,POINT(11.632426 48.145326)
https://www.openstreetmap.org/node/13433120895,,,,,24/7,2026-01-05,2026-01-05T19:52:28,POINT(8.197891 53.248087)
https://www.openstreetmap.org/node/13435831860,,,,,,,2026-01-06T16:20:37,POINT(10.236429 49.756312)
https://www.openstreetmap.org/node/13436213081,Kinder Bücherbox,,,,,,2026-01-06T20:22:23,POINT(6.960233 50.963756)
https://www.openstreetmap.org/node/13438846214,,phone_box,,,,,2026-01-08T01:05:35,POINT(10.219385 50.075673)
https://www.openstreetmap.org/node/13439959359,,glass_cabinet,,,,,2026-01-08T15:30:39,POINT(6.200399 50.739165)
https://www.openstreetmap.org/node/13444749986,,wooden_cabinet,,,,,2026-01-10T08:40:14,POINT(6.055392 51.005585)
https://www.openstreetmap.org/node/13444936177,,wooden_cabinet,,,,,2026-01-10T10:03:56,POINT(12.481444 47.821701)
https://www.openstreetmap.org/node/13448044901,,,,,,,2026-01-11T13:28:02,POINT(11.351880 50.958344)
https://www.openstreetmap.org/node/13448554466,,wooden_cabinet,,,,,2026-01-12T00:03:45,POINT(6.982591 49.290332)
https://www.openstreetmap.org/node/13448562611,,,,,,,2026-01-11T18:12:07,POINT(7.128494 50.695039)
https://www.openstreetmap.org/node/13452366934,,,,,,,2026-01-13T11:17:35,POINT(10.360025 53.798831)
https://www.openstreetmap.org/node/13453863906,,metal_cabinet,,,,,2026-01-13T22:26:38,POINT(12.433783 48.716581)
https://www.openstreetmap.org/node/13454303316,,metal_cabinet,,,,,2026-01-13T23:25:57,POINT(8.935917 48.766970)
https://www.openstreetmap.org/node/13455784710,,,,,,,2026-02-28T12:21:35,POINT(13.708020 51.085300)
https://www.openstreetmap.org/node/13458234931,,,,,,,2026-01-15T15:45:17,POINT(10.004251 50.500825)
https://www.openstreetmap.org/node/1346036177,,,Stadtteilforum Eppenhausen e.V.,,,2023-06-06,2023-06-06T13:54:15,POINT(7.506097 51.361585)
https://www.openstreetmap.org/node/13467794301,,,Bürgerstiftung Detmold,,,,2026-01-19T10:06:03,POINT(8.874386 51.947679)
https://www.openstreetmap.org/node/13469159747,,shelf,,,,,2026-01-19T21:11:27,POINT(8.709097 50.297410)
https://www.openstreetmap.org/node/13469159816,Bücherzelle,phone_box,,,,,2026-01-19T21:11:27,POINT(8.695026 50.300784)
https://www.openstreetmap.org/node/13470352987,,reading_box,,,,,2026-01-20T11:42:25,POINT(13.633429 51.113548)
https://www.openstreetmap.org/node/13470861517,,,,,,,2026-01-20T16:04:00,POINT(10.998759 49.591055)
https://www.openstreetmap.org/node/13471413454,,,,,,,2026-01-20T18:48:31,POINT(8.637028 52.048518)
https://www.openstreetmap.org/node/13473405606,,glass_cabinet,,,,,2026-01-21T11:40:58,POINT(6.896988 50.843348)
https://www.openstreetmap.org/node/13473590325,,,,,,,2026-01-21T12:41:29,POINT(11.609006 50.885067)
https://www.openstreetmap.org/node/13475143682,,shelter,,,,,2026-01-21T23:21:15,POINT(10.699702 52.993541)
https://www.openstreetmap.org/node/13479195939,,,,,,,2026-01-23T14:19:16,POINT(12.381206 51.383905)
https://www.openstreetmap.org/node/13482599170,,,,,,,2026-01-24T21:55:15,POINT(9.064675 49.769118)
https://www.openstreetmap.org/node/13483215136,,,,,,,2026-01-25T08:01:19,POINT(7.543699 49.499759)
https://www.openstreetmap.org/node/13495251350,Birkigter Bücherzelle,phone_box,,,,,2026-01-26T09:48:26,POINT(11.484410 50.669308)
https://www.openstreetmap.org/node/13502641101,,metal_cabinet,,,,,2026-01-26T21:31:12,POINT(7.888095 49.965496)
https://www.openstreetmap.org/node/13505394882,,,,,,,2026-01-27T22:41:22,POINT(11.020087 53.019580)
https://www.openstreetmap.org/node/13506805676,,,,,,,2026-01-28T14:25:48,POINT(14.417416 51.762792)
https://www.openstreetmap.org/node/13507032582,Bücherschrank Hauptfriedhof Lörrach,,Bürgerstiftung Lörrach,,,,2026-01-28T16:20:28,POINT(7.674645 47.618712)
https://www.openstreetmap.org/node/13507170804,Jägerdunihütte,,,,,,2026-01-28T17:33:19,POINT(7.866614 48.427451)
https://www.openstreetmap.org/node/13507308322,Bücherzelle Rechtenfleth,,,,,,2026-01-28T18:48:18,POINT(8.508318 53.379938)
https://www.openstreetmap.org/node/13508842484,,phone_box,,,,,2026-01-29T11:06:48,POINT(9.462422 48.692897)
https://www.openstreetmap.org/node/13510693934,,,,,24/7,,2026-01-29T21:56:21,POINT(11.586751 48.162517)
https://www.openstreetmap.org/node/13513846094,,,EV. Kirchengemeinde,,,,2026-01-31T07:30:24,POINT(9.924334 49.249847)
https://www.openstreetmap.org/node/13514025601,,,,,,,2026-01-31T09:56:46,POINT(7.942233 50.007240)
https://www.openstreetmap.org/node/13515676100,Die kleine Bücherei,phone_box,,,24/7,,2026-01-31T21:47:20,POINT(11.203008 47.679228)
https://www.openstreetmap.org/node/13516363041,Altwied Book Exchange,phone_box,,,,,2026-06-06T08:42:37,POINT(7.467542 50.482833)
https://www.openstreetmap.org/node/13516632016,,metal_cabinet,,,,2026-01-31,2026-02-01T13:24:10,POINT(7.784432 51.381746)
https://www.openstreetmap.org/node/13517187586,,shelf,,,24/7,,2026-04-12T06:46:08,POINT(8.240324 50.006634)
https://www.openstreetmap.org/node/13517800265,,,,,,,2026-02-01T21:22:48,POINT(12.753879 51.211052)
https://www.openstreetmap.org/node/13520478302,,shelter,,,,,2026-02-02T21:51:52,POINT(10.596555 52.765915)
https://www.openstreetmap.org/node/13521122398,Tauschaus,,,,,,2026-02-03T08:05:00,POINT(10.028660 53.618087)
https://www.openstreetmap.org/node/13521263144,Kinderbücherschrank,wooden_cabinet,Bürgerstiftung Detmold,,,,2026-02-03T09:25:14,POINT(8.843724 51.927475)
https://www.openstreetmap.org/node/13522292125,,,,,,,2026-02-03T17:33:07,POINT(9.462260 48.523182)
https://www.openstreetmap.org/node/13524204292,KLEYne Leselust,phone_box,,,24/7,2025-02-04,2026-02-04T13:31:08,POINT(7.364481 51.488746)
https://www.openstreetmap.org/node/13524374120,,,,,,,2026-02-04T14:57:12,POINT(11.094650 49.441793)
https://www.openstreetmap.org/node/13527017089,,,,,,,2026-02-05T19:31:12,POINT(9.637081 47.803312)
https://www.openstreetmap.org/node/13528901944,,,,,,,2026-02-06T11:34:46,POINT(10.655724 49.174390)
https://www.openstreetmap.org/node/13529823237,,,,,,,2026-02-06T18:57:52,POINT(9.207851 48.549554)
https://www.openstreetmap.org/node/13531942669,,,,,,,2026-02-07T13:21:54,POINT(11.043764 48.290757)
https://www.openstreetmap.org/node/13532123486,,wooden_cabinet,,,,,2026-02-07T14:52:56,POINT(8.641597 50.220852)
https://www.openstreetmap.org/node/13532609742,,metal_cabinet,,,,,2026-02-07T18:36:44,POINT(9.114821 48.718546)
https://www.openstreetmap.org/node/13532609743,,metal_cabinet,,,,,2026-02-07T18:36:44,POINT(9.114745 48.718531)
https://www.openstreetmap.org/node/13532678352,,wooden_cabinet,"Verein ""Alter Dorfkern Rochwitz""",,24/7,,2026-02-07T19:23:20,POINT(13.847261 51.049299)
https://www.openstreetmap.org/node/13533942808,,phone_box,,,,,2026-02-08T11:02:08,POINT(9.135531 49.985711)
https://www.openstreetmap.org/node/13534618412,Englische Telefonzelle (außer Betrieb),,,,,,2026-07-06T04:44:41,POINT(9.000986 48.707876)
https://www.openstreetmap.org/node/13537076841,,phone_box,,,,,2026-02-09T15:41:49,POINT(8.710472 49.786881)
https://www.openstreetmap.org/node/13537076842,,shelter,,,,,2026-02-09T15:41:49,POINT(8.712759 49.775182)
https://www.openstreetmap.org/node/13539014661,,wooden_cabinet,,,24/7,,2026-02-09T22:19:41,POINT(12.121124 49.599065)
https://www.openstreetmap.org/node/13541427632,,,,,,,2026-02-10T18:04:11,POINT(6.899032 51.418480)
https://www.openstreetmap.org/node/13541752303,Bücherhäuschen,,,,24/7,,2026-02-10T20:52:26,POINT(8.968638 50.974263)
https://www.openstreetmap.org/node/13542781242,,metal_cabinet,,,,,2026-02-11T09:24:41,POINT(9.451459 48.588038)
https://www.openstreetmap.org/node/13542781243,,shelf,,,24/7,,2026-02-11T09:24:41,POINT(9.386798 48.629587)
https://www.openstreetmap.org/node/13543694031,,phone_box,,,,,2026-02-11T15:55:52,POINT(9.379936 48.722749)
https://www.openstreetmap.org/node/13545788393,,,,,,,2026-02-12T11:10:47,POINT(7.565117 51.360247)
https://www.openstreetmap.org/node/13556598063,,phone_box,,,,,2026-02-13T19:42:28,POINT(12.334513 51.523151)
https://www.openstreetmap.org/node/13563665215,Bücher Tausch,wooden_cabinet,private,,24/7,,2026-02-14T08:23:21,POINT(11.483719 48.131770)
https://www.openstreetmap.org/node/13564198291,BücherboxX,glass_cabinet,Nachbarschaftsinitiative BücherboxX Uhlenhorst,,,,2026-03-17T21:36:01,POINT(10.019917 53.570797)
https://www.openstreetmap.org/node/13564897248,,,,,,,2026-02-14T22:44:16,POINT(7.230868 50.537899)
https://www.openstreetmap.org/node/13567044946,,wooden_cabinet,Bürgerstiftung Detmold,,24/7,,2026-02-15T16:33:02,POINT(8.886233 51.961559)
https://www.openstreetmap.org/node/13567811132,,,,,,,2026-02-15T19:31:23,POINT(11.545983 48.797614)
https://www.openstreetmap.org/node/13570962709,Bücherschrank Wochenmarkt Brauhausstraße,metal_cabinet,,,24/7,,2026-02-16T20:13:23,POINT(13.483676 51.162327)
https://www.openstreetmap.org/node/13570962710,Bücherzelle Hafenstraße e.V.,phone_box,Hafenstraße e.V.,,24/7,,2026-02-16T20:13:23,POINT(13.477578 51.168517)
https://www.openstreetmap.org/node/13570962711,Bücherschrank Neugasse,phone_box,,,24/7,,2026-02-16T20:13:23,POINT(13.469891 51.159502)
https://www.openstreetmap.org/node/13570962712,Bücherschrank Porzellanwohnzimmer,metal_cabinet,,,24/7,,2026-02-16T20:13:23,POINT(13.469520 51.160632)
https://www.openstreetmap.org/node/13570962713,Bücherbox Internationaler Garten,phone_box,Internationaler Garten Meißen,,24/7,,2026-02-16T20:13:23,POINT(13.495747 51.180378)
https://www.openstreetmap.org/node/13571336165,,wooden_cabinet,,,,,2026-02-16T22:53:34,POINT(10.575370 52.678016)
https://www.openstreetmap.org/node/13572571420,,wooden_cabinet,,,,,2026-02-17T10:48:08,POINT(8.865636 51.938360)
https://www.openstreetmap.org/node/13572896897,BücherboXX im Südpark,phone_box,,,,,2026-02-17T13:13:31,POINT(8.118949 49.187230)
https://www.openstreetmap.org/node/13572945672,,wooden_cabinet,,,24/7,,2026-02-17T14:18:08,POINT(10.857164 48.039008)
https://www.openstreetmap.org/node/13573842804,,phone_box,,,,,2026-02-17T16:22:44,POINT(8.598492 49.802309)
https://www.openstreetmap.org/node/13583514175,,shelter,,,,,2026-02-19T23:11:45,POINT(10.533348 53.145301)
https://www.openstreetmap.org/node/13584756402,,,,,24/7,2026-03-11,2026-04-01T18:03:15,POINT(9.074873 47.734482)
https://www.openstreetmap.org/node/13584790886,,phone_box,,,,,2026-02-20T13:34:24,POINT(9.928149 54.180106)
https://www.openstreetmap.org/node/13585033216,,,,,,,2026-02-20T15:21:16,POINT(9.480591 52.609118)
https://www.openstreetmap.org/node/13586413451,,phone_box,,,24/7,,2026-02-21T09:21:08,POINT(11.597140 48.183976)
https://www.openstreetmap.org/node/13586570611,,glass_cabinet,Lions Club Bühl,,,,2026-02-21T11:04:22,POINT(8.134430 48.697079)
https://www.openstreetmap.org/node/13587054011,,,,,,,2026-02-21T13:11:18,POINT(8.218090 50.009517)
https://www.openstreetmap.org/node/13587055719,,street_cabinet,,,,,2026-07-01T23:29:55,POINT(8.206171 50.001932)
https://www.openstreetmap.org/node/13587923097,,reading_box,,,,,2026-02-21T17:38:24,POINT(10.062819 53.751926)
https://www.openstreetmap.org/node/13591382813,,,,,,,2026-03-17T18:14:07,POINT(10.540554 52.171749)
https://www.openstreetmap.org/node/13591502050,Kinder- & Jugendbücher Lesehäuschen,phone_box,Bündnis für Familie Bruchsal,,24/7,,2026-07-08T19:10:45,POINT(8.586599 49.078122)
https://www.openstreetmap.org/node/13591549384,,wooden_cabinet,,,24/7,,2026-02-22T22:10:52,POINT(12.127670 49.599129)
https://www.openstreetmap.org/node/13596440012,,,,,,,2026-02-24T20:15:43,POINT(9.773301 52.023789)
https://www.openstreetmap.org/node/13596678393,,wooden_cabinet,,,24/7,,2026-02-24T23:13:51,POINT(8.771503 47.852436)
https://www.openstreetmap.org/node/13596695920,,shelter,,,,,2026-02-24T22:52:44,POINT(10.727037 53.201665)
https://www.openstreetmap.org/node/13599465861,,,,,,,2026-02-25T21:17:44,POINT(10.063391 51.530005)
https://www.openstreetmap.org/node/13602057697,,phone_box,,,,,2026-02-26T09:52:58,POINT(8.397071 50.104264)
https://www.openstreetmap.org/node/13602474294,,,,,,,2026-02-26T12:35:36,POINT(7.158587 49.283145)
https://www.openstreetmap.org/node/13603506949,,,,,,,2026-02-26T19:29:26,POINT(7.118059 50.809877)
https://www.openstreetmap.org/node/13606054777,,,,,,,2026-02-27T16:46:40,POINT(8.254934 48.828154)
https://www.openstreetmap.org/node/13606523378,,,,,,,2026-02-27T21:26:51,POINT(9.561104 49.342850)
https://www.openstreetmap.org/node/13608279616,,phone_box,,,24/7,,2026-02-28T20:54:35,POINT(12.930982 52.534512)
https://www.openstreetmap.org/node/13609093138,,,,,,,2026-03-01T10:26:20,POINT(6.991572 51.136682)
https://www.openstreetmap.org/node/13609360696,,,,,,,2026-03-01T13:39:37,POINT(13.580920 51.157620)
https://www.openstreetmap.org/node/13612642348,,metal_cabinet,,,,,2026-03-02T18:10:19,POINT(10.150300 53.823848)
https://www.openstreetmap.org/node/13615056549,,,,,24/7,2025-03-03,2026-03-03T17:44:39,POINT(7.515087 51.402212)
https://www.openstreetmap.org/node/13615372251,,wooden_cabinet,,,,,2026-03-03T19:27:08,POINT(8.768828 50.365489)
https://www.openstreetmap.org/node/13615732515,Bücherschrank Werder,wooden_cabinet,Magdebuch,https://www.magdebuch.de/portfolio-items/buecherschrank-werder/,,,2026-06-13T13:55:21,POINT(11.653926 52.131451)
https://www.openstreetmap.org/node/13615785748,,,,https://www.magdebuch.de/portfolio-items/buecherschrank-altstadt/,,,2026-03-03T22:22:44,POINT(11.640056 52.130869)
https://www.openstreetmap.org/node/13616997697,,,,,Mo-Sa 07:00-20:00; PH off,,2026-07-10T11:10:13,POINT(9.767584 52.899313)
https://www.openstreetmap.org/node/13617301007,Slow Sunday Book Club,,,,,,2026-03-04T10:01:36,POINT(8.805152 53.093325)
https://www.openstreetmap.org/node/13618072576,,wooden_cabinet,,,,,2026-03-04T15:22:14,POINT(11.955491 48.077622)
https://www.openstreetmap.org/node/13619546553,,wooden_cabinet,,https://www.bookcrossing.com/hunt/28/3379/99081/756339,,,2026-03-22T13:02:22,POINT(10.253268 47.726666)
https://www.openstreetmap.org/node/13620666535,,,,,,,2026-03-05T16:14:40,POINT(7.106492 52.292780)
https://www.openstreetmap.org/node/13621034312,,reading_box,,,,,2026-03-05T18:54:52,POINT(8.755876 50.356815)
https://www.openstreetmap.org/node/13623252005,,metal_cabinet,,,24/7,,2026-03-06T15:36:02,POINT(7.869637 52.542398)
https://www.openstreetmap.org/node/13624677273,,,,,,,2026-03-07T09:03:53,POINT(7.962434 49.881389)
https://www.openstreetmap.org/node/13624920248,,,,,,,2026-03-07T12:45:24,POINT(9.151678 48.430930)
https://www.openstreetmap.org/node/13624953485,,,,,,,2026-03-07T12:45:15,POINT(9.154393 48.430690)
https://www.openstreetmap.org/node/13624954273,,,,,,,2026-03-07T12:45:13,POINT(9.150647 48.431975)
https://www.openstreetmap.org/node/13625478119,,,,,,,2026-03-07T18:49:23,POINT(12.876514 50.754054)
https://www.openstreetmap.org/node/13625500102,,,,,,,2026-03-07T18:46:02,POINT(12.954487 50.670967)
https://www.openstreetmap.org/node/13626061964,Offenes Bücherhaus Kallmuth,,,,,,2026-03-08T01:08:38,POINT(6.619409 50.556244)
https://www.openstreetmap.org/node/13626733077,,,,,,2026-02-13,2026-03-08T15:13:09,POINT(6.381140 50.583544)
https://www.openstreetmap.org/node/13626961302,,,Bürgergemeinschaft Zange,,,,2026-03-08T15:58:54,POINT(7.195520 50.793990)
https://www.openstreetmap.org/node/13633319757,,,,,,,2026-03-23T11:40:12,POINT(9.216982 48.895424)
https://www.openstreetmap.org/node/13636184777,,,,,,,2026-03-11T01:52:32,POINT(11.017281 50.821540)
https://www.openstreetmap.org/node/13641782084,,,,,,,2026-03-12T18:04:09,POINT(13.744451 51.060369)
https://www.openstreetmap.org/node/13641841187,Bücherzelle,phone_box,,,,,2026-03-12T18:11:42,POINT(10.455405 53.289222)
https://www.openstreetmap.org/node/13641883903,,,,,,,2026-03-12T18:04:59,POINT(14.087918 50.958684)
https://www.openstreetmap.org/node/13643699996,,phone_box,,,,,2026-03-12T21:22:58,POINT(10.440622 53.247461)
https://www.openstreetmap.org/node/13644751287,,,,,,,2026-03-13T09:03:30,POINT(6.740707 50.991946)
https://www.openstreetmap.org/node/13645268942,,,,,,,2026-03-13T13:51:35,POINT(11.634153 52.124869)
https://www.openstreetmap.org/node/13647513204,,,,,,,2026-03-14T13:38:47,POINT(9.931313 47.662205)
https://www.openstreetmap.org/node/13647781010,,phone_box,gestiftet von Hengsberg GmbH,,,,2026-03-14T16:15:40,POINT(7.242554 50.531454)
https://www.openstreetmap.org/node/13650227839,,wooden_cabinet,Epiphaniasgemeinde,,,,2026-03-15T16:41:24,POINT(8.881102 53.068907)
https://www.openstreetmap.org/node/13650342148,,phone_box,,,,,2026-03-15T17:54:59,POINT(10.506490 53.292732)
https://www.openstreetmap.org/node/13650342153,Bücherzelle Erbstorf,phone_box,,,24/7,,2026-03-15T17:56:29,POINT(10.474356 53.275957)
https://www.openstreetmap.org/node/13651613143,,,,,,,2026-03-16T08:24:26,POINT(7.030572 51.282602)
https://www.openstreetmap.org/node/13652386330,,phone_box,,,,,2026-06-06T14:00:20,POINT(7.947442 50.035195)
https://www.openstreetmap.org/node/13652534437,,phone_box,,,,,2026-03-16T14:51:51,POINT(9.435689 53.691139)
https://www.openstreetmap.org/node/13656618820,,,,,,,2026-03-17T18:23:27,POINT(7.894270 49.965393)
https://www.openstreetmap.org/node/1365767591,Bücherschrank,phone_box,,,,,2024-06-16T01:28:17,POINT(9.349359 52.356515)
https://www.openstreetmap.org/node/13658428080,,phone_box,,,,,2026-03-18T10:19:37,POINT(12.607377 52.199852)
https://www.openstreetmap.org/node/13659261442,,,,,,,2026-03-18T17:21:26,POINT(11.521356 48.194562)
https://www.openstreetmap.org/node/13659354778,,,,,,,2026-03-18T17:44:08,POINT(6.656859 50.924936)
https://www.openstreetmap.org/node/13659520750,,glass_cabinet,,,24/7,,2026-03-18T19:29:31,POINT(8.108535 51.573852)
https://www.openstreetmap.org/node/13664118558,,glass_cabinet,,,,,2026-03-20T07:20:21,POINT(8.812457 50.734409)
https://www.openstreetmap.org/node/13664448332,,,,,,,2026-03-20T10:26:32,POINT(7.651639 49.314593)
https://www.openstreetmap.org/node/13665776601,,reading_box,,,,,2026-03-20T22:04:20,POINT(8.701029 50.820877)
https://www.openstreetmap.org/node/13666342503,Buchhaltestelle,shelter,,,,,2026-03-21T09:09:37,POINT(8.225023 48.344091)
https://www.openstreetmap.org/node/13666593780,,,,,,,2026-03-21T11:09:55,POINT(13.638260 52.546136)
https://www.openstreetmap.org/node/13666733014,,,,,,,2026-03-21T12:40:35,POINT(9.180404 48.389869)
https://www.openstreetmap.org/node/13666795275,,,,,,,2026-03-21T13:15:46,POINT(8.783251 53.098341)
https://www.openstreetmap.org/node/13667137259,Bücherschrank,reading_box,,,,2026-03-21,2026-03-21T16:05:17,POINT(9.254745 49.211553)
https://www.openstreetmap.org/node/13667937613,,reading_box,Gewerbeverein Stolpen,,24/7,,2026-03-21T22:25:45,POINT(14.066737 51.061412)
https://www.openstreetmap.org/node/13668772553,Hörner Böker Huus,phone_box,,,,,2026-03-22T12:17:52,POINT(9.680465 53.852802)
https://www.openstreetmap.org/node/13669085319,,,,,,,2026-03-22T14:51:10,POINT(13.469643 52.056620)
https://www.openstreetmap.org/node/13669151538,,metal_cabinet,,,24/7,,2026-03-22T15:03:25,POINT(7.425630 50.666621)
https://www.openstreetmap.org/node/13670343313,,metal_cabinet,,,24/7,,2026-03-22T22:59:24,POINT(11.551396 48.136518)
https://www.openstreetmap.org/node/13671505999,,wooden_cabinet,Stadtwerke Tübingen,,,,2026-03-23T11:39:18,POINT(9.040791 48.511283)
https://www.openstreetmap.org/node/13672973032,,,,,,,2026-03-23T21:06:43,POINT(9.451592 48.620177)
https://www.openstreetmap.org/node/13673169302,Bücherkiste,reading_box,,,,,2026-03-23T22:50:42,POINT(8.739101 50.365675)
https://www.openstreetmap.org/node/13674546101,offener Bücherschrank,,,,24/7,,2026-03-24T12:45:50,POINT(12.563649 47.970657)
https://www.openstreetmap.org/node/13674908758,,,,,,,2026-03-24T15:56:32,POINT(8.835468 48.836465)
https://www.openstreetmap.org/node/13676562499,,,,,,,2026-03-25T01:25:18,POINT(8.609597 50.082333)
https://www.openstreetmap.org/node/13677245574,,,,,,,2026-03-25T09:23:39,POINT(6.652019 51.386912)
https://www.openstreetmap.org/node/13678984087,,phone_box,,,,,2026-03-25T15:23:19,POINT(10.991087 51.021723)
https://www.openstreetmap.org/node/13679286987,,,,,,,2026-03-25T16:39:33,POINT(9.046306 48.503113)
https://www.openstreetmap.org/node/13681117200,,,,,,,2026-03-26T08:09:16,POINT(8.203034 49.997608)
https://www.openstreetmap.org/node/13683431394,,wooden_cabinet,,,,,2026-03-26T21:54:44,POINT(8.233170 53.112841)
https://www.openstreetmap.org/node/13684583337,,,,,,,2026-03-27T12:11:27,POINT(8.197581 51.635319)
https://www.openstreetmap.org/node/13685690851,,shelf,,,,,2026-03-27T23:36:01,POINT(6.642359 50.591492)
https://www.openstreetmap.org/node/13685690853,,,,,24/7,,2026-03-27T23:36:01,POINT(6.626308 50.590979)
https://www.openstreetmap.org/node/13687123723,,shelter,,,24/7,,2026-03-28T20:07:13,POINT(9.602164 52.200934)
https://www.openstreetmap.org/node/13688434278,Wernborner Bücherschrank,wooden_cabinet,,,,,2026-03-29T14:23:02,POINT(8.569709 50.360918)
https://www.openstreetmap.org/node/13688627141,,,,,,,2026-03-29T13:57:35,POINT(11.293060 49.337205)
https://www.openstreetmap.org/node/13688643095,,,,,,,2026-03-29T14:07:54,POINT(13.403667 52.581559)
https://www.openstreetmap.org/node/13689498800,,,,,,,2026-03-29T21:01:59,POINT(6.579801 50.512330)
https://www.openstreetmap.org/node/13690861336,,,,,,,2026-03-30T09:27:47,POINT(10.594830 48.005780)
https://www.openstreetmap.org/node/13691234794,,glass_cabinet,,,,,2026-03-30T11:38:01,POINT(8.433617 50.044508)
https://www.openstreetmap.org/node/13691987753,Bücherpforte,wooden_cabinet,Stadtwirtschaft,https://y.stadtfabrikanten.org/buecherpforte,Mo-Fr 08:00-20:00,,2026-04-08T19:54:41,POINT(12.941106 50.831747)
https://www.openstreetmap.org/node/13695424043,,phone_box,Deutsche Wohnen,,,,2026-03-31T14:05:26,POINT(13.429426 52.544241)
https://www.openstreetmap.org/node/13697662294,,,,,,,2026-04-01T07:36:19,POINT(9.217789 47.848883)
https://www.openstreetmap.org/node/13699260601,Schrank für Kinderbücher,,,,,,2026-04-01T17:51:51,POINT(7.906379 48.374720)
https://www.openstreetmap.org/node/13699762970,,wooden_cabinet,,,24/7,,2026-04-01T20:37:27,POINT(9.689463 48.797910)
https://www.openstreetmap.org/node/13699762971,,wooden_cabinet,,,24/7,,2026-04-01T20:37:27,POINT(9.635549 48.786637)
https://www.openstreetmap.org/node/13699762972,,wooden_cabinet,,,24/7,,2026-04-01T20:37:27,POINT(9.680888 48.782779)
https://www.openstreetmap.org/node/13699762973,,wooden_cabinet,,,24/7,,2026-04-01T20:37:27,POINT(9.656530 48.801351)
https://www.openstreetmap.org/node/13699762974,,,,,24/7,,2026-04-01T20:37:27,POINT(9.641797 48.731741)
https://www.openstreetmap.org/node/13699762975,,,,,24/7,,2026-04-01T20:37:27,POINT(9.648546 48.662585)
https://www.openstreetmap.org/node/13699762976,,,,,24/7,,2026-04-01T20:37:27,POINT(9.629604 48.683433)
https://www.openstreetmap.org/node/13699762977,,,,,24/7,,2026-04-01T20:37:27,POINT(9.656268 48.724224)
https://www.openstreetmap.org/node/13699762978,,,,,24/7,,2026-04-01T20:37:27,POINT(9.910610 48.635817)
https://www.openstreetmap.org/node/13699762979,,,,,24/7,,2026-04-01T20:37:27,POINT(9.631978 48.753901)
https://www.openstreetmap.org/node/13701131401,,,,,,,2026-04-02T11:09:48,POINT(6.217999 50.730882)
https://www.openstreetmap.org/node/13702418649,,wooden_cabinet,,,,,2026-04-02T20:20:16,POINT(8.818460 50.726551)
https://www.openstreetmap.org/node/13702453088,,,,,,,2026-04-02T20:55:56,POINT(9.126369 48.705611)
https://www.openstreetmap.org/node/13703695587,,,,,,,2026-04-03T14:37:20,POINT(7.437471 51.758386)
https://www.openstreetmap.org/node/13703743098,,,,,,,2026-04-03T15:04:12,POINT(9.479291 47.990366)
https://www.openstreetmap.org/node/13704935311,,,,,,,2026-04-04T08:12:17,POINT(8.903233 49.251805)
https://www.openstreetmap.org/node/13705138188,,metal_cabinet,,,,,2026-04-04T09:43:09,POINT(9.480753 51.201659)
https://www.openstreetmap.org/node/13705364127,,,,,,,2026-04-04T11:48:24,POINT(8.908062 54.200947)
https://www.openstreetmap.org/node/13705994287,,,,,,,2026-04-04T15:15:54,POINT(11.565290 48.292419)
https://www.openstreetmap.org/node/13706138989,Bücherschrank,,OG Monzingen,,,,2026-04-04T17:01:04,POINT(7.588787 49.798311)
https://www.openstreetmap.org/node/13706166902,,,,,,,2026-04-04T16:42:28,POINT(8.465866 49.196718)
https://www.openstreetmap.org/node/13706478714,,,,,,,2026-04-04T19:33:23,POINT(9.062636 48.522072)
https://www.openstreetmap.org/node/13706627670,,,,,,,2026-04-04T20:54:07,POINT(10.859422 48.314462)
https://www.openstreetmap.org/node/13707765646,,cabinet,,,,,2026-04-05T10:32:10,POINT(9.972013 53.404646)
https://www.openstreetmap.org/node/13709293642,,shelter,,,,,2026-04-05T19:20:15,POINT(11.004949 49.770138)
https://www.openstreetmap.org/node/13709820421,,phone_box,,,,,2026-04-08T22:34:44,POINT(14.447028 52.311722)
https://www.openstreetmap.org/node/13710358331,,,,,,,2026-04-06T06:06:23,POINT(8.852829 50.072357)
https://www.openstreetmap.org/node/13710909948,,metal_cabinet,,,,,2026-04-06T10:26:15,POINT(7.803876 50.032917)
https://www.openstreetmap.org/node/13711706066,,,,,,,2026-04-06T16:14:18,POINT(13.397401 52.583202)
https://www.openstreetmap.org/node/13711722945,,,,,,,2026-04-06T16:34:22,POINT(12.994674 48.329862)
https://www.openstreetmap.org/node/13711765158,LiteraturSpielplatz,,,,,,2026-05-12T14:29:48,POINT(10.861303 48.037064)
https://www.openstreetmap.org/node/13711893624,,,,,,,2026-04-06T18:13:29,POINT(6.273777 51.057197)
https://www.openstreetmap.org/node/13712012558,,,,,,,2026-04-06T18:02:02,POINT(8.252135 49.018042)
https://www.openstreetmap.org/node/1371290611,,shelter,,,,,2024-08-18T19:25:05,POINT(11.014328 49.605333)
https://www.openstreetmap.org/node/13715820023,,,,,,,2026-04-10T13:20:55,POINT(11.671109 48.122537)
https://www.openstreetmap.org/node/13716480699,,,,,,,2026-04-08T14:39:29,POINT(8.672100 51.389926)
https://www.openstreetmap.org/node/13717077699,,phone_box,Rotary,,,,2026-04-08T19:29:55,POINT(8.583120 50.181732)
https://www.openstreetmap.org/node/13717146804,,phone_box,,,24/7,,2026-04-08T19:40:56,POINT(7.158313 50.717580)
https://www.openstreetmap.org/node/13719368611,,,,,,,2026-04-09T19:16:04,POINT(6.326167 50.767913)
https://www.openstreetmap.org/node/13719423475,,,,,,,2026-04-09T19:42:14,POINT(10.190978 47.990471)
https://www.openstreetmap.org/node/13720433101,,,,,,,2026-04-10T10:17:19,POINT(11.220996 49.591770)
https://www.openstreetmap.org/node/13720820442,,metal_cabinet,,,24/7,,2026-04-10T13:42:49,POINT(7.102801 50.775968)
https://www.openstreetmap.org/node/13722460980,,wooden_cabinet,,,,,2026-04-11T05:41:01,POINT(13.382510 52.454198)
https://www.openstreetmap.org/node/13722460982,,wooden_cabinet,DIE LINKE,,,,2026-04-11T05:41:01,POINT(13.382576 52.459371)
https://www.openstreetmap.org/node/13722460983,,wooden_cabinet,,,,,2026-04-11T05:41:01,POINT(13.382230 52.459665)
https://www.openstreetmap.org/node/13722765904,,,,,,,2026-04-11T10:22:46,POINT(11.296555 49.473002)
https://www.openstreetmap.org/node/13722832003,,,,,,,2026-05-21T17:15:11,POINT(7.663738 47.608403)
https://www.openstreetmap.org/node/13722841236,,,,,,,2026-04-11T11:12:55,POINT(14.475911 51.191237)
https://www.openstreetmap.org/node/13723025446,,,Innogy,,,,2026-04-11T13:40:06,POINT(8.202812 49.908830)
https://www.openstreetmap.org/node/13723038421,,,,,,,2026-04-11T13:15:28,POINT(8.877232 50.224528)
https://www.openstreetmap.org/node/13724855679,,shelter,,,,,2026-04-12T09:29:53,POINT(9.940751 53.760401)
https://www.openstreetmap.org/node/13724975580,Tauschregal,,Wohnungsbaugenossenschaft Chemnitz West eG,,,,2026-04-12T10:16:17,POINT(12.846579 50.822587)
https://www.openstreetmap.org/node/13725506543,Duchrother Bücher-Kiste II,reading_box,Gemeinde Duchroth,,,2026-04-12,2026-04-12T15:32:55,POINT(7.734033 49.791399)
https://www.openstreetmap.org/node/13725874705,,phone_box,,,24/7,,2026-06-10T18:01:42,POINT(6.758679 51.435371)
https://www.openstreetmap.org/node/13728045684,Bücher-Kiste,reading_box,Gemeinde Duchroth,,,,2026-04-13T17:12:18,POINT(7.724611 49.782442)
https://www.openstreetmap.org/node/13728209441,Bücher-Kiste,reading_box,Gemeinde Duchroth,,,,2026-04-13T18:29:15,POINT(7.741112 49.783362)
https://www.openstreetmap.org/node/13728530912,,cabinet,,,,,2026-04-13T21:38:17,POINT(11.305835 53.030538)
https://www.openstreetmap.org/node/13729551970,,metal_cabinet,,,,,2026-04-14T09:41:38,POINT(8.196987 48.858213)
https://www.openstreetmap.org/node/13729782482,,wooden_cabinet,Gemeinde Erzhausen,,"""Während der Öffnungszeiten des Rathauses""",,2026-07-13T04:25:20,POINT(8.634474 49.950066)
https://www.openstreetmap.org/node/13729838805,Offener Bücherschrank,wooden_cabinet,Arheilger Stadtteilverein,,"""Während der Öffnungszeiten des Edeka""",,2026-07-13T04:22:55,POINT(8.658185 49.910752)
https://www.openstreetmap.org/node/13730425708,,,,,,,2026-04-14T16:22:02,POINT(9.957309 51.972643)
https://www.openstreetmap.org/node/13730701534,,,,,,,2026-04-14T18:47:34,POINT(9.695783 52.096558)
https://www.openstreetmap.org/node/13731130626,,phone_box,,,,,2026-04-14T21:50:32,POINT(11.288702 52.920779)
https://www.openstreetmap.org/node/13733946782,,,,,,,2026-04-16T06:12:46,POINT(8.705844 51.765584)
https://www.openstreetmap.org/node/13735894101,Kappler Bücherbox,phone_box,,,,,2026-04-26T14:40:53,POINT(7.908626 47.964796)
https://www.openstreetmap.org/node/13737762601,,,,,,,2026-04-17T14:30:29,POINT(13.743822 53.905438)
https://www.openstreetmap.org/node/13739784457,,,,,,,2026-04-18T11:20:33,POINT(10.885336 49.395916)
https://www.openstreetmap.org/node/13740221829,,,,,,,2026-04-18T15:38:13,POINT(9.055543 47.814978)
https://www.openstreetmap.org/node/13742363784,,,,,,,2026-04-19T11:30:01,POINT(6.185841 51.763274)
https://www.openstreetmap.org/node/13743729811,,cabinet,,,,,2026-04-19T20:51:57,POINT(9.941235 52.635127)
https://www.openstreetmap.org/node/13743806736,,cabinet,,,,,2026-04-19T22:03:35,POINT(10.526882 52.924144)
https://www.openstreetmap.org/node/13745235734,,,,,,,2026-04-20T12:57:39,POINT(8.631636 50.113153)
https://www.openstreetmap.org/node/13750462642,Otterbuch-Oase,metal_cabinet,,,,,2026-04-22T11:46:03,POINT(7.606022 47.583268)
https://www.openstreetmap.org/node/13750842197,,,,,,,2026-04-21T21:44:16,POINT(9.855764 50.880823)
https://www.openstreetmap.org/node/13751836471,,,,,,,2026-04-22T06:23:38,POINT(7.320574 52.066185)
https://www.openstreetmap.org/node/13752695727,,,,,,,2026-04-22T13:58:45,POINT(11.170854 47.991280)
https://www.openstreetmap.org/node/13754322368,Büchertauschschrank,shelter,,,24/7,,2026-04-23T14:17:54,POINT(9.688325 49.083312)
https://www.openstreetmap.org/node/13755242120,,wooden_cabinet,,,24/7,,2026-04-23T14:10:15,POINT(10.005131 53.763783)
https://www.openstreetmap.org/node/13756266600,,,,,,,2026-04-23T20:06:55,POINT(8.027827 49.632016)
https://www.openstreetmap.org/node/13758239094,,,,,,,2026-04-24T09:44:09,POINT(8.397161 48.942763)
https://www.openstreetmap.org/node/13760785481,,,,,,,2026-04-25T14:50:37,POINT(9.662959 52.342270)
https://www.openstreetmap.org/node/13761801333,,metal_cabinet,,,,,2026-04-25T20:42:42,POINT(6.603729 51.542696)
https://www.openstreetmap.org/node/13763418800,,wooden_cabinet,,,24/7,,2026-04-26T12:47:32,POINT(9.990033 51.604846)
https://www.openstreetmap.org/node/13763711260,,,,,,,2026-04-26T14:30:01,POINT(7.849958 48.120217)
https://www.openstreetmap.org/node/13763968205,,,,,,,2026-04-26T15:07:25,POINT(11.683180 48.962909)
https://www.openstreetmap.org/node/13764126928,Tauschbörse,,,,,,2026-04-26T16:19:18,POINT(10.023550 53.676100)
https://www.openstreetmap.org/node/13765769622,,,,,,,2026-04-27T06:21:43,POINT(12.890857 49.077178)
https://www.openstreetmap.org/node/13766544756,,,,,,,2026-04-27T11:51:27,POINT(14.941717 51.105988)
https://www.openstreetmap.org/node/13766544765,,,,,,,2026-04-27T11:51:27,POINT(14.596907 51.103354)
https://www.openstreetmap.org/node/13770273597,,phone_box,,,,,2026-04-28T11:02:55,POINT(8.389222 50.171927)
https://www.openstreetmap.org/node/13772777855,,,,,,,2026-04-28T22:21:12,POINT(10.978991 52.561894)
https://www.openstreetmap.org/node/13774381103,,,,,,,2026-04-29T09:46:54,POINT(14.459009 51.296917)
https://www.openstreetmap.org/node/13775321347,,,,,,,2026-04-29T13:32:54,POINT(10.522393 52.366982)
https://www.openstreetmap.org/node/13776796415,,reading_box,,,,,2026-04-29T18:52:26,POINT(9.383933 49.740333)
https://www.openstreetmap.org/node/13784324197,,,,,,,2026-05-01T08:17:20,POINT(7.296738 52.112620)
https://www.openstreetmap.org/node/13784338530,,,,,,,2026-05-01T08:18:17,POINT(9.229606 48.087934)
https://www.openstreetmap.org/node/13784383171,,,,,,,2026-05-01T09:05:59,POINT(13.638269 52.662855)
https://www.openstreetmap.org/node/13784706095,,,,,,,2026-05-01T14:03:34,POINT(8.657415 50.102180)
https://www.openstreetmap.org/node/13784880721,,,,,,,2026-05-01T14:45:34,POINT(7.689308 51.029383)
https://www.openstreetmap.org/node/13784882643,,,,,,,2026-05-01T14:51:00,POINT(14.234807 51.281828)
https://www.openstreetmap.org/node/13785466217,,,,,,,2026-05-01T19:55:19,POINT(10.717251 49.750110)
https://www.openstreetmap.org/node/13785489974,,,,,,,2026-05-01T21:03:44,POINT(11.006985 54.451350)
https://www.openstreetmap.org/node/13785489985,,,,,,,2026-05-01T21:03:44,POINT(11.006997 54.451378)
https://www.openstreetmap.org/node/13786379253,,,,,,,2026-05-02T08:15:50,POINT(8.206895 48.429678)
https://www.openstreetmap.org/node/13786523529,,,,,,,2026-05-02T09:38:24,POINT(13.739121 52.680784)
https://www.openstreetmap.org/node/13788027994,Bücherzelle,phone_box,,,,,2026-05-02T20:44:37,POINT(8.923659 50.797538)
https://www.openstreetmap.org/node/13788027995,,fridge,,,,,2026-05-02T20:44:37,POINT(8.830381 50.784441)
https://www.openstreetmap.org/node/13788027996,,wooden_cabinet,,,,,2026-05-02T20:44:37,POINT(8.810475 50.757693)
https://www.openstreetmap.org/node/13789127591,,metal_cabinet,,,,,2026-05-04T13:47:36,POINT(13.020345 48.701950)
https://www.openstreetmap.org/node/13794714238,,shelter,,,,,2026-05-04T13:23:50,POINT(12.958246 53.484489)
https://www.openstreetmap.org/node/13796379577,Bücherschrank des Kulturverein Schandelah e. V.,wooden_cabinet,Kulturverein Schandelah e. V.,,24/7,,2026-05-04T19:25:30,POINT(10.693229 52.272532)
https://www.openstreetmap.org/node/13798593261,,,,,,,2026-05-05T13:39:22,POINT(12.053490 50.920474)
https://www.openstreetmap.org/node/13801167548,Leseecke,wooden_cabinet,,,,,2026-05-06T13:10:06,POINT(13.550943 52.437579)
https://www.openstreetmap.org/node/13801713000,kleine Tausch und Leihbücherei,wooden_cabinet,,,,,2026-05-06T15:06:39,POINT(10.558246 54.168349)
https://www.openstreetmap.org/node/13801748488,Bücherhäuschen,wooden_cabinet,,,,,2026-05-26T05:56:58,POINT(10.549874 54.162337)
https://www.openstreetmap.org/node/13806694608,TaktWechsel,shelter,Musikschule Giengen,,,,2026-07-10T14:03:28,POINT(10.240354 48.623696)
https://www.openstreetmap.org/node/1380718641,,,,,,2024-12-27,2024-12-27T08:43:41,POINT(8.226193 50.081491)
https://www.openstreetmap.org/node/1380718644,,,,,,2025-07-08,2025-07-08T20:56:07,POINT(8.265546 50.012324)
https://www.openstreetmap.org/node/13810764284,,,,,,,2026-06-07T05:51:20,POINT(9.769262 53.801795)
https://www.openstreetmap.org/node/13811501714,Bücherfenster,glass_cabinet,Gemeinde Neukirchen,,,,2026-05-09T16:17:06,POINT(12.869698 50.777744)
https://www.openstreetmap.org/node/13812909814,,,private,,24/7,,2026-05-10T07:22:23,POINT(9.079188 49.859953)
https://www.openstreetmap.org/node/13812909815,,,smart retail solutions,,24/7,,2026-05-10T07:22:23,POINT(9.078796 49.860273)
https://www.openstreetmap.org/node/13813019179,Bücher-Kiste,,,,24/7,,2026-05-10T08:10:03,POINT(9.161665 49.981526)
https://www.openstreetmap.org/node/13814223283,,,,,,,2026-05-10T12:47:34,POINT(7.829822 52.586178)
https://www.openstreetmap.org/node/13814318101,Bücherschrank,,,,24/7,,2026-05-10T12:59:11,POINT(9.297243 50.702826)
https://www.openstreetmap.org/node/13814334464,,wooden_cabinet,,,,,2026-05-10T13:16:44,POINT(8.134632 50.989292)
https://www.openstreetmap.org/node/13814659701,Offener Bücherschrank,,,,24/7,,2026-05-22T09:00:40,POINT(6.893533 51.434381)
https://www.openstreetmap.org/node/13815404615,,metal_cabinet,,,,,2026-05-12T17:39:50,POINT(12.767389 50.734694)
https://www.openstreetmap.org/node/13815433816,,,,,,,2026-05-10T17:47:25,POINT(13.055520 50.704621)
https://www.openstreetmap.org/node/13818547997,,,,,,,2026-05-11T15:58:07,POINT(7.078083 50.893576)
https://www.openstreetmap.org/node/13818671569,,,,,,2026-05-09,2026-05-11T16:45:25,POINT(6.786327 49.634796)
https://www.openstreetmap.org/node/13819171633,,wooden_cabinet,,,,,2026-05-11T19:15:09,POINT(9.707631 52.375464)
https://www.openstreetmap.org/node/13820460357,,shelf,,,,,2026-07-23T21:11:33,POINT(10.892151 49.896864)
https://www.openstreetmap.org/node/13822917801,Der Edeka Bücherwurm,,Edeka,,Mo-Sa 07:00-20:00,,2026-05-13T01:00:02,POINT(10.877604 48.411939)
https://www.openstreetmap.org/node/13825120801,BücheBOXX,,,,,2026-05-13,2026-05-13T16:08:01,POINT(13.286839 52.537872)
https://www.openstreetmap.org/node/13825638301,Bücherzelle Langenau,,DenkZukunft e.V.,,24/7,,2026-05-13T19:51:35,POINT(13.296993 50.840717)
https://www.openstreetmap.org/node/13827155264,,,,,,,2026-05-15T21:00:21,POINT(8.471247 48.031518)
https://www.openstreetmap.org/node/13828838032,,,,,,,2026-05-14T18:45:47,POINT(6.986666 50.516052)
https://www.openstreetmap.org/node/13830941725,,,,,,,2026-05-15T14:27:14,POINT(12.333675 53.377136)
https://www.openstreetmap.org/node/13831332919,,,,,,,2026-05-15T18:30:31,POINT(13.578243 52.415757)
https://www.openstreetmap.org/node/13834490187,,wooden_cabinet,,,,,2026-05-16T12:31:18,POINT(9.079108 53.688642)
https://www.openstreetmap.org/node/13835591215,,,,,,,2026-05-16T16:02:08,POINT(9.639680 47.801493)
https://www.openstreetmap.org/node/13836628353,,,,,,2026-07-03,2026-07-03T16:18:46,POINT(8.935372 51.763021)
https://www.openstreetmap.org/node/13837042109,,phone_box,,,,,2026-05-16T22:16:14,POINT(11.140731 52.460634)
https://www.openstreetmap.org/node/13838964512,,,,,,,2026-05-17T08:30:38,POINT(13.416327 52.474318)
https://www.openstreetmap.org/node/13839383402,,shelter,,,,,2026-05-17T11:14:41,POINT(7.760905 50.031530)
https://www.openstreetmap.org/node/13839383403,,phone_box,,,,,2026-05-17T11:14:41,POINT(7.776852 50.032581)
https://www.openstreetmap.org/node/13839386248,,shelf,,,,,2026-05-17T11:18:27,POINT(8.890527 49.376299)
https://www.openstreetmap.org/node/13839386249,,,,,,,2026-05-17T11:18:27,POINT(8.989130 49.355091)
https://www.openstreetmap.org/node/13839625735,,,,,,,2026-05-17T12:18:45,POINT(11.585148 49.926427)
https://www.openstreetmap.org/node/13840865052,,,,,,,2026-05-17T17:38:13,POINT(7.430897 50.505853)
https://www.openstreetmap.org/node/13841160575,,,,,,,2026-05-17T19:07:17,POINT(9.055315 47.815005)
https://www.openstreetmap.org/node/13841176921,,,,,,,2026-05-17T19:07:17,POINT(9.055285 47.814995)
https://www.openstreetmap.org/node/13843875276,Dörenhagen,,,,,,2026-05-18T08:41:28,POINT(8.834248 51.670164)
https://www.openstreetmap.org/node/13844029392,,,,,,,2026-05-18T09:27:57,POINT(12.433567 52.581795)
https://www.openstreetmap.org/node/13848738542,Bücherschrank Höxter,,,,24/7,,2026-05-19T10:04:16,POINT(9.380127 51.775677)
https://www.openstreetmap.org/node/13849084395,,reading_box,Kaiser,,24/7,,2026-05-19T12:24:28,POINT(12.940885 53.428719)
https://www.openstreetmap.org/node/13849957353,,,,,,,2026-05-19T16:27:25,POINT(11.568171 48.203087)
https://www.openstreetmap.org/node/13851626877,Bücherschrank,phone_box,,,24/7,,2026-05-20T08:55:13,POINT(6.779538 51.238693)
https://www.openstreetmap.org/node/1385233112,,phone_box,,,,,2023-08-13T14:21:34,POINT(6.228386 51.296711)
https://www.openstreetmap.org/node/13853496198,,,St. Vitus Lette,,,,2026-05-26T07:03:46,POINT(8.159073 51.884258)
https://www.openstreetmap.org/node/13854277206,,,,,,,2026-05-23T11:38:55,POINT(8.895636 50.371839)
https://www.openstreetmap.org/node/13856406602,Die Bücher-Insel,phone_box,,,,,2026-05-21T10:44:23,POINT(7.027235 49.306666)
https://www.openstreetmap.org/node/13859160531,,,Gemeinde Künzell,,,,2026-05-21T23:09:57,POINT(9.713554 50.539841)
https://www.openstreetmap.org/node/13859501295,,,,,,,2026-05-22T03:53:19,POINT(8.001345 52.081567)
https://www.openstreetmap.org/node/13861295351,,phone_box,,,,2024-12-24,2026-05-22T19:52:47,POINT(8.252209 49.232184)
https://www.openstreetmap.org/node/13861638812,,shelf,,,,,2026-06-01T05:40:49,POINT(14.038500 50.903457)
https://www.openstreetmap.org/node/13865786660,,,,,,,2026-05-23T08:54:15,POINT(10.143103 47.984023)
https://www.openstreetmap.org/node/13865905980,,,,,,,2026-05-23T09:32:07,POINT(10.219771 48.002809)
https://www.openstreetmap.org/node/13866809418,,shelf,,,,,2026-05-23T14:02:41,POINT(13.617061 52.570692)
https://www.openstreetmap.org/node/13867502166,,,,,,,2026-05-23T17:22:05,POINT(13.550686 51.025044)
https://www.openstreetmap.org/node/13869350883,,shelf,Volksbank Kletterhalle Marburg,,,,2026-05-23T22:24:35,POINT(8.779139 50.816441)
https://www.openstreetmap.org/node/13869350884,,shelf,Jugendhaus Compass,,,,2026-05-23T22:24:35,POINT(8.775062 50.813469)
https://www.openstreetmap.org/node/13872820924,,phone_box,vonovia,,,,2026-06-13T11:28:01,POINT(13.371216 52.478686)
https://www.openstreetmap.org/node/13873172779,,,,,,,2026-05-24T17:05:51,POINT(11.169813 49.364457)
https://www.openstreetmap.org/node/13873348408,,glass_cabinet,,,,,2026-05-24T17:40:21,POINT(8.775837 50.822307)
https://www.openstreetmap.org/node/13875255908,,,,,,,2026-05-25T05:23:08,POINT(6.130092 51.231584)
https://www.openstreetmap.org/node/13875378546,,,,,,,2026-05-25T07:02:26,POINT(8.389161 52.620330)
https://www.openstreetmap.org/node/13875639186,,phone_box,,,,,2026-05-25T09:45:21,POINT(10.725964 53.821332)
https://www.openstreetmap.org/node/13878832149,,glass_cabinet,,,,,2026-05-25T20:26:57,POINT(8.217386 52.587426)
https://www.openstreetmap.org/node/13881528947,Bücherschrank,,,,,,2026-05-26T08:55:56,POINT(12.029941 48.497360)
https://www.openstreetmap.org/node/13882428119,Bücherschrank,,,,,,2026-05-26T10:45:33,POINT(11.800346 48.579460)
https://www.openstreetmap.org/node/13893212160,,,,,,,2026-05-29T06:54:24,POINT(10.466192 53.258754)
https://www.openstreetmap.org/node/13894877516,Bücherturm,wooden_cabinet,,,24/7,,2026-05-29T23:01:20,POINT(10.468998 48.926562)
https://www.openstreetmap.org/node/13895242065,Das kleine Bücherhaus,,,,,,2026-06-02T05:07:54,POINT(9.389856 54.556524)
https://www.openstreetmap.org/node/13895707454,,glass_cabinet,,,,,2026-05-30T12:43:27,POINT(9.858786 53.573394)
https://www.openstreetmap.org/node/13895922798,,,,,,,2026-05-30T14:18:43,POINT(13.870520 52.607970)
https://www.openstreetmap.org/node/13897104208,Offener Bücherschrank,metal_cabinet,Gemeinde Waldkirch,,24/7,2026-05-30,2026-05-30T16:46:51,POINT(7.960657 48.093171)
https://www.openstreetmap.org/node/13897133809,,phone_box,,,24/7,,2026-05-30T17:02:39,POINT(7.932762 49.169398)
https://www.openstreetmap.org/node/13897445561,,,,,,,2026-05-30T19:27:13,POINT(14.160499 50.873928)
https://www.openstreetmap.org/node/13897661202,,,,,,,2026-05-30T21:30:27,POINT(11.047016 53.152273)
https://www.openstreetmap.org/node/13898212442,Bücherzelle Großhabersdorf,phone_box,Seniorenbeirat Großhabersdorf,,,2026-05-29,2026-05-31T07:17:44,POINT(10.790808 49.404578)
https://www.openstreetmap.org/node/13899466923,,,,,,,2026-05-31T17:39:25,POINT(9.751084 52.365330)
https://www.openstreetmap.org/node/13899726554,BücherZelle,phone_box,,,,,2026-05-31T19:45:42,POINT(9.058173 53.117472)
https://www.openstreetmap.org/node/13902988247,,,,,,,2026-06-01T21:36:45,POINT(14.142677 51.120802)
https://www.openstreetmap.org/node/13903598782,,,,,,,2026-06-02T06:07:16,POINT(9.069531 49.396474)
https://www.openstreetmap.org/node/13905894402,,,,,24/7,2026-06-03,2026-06-03T06:41:31,POINT(11.065420 49.460145)
https://www.openstreetmap.org/node/13910607117,Lesebüdchen,,,,,,2026-06-04T20:14:07,POINT(6.494192 50.371496)
https://www.openstreetmap.org/node/13912006801,werk,,,,,,2026-06-05T10:44:33,POINT(13.394152 52.509234)
https://www.openstreetmap.org/node/13912161984,,,,,,,2026-06-05T12:00:39,POINT(8.618074 54.641105)
https://www.openstreetmap.org/node/13912905396,,,,,,,2026-06-05T18:27:41,POINT(13.456290 52.506886)
https://www.openstreetmap.org/node/13914138853,,,,,,,2026-06-06T11:44:34,POINT(9.665154 50.542696)
https://www.openstreetmap.org/node/13914389320,,shelter,,,,,2026-06-06T12:32:55,POINT(7.244133 52.063414)
https://www.openstreetmap.org/node/13914700354,,,,,,,2026-06-06T14:57:15,POINT(9.131550 47.746838)
https://www.openstreetmap.org/node/13914878293,,phone_box,,,,,2026-06-06T16:41:09,POINT(7.074920 52.569484)
https://www.openstreetmap.org/node/13915233228,,,,,,,2026-06-06T20:08:32,POINT(7.484012 50.510044)
https://www.openstreetmap.org/node/13916682995,,,,,,,2026-06-07T08:49:48,POINT(9.389711 52.628155)
https://www.openstreetmap.org/node/13916968725,,wooden_cabinet,,,,,2026-06-07T09:23:12,POINT(13.466831 52.771827)
https://www.openstreetmap.org/node/13917145401,Bücherbox,,General public,,24/7,,2026-06-07T11:00:13,POINT(6.811878 51.392070)
https://www.openstreetmap.org/node/13917340774,,,,,,,2026-06-07T12:45:45,POINT(7.306329 50.515507)
https://www.openstreetmap.org/node/13917343783,,,,,,,2026-06-07T13:00:43,POINT(7.309309 50.513978)
https://www.openstreetmap.org/node/13917875980,,,,,,,2026-06-16T16:30:00,POINT(13.094855 53.487418)
https://www.openstreetmap.org/node/13918318982,,phone_box,,,,,2026-06-07T20:30:03,POINT(8.767604 53.357314)
https://www.openstreetmap.org/node/13919352675,,,,,,,2026-06-08T07:01:34,POINT(6.143476 51.793733)
https://www.openstreetmap.org/node/13919690310,,phone_box,,,24/7,,2026-06-08T09:53:15,POINT(12.644160 47.869506)
https://www.openstreetmap.org/node/13920183503,,,,,,,2026-06-08T13:15:19,POINT(10.253092 53.707034)
https://www.openstreetmap.org/node/13920189199,De Böker-Eck,wooden_cabinet,,,,,2026-06-08T13:17:38,POINT(10.254720 53.708897)
https://www.openstreetmap.org/node/13922737328,Bücherschrank Veitsbronn,metal_cabinet,Gemeindebücherei Veitsbronn,,,2026-06-08,2026-06-09T12:13:00,POINT(10.882948 49.511724)
https://www.openstreetmap.org/node/13923544758,,,Stadt Troisdorf,,24/7,2026-04-28,2026-06-09T16:10:41,POINT(7.161721 50.814078)
https://www.openstreetmap.org/node/13924207623,,,,,,,2026-06-09T20:43:32,POINT(9.615645 50.209290)
https://www.openstreetmap.org/node/13927169507,,,,,24/7,,2026-06-10T21:12:30,POINT(13.406116 54.078048)
https://www.openstreetmap.org/node/13928440889,,,,,,,2026-06-11T09:40:50,POINT(9.594678 49.500796)
https://www.openstreetmap.org/node/13928861362,,,,,,,2026-06-11T13:12:39,POINT(9.539863 49.501500)
https://www.openstreetmap.org/node/13929110045,Bücherhäuschen,,,,,,2026-06-11T15:20:23,POINT(9.711966 47.755829)
https://www.openstreetmap.org/node/13930446373,,,,,,,2026-06-12T06:09:04,POINT(9.766752 49.945933)
https://www.openstreetmap.org/node/13930769491,,phone_box,,,,,2026-06-12T09:57:40,POINT(8.881312 49.249538)
https://www.openstreetmap.org/node/13931818502,,,,,,,2026-06-12T17:56:11,POINT(8.956612 50.591470)
https://www.openstreetmap.org/node/13931818525,Büchertauschregal,,Familienzentrum Grünberg,,,,2026-06-12T17:56:11,POINT(8.959886 50.591556)
https://www.openstreetmap.org/node/13935079029,,,,,,,2026-06-13T08:55:38,POINT(9.922121 48.818285)
https://www.openstreetmap.org/node/13935496012,Bücherschrank Malteser PikASZ,shelf,Malteser PikASZ,https://www.magdebuch.de/portfolio-items/buecherschrank-malteser-pikasz/,"Mo-Th 08:00-16:30; Fr 08:00-15:00; Sa,Su,PH off",,2026-07-12T16:53:26,POINT(11.619911 52.104001)
https://www.openstreetmap.org/node/1393613249,,,Förderverein Grundschule Mittelbach,,,,2025-02-25T12:17:04,POINT(12.799931 50.799627)
https://www.openstreetmap.org/node/13936811746,,,,,,,2026-06-13T20:03:48,POINT(8.430877 50.014855)
https://www.openstreetmap.org/node/13936830891,,,,,,,2026-06-13T20:27:24,POINT(6.940751 51.365009)
https://www.openstreetmap.org/node/13937438715,,phone_box,,,,,2026-06-13T23:31:03,POINT(14.785216 51.295931)
https://www.openstreetmap.org/node/13938024793,,,,,,,2026-06-14T09:42:47,POINT(7.141879 51.273905)
https://www.openstreetmap.org/node/13938428201,,,,,,,2026-06-14T13:48:52,POINT(8.923416 48.257351)
https://www.openstreetmap.org/node/13938611697,,wooden_cabinet,,,,,2026-06-14T15:38:28,POINT(9.867988 54.234911)
https://www.openstreetmap.org/node/13938809289,,,,,,,2026-06-14T17:51:25,POINT(12.749173 51.748536)
https://www.openstreetmap.org/node/13944058996,,cabinet,,,,,2026-06-15T22:17:02,POINT(8.517083 53.674264)
https://www.openstreetmap.org/node/13946221251,,,,,,,2026-06-16T20:35:10,POINT(7.830344 52.476863)
https://www.openstreetmap.org/node/13947843686,,,,,,,2026-06-17T14:29:17,POINT(9.648576 50.093166)
https://www.openstreetmap.org/node/13949053278,,,,,,,2026-06-18T05:53:31,POINT(8.836977 50.109221)
https://www.openstreetmap.org/node/13949059386,,glass_cabinet,,,,,2026-06-18T05:48:24,POINT(8.780826 50.023498)
https://www.openstreetmap.org/node/13949610208,,,,,,,2026-06-18T11:14:37,POINT(14.351077 51.122263)
https://www.openstreetmap.org/node/13949934586,,,,,,2026-06-11,2026-06-18T13:14:04,POINT(9.986186 52.408144)
https://www.openstreetmap.org/node/13950946438,,phone_box,,,,,2026-06-18T22:25:51,POINT(7.763666 53.219843)
https://www.openstreetmap.org/node/13952284261,Bücherhaltestelle,shelter,,,,,2026-06-19T14:53:30,POINT(9.049953 49.701583)
https://www.openstreetmap.org/node/13952516953,Bücherschrank Mellenseestraße,phone_box,,https://www.berlin.de/special/sharing/oeffentliche-buecherschraenke/8186549-8165489-buecherbox-mellenseestrasse.html,,2026-06-19,2026-06-19T16:37:52,POINT(13.510315 52.493065)
https://www.openstreetmap.org/node/13952757711,,,,,,,2026-06-19T20:16:13,POINT(13.038785 53.218850)
https://www.openstreetmap.org/node/13953619891,,phone_box,,,,,2026-06-20T10:01:58,POINT(12.606246 50.654401)
https://www.openstreetmap.org/node/13953619892,,phone_box,,,,,2026-06-20T10:01:58,POINT(12.629065 50.638552)
https://www.openstreetmap.org/node/13954018378,Offenes Kinderbücherregal Mauer,,,,24/7,,2026-06-20T15:10:50,POINT(8.801936 49.337265)
https://www.openstreetmap.org/node/13954077272,,glass_cabinet,,,,,2026-06-20T15:42:03,POINT(6.952891 50.932529)
https://www.openstreetmap.org/node/13955298215,Büchertelefonzelle,,,,,,2026-06-21T08:20:15,POINT(13.641699 50.933991)
https://www.openstreetmap.org/node/13955502961,,,Solidarität eG,,,,2026-06-21T11:37:58,POINT(13.481280 52.518660)
https://www.openstreetmap.org/node/13956032774,,phone_box,,,,,2026-06-21T18:31:52,POINT(11.368410 47.657825)
https://www.openstreetmap.org/node/13956182455,,,,,,,2026-06-21T19:50:32,POINT(12.507800 50.697143)
https://www.openstreetmap.org/node/13956182456,,,,,,,2026-06-21T19:50:32,POINT(12.497624 50.696813)
https://www.openstreetmap.org/node/13956222714,Bücherschrank Uckersdorf,metal_cabinet,,,24/7,2026-06-21,2026-07-11T22:02:24,POINT(8.262573 50.697557)
https://www.openstreetmap.org/node/13958434542,,,,,,,2026-06-22T18:30:49,POINT(7.442406 50.071565)
https://www.openstreetmap.org/node/13959588596,,,,,,,2026-06-23T10:32:39,POINT(8.213163 53.145404)
https://www.openstreetmap.org/node/13959634860,,,,,,,2026-06-23T10:36:27,POINT(8.327062 48.884624)
https://www.openstreetmap.org/node/13959889853,,,,,,,2026-06-23T12:24:50,POINT(8.756635 49.175888)
https://www.openstreetmap.org/node/13959944134,,metal_cabinet,,,,,2026-06-23T12:57:07,POINT(11.048560 49.451285)
https://www.openstreetmap.org/node/13959956401,Kolmbacher Bücherzelle,,,,,,2026-06-23T13:02:23,POINT(8.756479 49.708074)
https://www.openstreetmap.org/node/13962876000,,,,,,2026-06-24,2026-06-24T17:52:15,POINT(9.205270 48.838678)
https://www.openstreetmap.org/node/13963016866,,,,,,,2026-06-24T19:32:20,POINT(6.999872 51.080889)
https://www.openstreetmap.org/node/13968460227,,,,,,,2026-06-26T14:19:17,POINT(11.432791 48.568368)
https://www.openstreetmap.org/node/13968484405,,,,,,,2026-06-26T14:17:55,POINT(11.334215 48.577100)
https://www.openstreetmap.org/node/13968804370,,shelf,,,,,2026-06-30T12:47:24,POINT(7.159980 51.381755)
https://www.openstreetmap.org/node/13970140693,Öffentlicher bücherschrank,,,,,,2026-06-27T10:32:26,POINT(8.162427 50.034720)
https://www.openstreetmap.org/node/13974943032,,,,,,,2026-06-29T15:03:14,POINT(10.198554 50.002097)
https://www.openstreetmap.org/node/13976171864,,,,,,,2026-06-29T22:21:44,POINT(9.456259 54.033917)
https://www.openstreetmap.org/node/13976338153,,,,,,,2026-06-30T00:05:25,POINT(8.867424 53.102186)
https://www.openstreetmap.org/node/13976772154,,wooden_cabinet,,,,,2026-07-02T00:13:18,POINT(7.136047 51.258491)
https://www.openstreetmap.org/node/13980190651,Bücherschrank,,,,,,2026-07-01T11:09:06,POINT(9.991399 53.604890)
https://www.openstreetmap.org/node/13980342636,,wooden_cabinet,"Akazienstieg 12, 22926 Ahrensburg",,,,2026-07-01T12:50:34,POINT(10.211418 53.675071)
https://www.openstreetmap.org/node/13981461577,,wooden_cabinet,,,,,2026-07-01T21:07:48,POINT(8.929544 53.207873)
https://www.openstreetmap.org/node/13982375360,,,,,,,2026-07-02T08:31:37,POINT(8.227167 50.083591)
https://www.openstreetmap.org/node/13982417714,,wooden_cabinet,,,,,2026-07-02T09:00:28,POINT(7.996117 49.863047)
https://www.openstreetmap.org/node/13986754692,,,,,,,2026-07-03T20:25:06,POINT(10.081446 53.553880)
https://www.openstreetmap.org/node/13986773072,,,,,,,2026-07-03T20:23:05,POINT(10.060300 53.558952)
https://www.openstreetmap.org/node/13987073487,,,,,,,2026-07-04T00:16:47,POINT(6.044221 50.833364)
https://www.openstreetmap.org/node/13987644608,,,,,,,2026-07-04T09:21:58,POINT(11.176462 53.839668)
https://www.openstreetmap.org/node/13988316668,,phone_box,Berlin Brandenburgische Wohnungsbaugenossenschaft eG,,,,2026-07-04T18:53:20,POINT(13.574247 52.526802)
https://www.openstreetmap.org/node/13989540956,,metal_cabinet,,,,,2026-07-05T07:47:07,POINT(9.059031 48.537244)
https://www.openstreetmap.org/node/13990305080,,wooden_cabinet,DRK,,,,2026-07-05T14:13:57,POINT(7.630429 49.372382)
https://www.openstreetmap.org/node/13991937093,,,,,,,2026-07-06T09:20:05,POINT(9.066063 47.715693)
https://www.openstreetmap.org/node/13992189506,,phone_box,,,,,2026-07-06T10:56:56,POINT(7.916007 49.707731)
https://www.openstreetmap.org/node/13992230767,,wooden_cabinet,,,,,2026-07-06T11:27:19,POINT(8.660918 49.862564)
https://www.openstreetmap.org/node/13992230798,,shelf,,,,,2026-07-06T11:35:37,POINT(8.763998 49.683421)
https://www.openstreetmap.org/node/13993495818,,,,,,,2026-07-06T20:31:22,POINT(9.668873 54.819998)
https://www.openstreetmap.org/node/13997032891,,,,,,,2026-07-08T07:44:31,POINT(8.147821 47.656935)
https://www.openstreetmap.org/node/13998597251,,phone_box,,,,,2026-07-08T22:07:33,POINT(9.630720 54.260835)
https://www.openstreetmap.org/node/14000008832,,metal_cabinet,,,,,2026-07-09T11:47:16,POINT(10.233198 53.666289)
https://www.openstreetmap.org/node/14000414379,,,,,,,2026-07-09T15:07:38,POINT(9.636597 51.659391)
https://www.openstreetmap.org/node/14000507201,,,,,,,2026-07-09T15:51:00,POINT(9.640023 51.679638)
https://www.openstreetmap.org/node/14003891278,,metal_cabinet,,,,,2026-07-11T04:27:57,POINT(8.126833 47.761093)
https://www.openstreetmap.org/node/14004109733,,metal_cabinet,,,,,2026-07-11T06:49:41,POINT(6.752465 51.110265)
https://www.openstreetmap.org/node/14004460064,,wooden_cabinet,,,,,2026-07-11T11:45:20,POINT(8.635922 53.367213)
https://www.openstreetmap.org/node/14006835415,Petersbächler Bücher-Ecke,phone_box,,,,,2026-07-12T18:32:46,POINT(7.699501 49.066925)
https://www.openstreetmap.org/node/14014570930,"Eis-, Getränke- und Bücherhütte",wooden_cabinet,Mehrgenerationenplatz,,24/7,,2026-07-14T12:50:28,POINT(9.099770 52.397121)
https://www.openstreetmap.org/node/14014702496,,,,,,,2026-07-14T14:14:43,POINT(7.631630 50.354503)
https://www.openstreetmap.org/node/14017068340,,,,,,,2026-07-15T08:56:23,POINT(9.747010 53.817544)
https://www.openstreetmap.org/node/14017482191,,,,,,,2026-07-15T12:30:55,POINT(11.844754 51.157714)
https://www.openstreetmap.org/node/14020322428,,,,,,,2026-07-16T16:15:51,POINT(12.666093 49.218024)
https://www.openstreetmap.org/node/14022888485,,,,,,,2026-07-17T18:59:25,POINT(8.837969 53.091623)
https://www.openstreetmap.org/node/14023067688,,,,,,,2026-07-17T21:33:33,POINT(9.740991 52.446977)
https://www.openstreetmap.org/node/14023553427,,,,,,,2026-07-18T04:45:17,POINT(10.182556 47.983857)
https://www.openstreetmap.org/node/14023850006,,glass_cabinet,,,24/7,,2026-07-18T10:04:42,POINT(9.140480 50.127503)
https://www.openstreetmap.org/node/14023981664,,,,,,,2026-07-18T12:10:59,POINT(10.117762 47.898092)
https://www.openstreetmap.org/node/14026402315,,,,,,,2026-07-19T09:43:47,POINT(6.754527 50.252557)
https://www.openstreetmap.org/node/14026433889,,phone_box,,,,,2026-07-19T10:02:57,POINT(7.501966 49.740998)
https://www.openstreetmap.org/node/14026433899,,glass_cabinet,,,,,2026-07-19T10:02:57,POINT(7.495005 49.756465)
https://www.openstreetmap.org/node/14026675138,Bücherwaage,building,,,,,2026-07-19T13:22:27,POINT(7.725715 48.051371)
https://www.openstreetmap.org/node/14026699699,Tauschregal,wooden_cabinet,,,,,2026-07-19T13:25:53,POINT(9.800270 53.582153)
https://www.openstreetmap.org/node/14026963429,,,,,,,2026-07-19T14:55:11,POINT(10.894756 50.888514)
https://www.openstreetmap.org/node/14026986946,,,,,,,2026-07-19T15:30:34,POINT(9.840027 52.728579)
https://www.openstreetmap.org/node/14027224949,,,,,,,2026-07-19T17:10:54,POINT(8.854282 48.278470)
https://www.openstreetmap.org/node/14027232150,,,,,,,2026-07-19T17:20:55,POINT(8.187645 50.181339)
https://www.openstreetmap.org/node/14028085973,,wooden_cabinet,,,24/7,,2026-07-20T05:05:32,POINT(8.208488 50.170563)
https://www.openstreetmap.org/node/14028262102,,refrigerator,,,,,2026-07-20T07:20:23,POINT(7.268458 49.433022)
https://www.openstreetmap.org/node/14029087435,,,,,,,2026-07-20T16:20:11,POINT(9.279728 48.685066)
https://www.openstreetmap.org/node/14029205713,,phone_box,GESOBAU AG,,,,2026-07-20T17:25:30,POINT(13.582360 52.517514)
https://www.openstreetmap.org/node/14029330096,,,,,,,2026-07-20T18:48:54,POINT(6.428326 51.172400)
https://www.openstreetmap.org/node/14030754140,,,,,,,2026-07-21T09:37:21,POINT(10.590523 48.352130)
https://www.openstreetmap.org/node/14031140710,,glass_cabinet,,,,,2026-07-21T13:42:33,POINT(8.292163 50.438303)
https://www.openstreetmap.org/node/14032196460,,wooden_cabinet,,,,,2026-07-21T21:58:01,POINT(8.702031 53.280251)
https://www.openstreetmap.org/node/14038830042,,shelf,Margarete-Steiff-Gymnasium,,,,2026-07-22T08:59:08,POINT(10.239945 48.623709)
https://www.openstreetmap.org/node/14039485302,,,,,,,2026-07-22T13:22:32,POINT(12.495638 48.676804)
https://www.openstreetmap.org/node/14040043957,,,,,,,2026-07-22T17:58:48,POINT(8.721613 50.190722)
https://www.openstreetmap.org/node/14040082113,,,,,,,2026-07-22T18:53:00,POINT(6.705842 51.199291)
https://www.openstreetmap.org/node/14040133223,,wooden_cabinet,,,24/7,,2026-07-22T19:31:45,POINT(10.227437 54.406411)
https://www.openstreetmap.org/node/14040269345,,,,,,,2026-07-22T20:53:33,POINT(8.670346 50.435322)
https://www.openstreetmap.org/node/14041065207,,,,,,,2026-07-23T08:42:27,POINT(8.023561 53.702899)
https://www.openstreetmap.org/node/14041561896,,,,,,,2026-07-23T14:13:20,POINT(7.712829 50.151761)
https://www.openstreetmap.org/node/14041940449,,wooden_cabinet,,,,,2026-07-23T16:55:11,POINT(13.803518 51.053926)
https://www.openstreetmap.org/node/14042270177,,phone_box,,,24/7,,2026-07-23T19:57:08,POINT(8.765261 47.882311)
https://www.openstreetmap.org/node/14042479735,,,,,,,2026-07-23T22:09:09,POINT(8.610650 50.230996)
https://www.openstreetmap.org/node/14045512299,Bücherschrank im Rathaus,wooden_cabinet,Gemeinde Nordwalde,,,,2026-07-24T09:22:58,POINT(7.479921 52.084441)
https://www.openstreetmap.org/node/14045736179,,,,,,,2026-07-24T11:33:10,POINT(9.456423 51.344856)
https://www.openstreetmap.org/node/14046213372,,,,,,,2026-07-24T15:20:22,POINT(8.519822 51.962072)
https://www.openstreetmap.org/node/14048181498,,phone_box,,,,,2026-07-25T08:06:09,POINT(8.301959 50.472684)
https://www.openstreetmap.org/node/14048233179,,,,,,,2026-07-25T08:35:05,POINT(13.071517 52.935031)
https://www.openstreetmap.org/node/14048309743,,,,,,,2026-07-25T09:40:32,POINT(7.556563 50.155528)
https://www.openstreetmap.org/node/14049785630,,wooden_cabinet,,,,,2026-07-25T20:10:26,POINT(10.245180 53.845505)
https://www.openstreetmap.org/node/14051820551,,wooden_cabinet,,,,,2026-07-26T15:37:27,POINT(10.009528 53.616781)
https://www.openstreetmap.org/node/14051912328,Offener Bücherschrank,phone_box,,,,,2026-07-26T16:36:47,POINT(8.759691 49.024121)
https://www.openstreetmap.org/node/14053335411,,,,,,,2026-07-27T07:58:40,POINT(9.660366 53.017817)
https://www.openstreetmap.org/node/14053373980,,,,,,,2026-07-27T08:24:06,POINT(6.559483 51.497023)
https://www.openstreetmap.org/node/1407045721,,phone_box,,,,,2024-11-03T13:27:03,POINT(12.006071 49.556192)
https://www.openstreetmap.org/node/1416351765,,,,,,2023-10-30,2023-10-30T23:09:45,POINT(10.687153 53.842822)
https://www.openstreetmap.org/node/1422453602,,,Bürgerstiftung Bonn,,24/7,2025-08-12,2025-08-12T15:54:14,POINT(7.153557 50.716753)
https://www.openstreetmap.org/node/1422453604,,phone_box,Bürgerstiftung Bonn,,24/7,2024-05-07,2024-05-07T09:44:22,POINT(7.106595 50.733280)
https://www.openstreetmap.org/node/1422453606,,,Bürgerstiftung Bonn,,24/7,2025-10-11,2025-10-11T12:57:24,POINT(7.113904 50.736789)
https://www.openstreetmap.org/node/1432486105,,,,http://www.werkstatt-treff.de/html/buecherschrank.html#25,24/7,2026-02-19,2026-06-01T19:19:31,POINT(9.753786 52.362215)
https://www.openstreetmap.org/node/1434108537,,,,https://www.hannover.de/Kultur-Freizeit/Freizeit-Sport/Freizeiteinrichtungen/Stadtteilkultur/Veranstaltungen/Wiederholende-Veranstaltungsreihen/Offener-B%C3%BCcherschrank,24/7,2025-10-29,2025-10-29T21:10:13,POINT(9.713851 52.342123)
https://www.openstreetmap.org/node/1444948991,Öffentlicher Bücherschrank,,,,,2024-04-08,2024-09-17T07:25:09,POINT(7.131020 50.991699)
https://www.openstreetmap.org/node/1494281198,,,,,,,2024-06-22T09:12:57,POINT(12.923538 50.830960)
https://www.openstreetmap.org/node/1496368002,,,Förderer der Straßensozialarbeit e.V.,,24/7,2026-07-05,2026-07-05T19:25:47,POINT(9.946512 51.524022)
https://www.openstreetmap.org/node/1559522024,,phone_box,,,,,2023-03-01T17:01:12,POINT(8.638999 50.255075)
https://www.openstreetmap.org/node/1563931991,,,Bürgerstiftung Bonn,,,2025-09-24,2025-09-24T16:45:54,POINT(7.098375 50.730203)
https://www.openstreetmap.org/node/1567636753,,,Stadt Frankfurt Am Main,,,2024-07-25,2024-07-25T11:51:07,POINT(8.646085 50.122555)
https://www.openstreetmap.org/node/1582137859,Bücherzelle Ebern,phone_box,,,24/7,2025-11-24,2025-11-24T18:05:15,POINT(10.793674 50.094694)
https://www.openstreetmap.org/node/1591103952,,,,,,2024-08-19,2025-01-04T15:25:33,POINT(7.025281 50.982254)
https://www.openstreetmap.org/node/1635525598,,phone_box,,https://www.broeltal.de/nachrichten/artikel/schoenenberger-telefonzelle-ist-jetzt-ein-buecherschrank.html,,,2021-05-27T21:52:36,POINT(7.438259 50.838847)
https://www.openstreetmap.org/node/1642179461,,,,,,,2015-06-07T10:16:53,POINT(8.242155 50.087046)
https://www.openstreetmap.org/node/1674468469,,,,,24/7,2025-07-07,2025-07-07T17:44:18,POINT(9.706975 52.375499)
https://www.openstreetmap.org/node/1694302231,Bücher tauschen,,,,,,2024-09-21T17:26:08,POINT(6.948688 50.968598)
https://www.openstreetmap.org/node/1698530596,,,,,,,2022-10-31T17:45:52,POINT(8.607177 50.091696)
https://www.openstreetmap.org/node/1712766202,,,,https://chillr.de/offentliche-bucherregale-im-rhein-neckar-kreis/,,2024-05-05,2024-05-05T21:08:32,POINT(8.681974 49.429610)
https://www.openstreetmap.org/node/1712776048,Bücherregal,,,https://chillr.de/offentliche-bucherregale-im-rhein-neckar-kreis/,,2025-08-26,2026-05-23T14:52:07,POINT(8.695182 49.410004)
https://www.openstreetmap.org/node/1712788622,Öffentliches Bücherregal,wooden_cabinet,,https://chillr.de/offentliche-bucherregale-im-rhein-neckar-kreis/,,2025-09-06,2025-09-06T15:45:45,POINT(8.756495 49.418715)
https://www.openstreetmap.org/node/1755888923,Villa Libris,phone_box,,,24/7,2026-04-24,2026-04-24T19:25:20,POINT(13.314228 52.473273)
https://www.openstreetmap.org/node/1770324727,Öffentlicher Bücherschrank,,,,,2025-05-26,2025-05-26T14:13:15,POINT(7.140227 51.256370)
https://www.openstreetmap.org/node/1787628969,,,,,24/7,,2023-01-19T12:54:09,POINT(9.470315 51.298838)
https://www.openstreetmap.org/node/1788446864,English Phone Booth/ BücherboXX,phone_box,,,,,2025-08-11T15:58:01,POINT(13.314354 52.489928)
https://www.openstreetmap.org/node/1802833263,,wooden_cabinet,,,,2024-07-22,2024-07-22T07:33:27,POINT(9.973624 53.582128)
https://www.openstreetmap.org/node/1809809542,Infozelle,phone_box,,,24/7,,2021-07-03T11:48:12,POINT(8.053490 51.494155)
https://www.openstreetmap.org/node/1830933094,,,,,,2026-06-16,2026-06-16T18:50:32,POINT(8.699000 50.110981)
https://www.openstreetmap.org/node/1844315304,Öffentliches Bücherregal,,,,24/7,2025-10-30,2025-10-30T12:35:19,POINT(6.768547 51.212818)
https://www.openstreetmap.org/node/1849671094,,phone_box,,,,2026-04-10,2026-04-10T19:36:46,POINT(8.665524 52.115580)
https://www.openstreetmap.org/node/1852421805,Bücherzelle,phone_box,Heidepark Silz,,,,2024-06-26T23:31:36,POINT(12.446383 53.506713)
https://www.openstreetmap.org/node/1857856905,,,,,,2025-12-26,2025-12-26T15:24:41,POINT(7.325052 50.933162)
https://www.openstreetmap.org/node/1863389495,,glass_cabinet,Literaturbüro NRW,https://www.literaturbuero-nrw.de/draussen/offene-buecherschraenke,24/7,,2024-10-03T07:48:52,POINT(6.766820 51.220180)
https://www.openstreetmap.org/node/1878907015,,,,,,2025-06-21,2025-06-21T21:38:04,POINT(8.661219 50.102336)
https://www.openstreetmap.org/node/1896454645,,,,,24/7,,2024-09-08T20:35:46,POINT(9.822542 52.392635)
https://www.openstreetmap.org/node/1907061712,Mercator Bücherschrank,wooden_cabinet,,,,2025-04-26,2025-05-02T13:46:29,POINT(7.201885 51.411804)
https://www.openstreetmap.org/node/1917439604,Bücherregal,,,,,,2020-12-28T11:53:23,POINT(11.213546 49.373906)
https://www.openstreetmap.org/node/1925288503,Buchbahnhof,,,https://stadt-marktheidenfeld.de/page2/kultur-bildung/stadtbucherei/buchbahnhof,24/7,2026-01-15,2026-01-15T21:57:09,POINT(9.603068 49.844347)
https://www.openstreetmap.org/node/1941759373,öffentlicher Bücherschrank,,Pfarrgemeinderat St. Marien Witten,,24/7,2024-08-14,2024-08-14T20:36:33,POINT(7.336620 51.445432)
https://www.openstreetmap.org/node/1951163198,Buchwechselbaum,,,,,,2015-02-22T16:11:21,POINT(9.034300 48.549214)
https://www.openstreetmap.org/node/1979409800,Neuenheimer Bücherregal,,,,,2025-08-29,2025-08-29T10:02:58,POINT(8.690775 49.414614)
https://www.openstreetmap.org/node/1979409801,,,,,,2024-05-20,2024-05-20T12:20:01,POINT(8.802113 53.094717)
https://www.openstreetmap.org/node/2019711408,Büchertauschbörse Parsau,phone_box,Anke Knieling,,24/7,,2021-08-28T02:20:09,POINT(10.894809 52.539443)
https://www.openstreetmap.org/node/2020307908,,,,,,2026-06-11,2026-06-11T16:59:33,POINT(6.966722 50.923948)
https://www.openstreetmap.org/node/2055220755,,metal_cabinet,,,24/7,2025-07-22,2025-07-22T21:46:52,POINT(11.005025 49.594463)
https://www.openstreetmap.org/node/2076766953,Englische Telefonzelle,phone_box,,,,2023-10-28,2023-10-28T11:10:39,POINT(7.617527 50.280645)
https://www.openstreetmap.org/node/2083680807,RWE Bücherschrank,,RWE,,24/7,2026-03-14,2026-03-14T12:46:42,POINT(6.239746 50.556736)
https://www.openstreetmap.org/node/2092476915,Mercator Bücherschrank,,,,,,2023-12-23T12:09:35,POINT(7.555521 51.491715)
https://www.openstreetmap.org/node/2104405007,Offener Bücherschrank: Kinderbücher,,Netzwerk Familienbildung,,"Mo-Su,PH 00:00-24:00",2025-01-29,2025-09-06T22:56:59,POINT(8.272285 50.002583)
https://www.openstreetmap.org/node/2145617438,Bücherschrank IKEA,,IKEA,,,2026-05-27,2026-06-06T16:18:35,POINT(10.504837 52.309251)
https://www.openstreetmap.org/node/2194377987,Böker Box,,,,,2025-10-28,2025-10-29T08:40:10,POINT(7.693382 53.770181)
https://www.openstreetmap.org/node/2238677569,,,,,Jan: 09:00-16:00; Feb: 09:00-17:00; Mar: 09:00-17:00; Apr: 09:00-17:30; May-Sep: 08:00-18:00; Oct 01-15: 09:00-17:30; Oct 16-31: 09:00-17:00; Nov-Dec: 10:00-16:00,2025-07-27,2025-07-27T15:23:08,POINT(8.399722 48.997339)
https://www.openstreetmap.org/node/2245073811,,,,,,2023-06-22,2024-01-18T15:24:37,POINT(8.757050 50.090774)
https://www.openstreetmap.org/node/2246083535,Bücherschrank Nordend II,metal_cabinet,,,,2026-06-07,2026-06-07T16:00:46,POINT(8.680232 50.121310)
https://www.openstreetmap.org/node/2247164657,Bücherzelle,phone_box,,,24/7,2026-01-04,2026-01-04T15:51:00,POINT(13.034020 52.312706)
https://www.openstreetmap.org/node/2281301079,,,,,,2025-04-27,2025-04-27T12:55:34,POINT(6.936898 50.931378)
https://www.openstreetmap.org/node/2305105810,Öffentlicher Bücherschrank,wooden_cabinet,,,,,2023-02-23T18:01:08,POINT(8.891241 49.817531)
https://www.openstreetmap.org/node/2312721351,,,,,"Mo-Su,PH 00:00+",2026-04-11,2026-04-11T12:52:02,POINT(7.010254 50.737734)
https://www.openstreetmap.org/node/2312807451,Bücherbox,,,,,2026-03-10,2026-03-10T19:02:44,POINT(11.124470 49.557660)
https://www.openstreetmap.org/node/2313016428,,,Forum Gundernhausen,,,2024-02-13,2024-02-25T17:02:22,POINT(8.787920 49.871276)
https://www.openstreetmap.org/node/2320803426,Bücherschrank,,,,,,2015-03-05T19:01:29,POINT(9.627349 52.338371)
https://www.openstreetmap.org/node/2331904185,Das offene Bücherregal!,,,,,2025-07-24,2025-07-24T11:27:52,POINT(9.429447 48.946297)
https://www.openstreetmap.org/node/2334453774,Bücherecke,,Lions Club Bad Krozingen-Staufen,,24/7,2023-12-06,2023-12-06T09:38:16,POINT(7.730883 47.880054)
https://www.openstreetmap.org/node/2359234512,Vertrauensbücherei,,,,"Mo,Th 17:00-18:00",2025-05-23,2026-03-14T10:23:21,POINT(7.700401 53.771419)
https://www.openstreetmap.org/node/2359237222,Vertrauens Bibliothek,,Neue evangelische Inselkirche,,,2025-05-23,2025-05-23T19:58:53,POINT(7.700338 53.770996)
https://www.openstreetmap.org/node/2397466743,,,,,24/7,2026-04-02,2026-04-02T17:57:25,POINT(8.004423 51.329055)
https://www.openstreetmap.org/node/2402823724,,,,,,2023-03-23,2023-03-23T11:48:24,POINT(9.775180 52.400518)
https://www.openstreetmap.org/node/2402826827,,,,,,2022-01-29,2022-01-29T11:32:00,POINT(9.761262 52.394767)
https://www.openstreetmap.org/node/2403864139,Öffentlicher Bücherschrank,,Initiative Wir-sind-Breidert,www.quartier-breidert.de,,2025-12-07,2025-12-07T06:51:13,POINT(8.838683 49.969360)
https://www.openstreetmap.org/node/2410757528,,metal_cabinet,Bürgerstiftung Bonn,,24/7,2025-03-31,2025-03-31T15:33:33,POINT(7.045915 50.714145)
https://www.openstreetmap.org/node/2410757529,,,Bürgerstiftung Bonn,,24/7,2025-09-16,2025-09-16T11:36:55,POINT(7.075034 50.727066)
https://www.openstreetmap.org/node/2418383302,Open Book,phone_box,Kontakt in Krisen e.V.,http://www.kontaktinkrisen.de,Mo-Su 10:00-18:00,2025-12-25,2025-12-25T14:54:06,POINT(11.026201 50.996090)
https://www.openstreetmap.org/node/2419239668,Büchertelefonzelle,phone_box,,,24/7,2026-04-14,2026-04-24T22:33:58,POINT(6.841958 51.428499)
https://www.openstreetmap.org/node/2422652843,,,,,,,2022-10-10T10:00:37,POINT(8.291217 50.058626)
https://www.openstreetmap.org/node/2430696511,,phone_box,,,,2024-12-21,2024-12-21T17:45:54,POINT(9.279967 48.887381)
https://www.openstreetmap.org/node/2451583896,Büchertauschbörse Albersdorf,phone_box,,,Mo-Su 09:00-21:00,,2024-06-20T01:16:18,POINT(9.292247 54.146146)
https://www.openstreetmap.org/node/2464557080,Umsonst Regal,shelf,,,,2021-07-25,2021-07-25T13:01:27,POINT(8.800489 53.094782)
https://www.openstreetmap.org/node/246838150,,phone_box,Gemeinde Oberhausen-Rheinhausen,,24/7,2024-04,2024-04-20T08:48:22,POINT(8.473295 49.281650)
https://www.openstreetmap.org/node/2471880272,,,,,,,2020-02-04T09:49:32,POINT(7.671989 49.708510)
https://www.openstreetmap.org/node/248350992,Bücherzelle,phone_box,,,,,2022-05-30T14:21:33,POINT(9.805656 51.583114)
https://www.openstreetmap.org/node/2493925852,Hausemer Bücherschrank,metal_cabinet,,https://www.schoenbuchschule-hildrizhausen.de/schulf%C3%B6rderverein/,24/7,2022-03-24,2022-03-24T21:56:02,POINT(8.968528 48.624378)
https://www.openstreetmap.org/node/2507437197,Rote Telefonzelle,phone_box,,,,2023-11-11,2023-11-12T07:16:42,POINT(9.737883 48.689917)
https://www.openstreetmap.org/node/2509777471,,glass_cabinet,,,24/7,2025-12-17,2025-12-17T18:57:34,POINT(11.001601 49.600891)
https://www.openstreetmap.org/node/2510586944,Buchwechselbaum,,,,24/7,2026-06-24,2026-06-24T05:30:23,POINT(9.050204 48.558222)
https://www.openstreetmap.org/node/2512926668,Offener Bücherschrank,,"Nachbarschaftsbüro St. Lorenz-Süd, Björn Brinke",,24/7,2025-12-20,2025-12-20T18:16:09,POINT(10.664065 53.858158)
https://www.openstreetmap.org/node/2513823995,Öffentlicher Bücherschrank,phone_box,,,24/7,,2025-09-18T11:43:21,POINT(7.787358 47.563668)
https://www.openstreetmap.org/node/2513826434,,,,,24/7,,2022-09-13T06:00:13,POINT(7.949084 47.554336)
https://www.openstreetmap.org/node/2519595575,,,,,,2023-11-25,2025-10-24T18:56:32,POINT(7.664021 47.601557)
https://www.openstreetmap.org/node/2562564375,,,,,24/7,,2021-01-26T21:55:25,POINT(8.230773 50.044831)
https://www.openstreetmap.org/node/2562652203,Bücherschrank,,,,,2025-09-12,2025-09-12T15:50:57,POINT(8.197482 49.938931)
https://www.openstreetmap.org/node/2574941423,,phone_box,,,24/7,,2025-04-02T07:12:24,POINT(7.197017 50.913807)
https://www.openstreetmap.org/node/2604405418,,shelf,DMC,,24/7,2025-12-05,2025-12-05T19:18:10,POINT(6.169503 51.675862)
https://www.openstreetmap.org/node/260658480,,,,,,,2023-03-23T15:47:35,POINT(10.899380 54.108289)
https://www.openstreetmap.org/node/2625625323,,,Bürgerverein Rintheim e. V.,,24/7,2024-10-27,2024-10-27T10:14:43,POINT(8.444014 49.016745)
https://www.openstreetmap.org/node/2701068313,,,,,,2023-05-20,2023-05-20T14:47:14,POINT(7.288535 50.933026)
https://www.openstreetmap.org/node/2701501679,,,,,,2023-04-11,2023-04-12T04:27:05,POINT(7.145412 50.755944)
https://www.openstreetmap.org/node/2705688432,Offener Bücherschrank,wooden_cabinet,Stadtteiloffensive Hiltrup,,24/7,2025-11-15,2025-11-15T10:10:48,POINT(7.642074 51.904080)
https://www.openstreetmap.org/node/2710917035,Bücherschrank Weststadt,,Bürgerverein Weststadt,http://ka.stadtwiki.net/B%C3%BCcherschrank,24/7,2026-05-15,2026-05-15T16:46:08,POINT(8.375891 49.009343)
https://www.openstreetmap.org/node/2731302685,,glass_cabinet,Merkatorstiftung,,24/7,2024-06-12,2024-08-16T12:25:15,POINT(7.012072 51.454521)
https://www.openstreetmap.org/node/2731302688,Bücherschrank,,"RWE, Neue Arbeit der Diakonie",,24/7,,2015-02-24T18:57:30,POINT(6.980087 51.462752)
https://www.openstreetmap.org/node/2739898098,,,,,,,2024-05-20T12:19:48,POINT(6.195674 50.647533)
https://www.openstreetmap.org/node/2745994708,,,,,,,2022-09-25T10:47:38,POINT(7.099057 50.721506)
https://www.openstreetmap.org/node/2754875473,,,Bürgerverein Grünwinkel e.V.,,24/7,2024-06-06,2024-06-06T13:39:28,POINT(8.355635 49.003067)
https://www.openstreetmap.org/node/2789184754,Buchwechselbaum,,,,,2026-02-27,2026-02-27T14:43:00,POINT(9.077305 48.540909)
https://www.openstreetmap.org/node/280088938,,phone_box,,,,2026-01-24,2026-01-24T20:59:24,POINT(6.814139 49.878287)
https://www.openstreetmap.org/node/2805760701,,wooden_cabinet,,,,2022-08-09,2023-09-09T19:02:29,POINT(10.012033 52.447544)
https://www.openstreetmap.org/node/2816867817,Bücherschrank,,,,,,2015-03-05T19:02:38,POINT(9.781351 52.282453)
https://www.openstreetmap.org/node/2818094508,,metal_cabinet,Historischer Verein Durlach und Die Orgelfabrik,,24/7,2025-11-23,2025-11-23T15:30:12,POINT(8.473275 48.998881)
https://www.openstreetmap.org/node/2837955336,,,,,24/7,,2016-01-20T10:59:30,POINT(6.459241 51.774752)
https://www.openstreetmap.org/node/2840103906,,,,,,2025-06-16,2025-06-16T09:28:09,POINT(6.613567 51.657024)
https://www.openstreetmap.org/node/2843183936,Offener Bücherschrank,phone_box,Gemeinde Oberderdingen,,24/7,,2021-12-05T16:35:16,POINT(8.802356 49.060160)
https://www.openstreetmap.org/node/2843907852,Bökerschapp,phone_box,,http://bökerschapp.de,24/7,,2024-06-20T01:17:29,POINT(9.561692 54.516329)
https://www.openstreetmap.org/node/2850212572,öffentlicher Bücherschrank,,,,24/7,2025-01-26,2025-01-26T15:13:59,POINT(9.157158 52.669302)
https://www.openstreetmap.org/node/2851359460,Offener Bücherschrank,phone_box,Gemeinde Oberderdingen,,24/7,2024-09-22,2024-09-22T12:55:52,POINT(8.782025 49.086672)
https://www.openstreetmap.org/node/2870572936,,phone_box,,,,,2024-05-26T01:24:38,POINT(6.744314 52.613837)
https://www.openstreetmap.org/node/2879285951,,phone_box,,,24/7,,2023-02-14T21:07:09,POINT(7.052400 49.251462)
https://www.openstreetmap.org/node/2882951801,,metal_cabinet,,,,,2018-09-27T13:13:36,POINT(7.651832 49.785600)
https://www.openstreetmap.org/node/2893185687,,,,,,2026-06-16,2026-06-16T12:10:23,POINT(6.209933 50.682480)
https://www.openstreetmap.org/node/2904340799,Bücherschrank rote Telefonzelle,phone_box,,,24/7,,2021-05-30T04:40:19,POINT(6.392095 51.253095)
https://www.openstreetmap.org/node/2915573873,Bibi,,,,24/7,,2024-05-25T18:52:57,POINT(9.871337 51.552426)
https://www.openstreetmap.org/node/2919566697,Paderthek,,,,24/7,2025-07-04,2025-07-06T06:00:33,POINT(8.747668 51.715916)
https://www.openstreetmap.org/node/2934611242,,phone_box,Bibliothek Waldmühle,,24/7,2026-02-28,2026-03-02T21:48:30,POINT(9.838756 52.984149)
https://www.openstreetmap.org/node/2965724368,Offener Bücherschrank,,Stadt Troisdorf,,,2024-08-18,2025-03-31T13:12:59,POINT(7.148175 50.817422)
https://www.openstreetmap.org/node/2965733300,,,Stadt Troisdorf,,24/7,2024-11-10,2026-06-09T16:12:13,POINT(7.128883 50.800284)
https://www.openstreetmap.org/node/2965742756,,,,,,2026-05-11,2026-05-11T18:12:08,POINT(7.091880 50.774452)
https://www.openstreetmap.org/node/2981373115,,wooden_cabinet,Stiftung Neuenhäusen,,24/7,2021-05-28,2022-07-01T14:58:37,POINT(10.070900 52.619182)
https://www.openstreetmap.org/node/2981373116,,glass_cabinet,,,24/7,,2022-07-07T08:15:37,POINT(10.069574 52.621443)
https://www.openstreetmap.org/node/2983220980,,,,,,2025-03-16,2025-03-16T14:37:45,POINT(6.483283 50.688716)
https://www.openstreetmap.org/node/2998626415,Büchertauschschrank,shelf,Bürgerverein Wiemsdorf,,24/7,,2024-05-26T23:52:56,POINT(8.521222 53.446405)
https://www.openstreetmap.org/node/3002067220,,,,,,2025-04-27,2025-04-27T11:29:54,POINT(7.134105 52.299944)
https://www.openstreetmap.org/node/3002968946,,,,,24/7,2025-02-24,2025-02-24T18:59:19,POINT(8.407454 48.976132)
https://www.openstreetmap.org/node/3009207986,Öffentlicher Bücherschrank,phone_box,,,Mo-Sa 09:00-18:00; Su off,2024-08-24,2024-08-24T07:05:05,POINT(10.375318 53.810255)
https://www.openstreetmap.org/node/3029611759,,wooden_cabinet,,,,,2024-09-15T17:35:04,POINT(9.356564 52.311761)
https://www.openstreetmap.org/node/3030981796,,,Zukunftsschmiede Gevelsberg e.V.,,,,2019-07-08T20:23:18,POINT(7.339573 51.320916)
https://www.openstreetmap.org/node/3043119555,,,,,,,2025-09-03T15:58:39,POINT(8.603274 49.464248)
https://www.openstreetmap.org/node/3047021887,,,,,,2026-06-14,2026-06-14T13:30:01,POINT(8.791228 53.067754)
https://www.openstreetmap.org/node/3053930969,Büchertauschregal Wichernstraße,,,,24/7,2024-08-22,2024-08-28T19:44:20,POINT(10.398373 53.225346)
https://www.openstreetmap.org/node/3062539964,Öffentlicher Bücherschrank,,,,24/7,,2015-11-22T06:38:29,POINT(9.190168 52.441125)
https://www.openstreetmap.org/node/3074903915,OBCZ,,vhs Straubing,https://www.bookcrossing.com/hunt/28/3379/43470/717527,,,2024-10-24T13:57:22,POINT(12.582946 48.870382)
https://www.openstreetmap.org/node/3093755951,Bücherecke des Bürgertreff,,,,,2025-11-16,2026-03-22T15:29:50,POINT(7.866256 48.042566)
https://www.openstreetmap.org/node/3097248240,Bücherschrank der Mercatorstiftung,wooden_cabinet,HUkultur im Förderverein Hustadt e.V.,,24/7,,2025-04-28T16:06:34,POINT(7.271150 51.457622)
https://www.openstreetmap.org/node/3106855437,RWE Bücherschrank,metal_cabinet,RWE,https://www.grevenbroich.de/C1257138004C5579/html/5AD7140663F075F3C1257D49003436B3?openDocument,24/7,,2023-11-10T05:28:23,POINT(6.660244 51.124627)
https://www.openstreetmap.org/node/3110867996,Schäfer's,,,,Mo-Fr 06:00-18:00; Su 08:00-18:00; Sa 07:00-18:00,,2025-04-27T10:25:42,POINT(13.385039 52.460626)
https://www.openstreetmap.org/node/3127077158,,,,,24/7,2025-09-10,2025-09-10T10:14:11,POINT(8.379381 48.988318)
https://www.openstreetmap.org/node/3132048137,Öffentlicher Bücherschrank,,Katja Mentz und Brigitte Hörnschemeyer,,24/7,2024-10-21,2024-10-21T12:15:41,POINT(10.703430 53.866120)
https://www.openstreetmap.org/node/313363565,,phone_box,Bürgerstiftung Nidderau,,24/7,2024-09-28,2024-09-28T14:22:50,POINT(8.877200 50.224573)
https://www.openstreetmap.org/node/3134320419,BücherboXX am Gleis 17,phone_box,,,24/7,,2026-02-20T18:05:12,POINT(13.263290 52.487701)
https://www.openstreetmap.org/node/313972654,Bücherbar,phone_box,,,,2025-03-02,2025-03-02T13:29:04,POINT(7.030542 51.282566)
https://www.openstreetmap.org/node/3149949772,Offene Bibliothek,,,,,2024-01-14,2024-01-14T09:43:47,POINT(8.312103 48.974732)
https://www.openstreetmap.org/node/3149992234,Offener Bücherschrank,,,,24/7,2026-07-11,2026-07-11T12:40:09,POINT(8.305141 48.967792)
https://www.openstreetmap.org/node/3165382630,,wooden_cabinet,,,24/7,2026-03-28,2026-03-28T18:49:13,POINT(9.161443 49.229738)
https://www.openstreetmap.org/node/317950695,Bücherbox,phone_box,Gemeinde Veitshöchheim,,24/7,2025-01-24,2026-03-07T18:46:43,POINT(9.872548 49.832395)
https://www.openstreetmap.org/node/3179666797,Bücherzelle,phone_box,,,24/7,,2024-10-05T11:58:14,POINT(12.331548 54.293021)
https://www.openstreetmap.org/node/3183495147,Bücherbox,phone_box,,,24/7,2024-12-31,2024-12-31T08:48:40,POINT(8.475692 48.923327)
https://www.openstreetmap.org/node/3190351197,Book Lounge,,,,,2026-01-17,2026-01-17T19:43:03,POINT(12.109218 54.086289)
https://www.openstreetmap.org/node/320126234,,phone_box,Stadt Eichstätt,,24/7,2025-11-10,2025-11-10T17:04:47,POINT(11.180105 48.893048)
https://www.openstreetmap.org/node/3201315838,Bücher Turm,,,,,2024-05-25,2024-05-25T11:43:47,POINT(10.987167 48.267712)
https://www.openstreetmap.org/node/322585357,"Bücherbox, Malsch am Rathaus",phone_cell,Cultur Club Malsch,,,,2024-07-14T14:10:08,POINT(8.336690 48.879192)
https://www.openstreetmap.org/node/3256458894,Offener Bücherschrank,,,,24/7,2024-03-31,2024-03-31T17:13:06,POINT(10.966741 50.259813)
https://www.openstreetmap.org/node/3257183912,,,,https://ka.stadtwiki.net/%C3%96ffentlicher_B%C3%BCcherschrank,24/7,2025-09-07,2025-09-19T14:59:31,POINT(8.407271 49.007261)
https://www.openstreetmap.org/node/3258005961,,glass_cabinet,"KHG-Aachen, Chico Mendes",https://chico-mendes.de,24/7,2025-10-17,2025-10-17T20:24:04,POINT(6.081914 50.778419)
https://www.openstreetmap.org/node/3264784297,Bücherschrank,metal_cabinet,Lions Club Warburg,https://www.lions-club-warburg.de/,24/7,2023-12-27,2023-12-28T10:58:14,POINT(9.148190 51.488753)
https://www.openstreetmap.org/node/3274374299,Offener Bücherschrank,,,,24/7,2026-03-27,2026-03-27T12:19:54,POINT(8.466962 49.498931)
https://www.openstreetmap.org/node/3299899774,Bücherschrank Ebersteinburg,metal_cabinet,,,,,2021-09-13T21:33:44,POINT(8.269568 48.780085)
https://www.openstreetmap.org/node/3301257591,,metal_cabinet,Kulturverein Hennef e.V.,https://kulturverein-hennef.de/buecherschrank/,,,2024-11-26T09:54:53,POINT(7.284290 50.775293)
https://www.openstreetmap.org/node/330456415,,,,,,,2020-08-31T10:09:48,POINT(6.765756 51.642290)
https://www.openstreetmap.org/node/3305530476,offener Bücherschrank,,Ev. Kirchengemeinde,,,,2015-01-23T09:53:20,POINT(8.388343 49.683595)
https://www.openstreetmap.org/node/3305530477,,,Filminsel Biblis,,,2022-10-05,2025-04-15T10:31:03,POINT(8.454071 49.685684)
https://www.openstreetmap.org/node/330560233,,phone_box,VERA e.V. & Stadtbibliothek Wernau,,24/7,2023-10-05,2023-10-05T14:01:17,POINT(9.421399 48.689415)
https://www.openstreetmap.org/node/3305648462,Mini-Bib,,,,,2021-07-24,2021-07-24T19:27:55,POINT(7.310169 51.442281)
https://www.openstreetmap.org/node/3326478465,Brüser Berger Bücherbox,phone_box,,,24/7,,2018-12-29T00:00:08,POINT(7.057530 50.699621)
https://www.openstreetmap.org/node/3327002940,Offener Bücherschrank im Bahnhof Altenbeken,,,,24/7,2025-07-16,2025-07-16T15:13:39,POINT(8.943173 51.766480)
https://www.openstreetmap.org/node/3331429622,Tauschbücherei,phone_box,,,Mo-Fr 09:00-18:00; Sa 09:00-13:00,2026-02-27,2026-02-27T16:57:48,POINT(9.787532 53.118250)
https://www.openstreetmap.org/node/3332076593,,,,,,2023-01-10,2023-01-10T17:06:27,POINT(10.153159 48.676529)
https://www.openstreetmap.org/node/3334252150,Borbecker Bücherbude,shelter,private,https://www.ebay.de/str/borbeckerbucherbude,24/7,2023-12-01,2023-12-01T21:12:47,POINT(6.947178 51.473703)
https://www.openstreetmap.org/node/3342342956,,shelf,,,24/7,2024-09-27,2024-09-27T13:46:22,POINT(8.037404 49.204985)
https://www.openstreetmap.org/node/3344934100,,,,,24/7,,2020-03-22T09:09:12,POINT(9.903077 51.560668)
https://www.openstreetmap.org/node/3353506618,,,,,,,2025-12-23T22:33:42,POINT(6.294846 51.491290)
https://www.openstreetmap.org/node/3358764342,,,,,,2024-11-10,2024-11-10T00:50:38,POINT(11.053223 49.451351)
https://www.openstreetmap.org/node/3361696193,Horkheimer Bücherschrank,,Gruners Backstube,,,2025-07-20,2025-07-20T15:57:58,POINT(9.168292 49.115746)
https://www.openstreetmap.org/node/3366227078,Bücherschrank Much,,,,24/7,2024-03-19,2024-03-19T10:38:00,POINT(7.408187 50.905641)
https://www.openstreetmap.org/node/3366243675,,,Verein Leselust;Stadtbücherei Meldorf,,24/7,2024-06-29,2024-06-30T05:45:06,POINT(9.073897 54.089122)
https://www.openstreetmap.org/node/3366365440,,wooden_cabinet,,,24/7,2025-05-11,2025-05-21T10:46:32,POINT(8.568016 48.927893)
https://www.openstreetmap.org/node/3366425902,,phone_box,,,,2023-06-12,2026-04-10T21:31:50,POINT(13.750012 51.076247)
https://www.openstreetmap.org/node/3366482672,,,,,,,2016-05-04T13:02:03,POINT(8.165264 48.760457)
https://www.openstreetmap.org/node/3366578735,Öffentliches Bücherregal,shelf,Vaihinger Aktion Innenstadt,,24/7,2021-04-05,2026-06-16T17:34:13,POINT(8.957752 48.932187)
https://www.openstreetmap.org/node/3366608438,,,,,,,2015-02-22T18:56:37,POINT(9.479832 49.279024)
https://www.openstreetmap.org/node/3366643088,,,,,,2021-06-24,2021-06-24T07:58:55,POINT(8.254296 50.063461)
https://www.openstreetmap.org/node/3366643089,,,,,,2024-10-05,2024-10-05T21:15:55,POINT(8.245220 50.080269)
https://www.openstreetmap.org/node/3366663636,,,,,,2024-08-15,2024-08-15T11:34:10,POINT(7.058006 50.884485)
https://www.openstreetmap.org/node/3366696529,,,,,,2024-08-01,2024-08-01T09:17:28,POINT(11.577334 49.946174)
https://www.openstreetmap.org/node/3366699940,,,,,,2022-04-27,2022-11-12T10:29:33,POINT(8.696119 50.170010)
https://www.openstreetmap.org/node/3366699941,,,,,,2026-05-03,2026-05-03T18:46:42,POINT(8.629417 50.176649)
https://www.openstreetmap.org/node/3366699942,,,,,,2025-04-27,2025-04-27T12:42:01,POINT(8.666022 50.183707)
https://www.openstreetmap.org/node/3366699943,,,,,,,2015-02-22T20:00:29,POINT(8.804112 50.194585)
https://www.openstreetmap.org/node/3366707796,,phone_box,,,,2021-08-17,2021-08-17T10:56:40,POINT(7.203774 51.312256)
https://www.openstreetmap.org/node/3366717858,OBCZ,,JuKuz,,24/7,,2023-05-21T09:51:33,POINT(9.147949 49.971174)
https://www.openstreetmap.org/node/3366717859,OBCZ,,JuZ,,Tu 13:00-18:00; Th 14:00-20:00; Fr 14:00-22:00,2026-04-24,2026-04-24T14:33:18,POINT(9.151267 49.973339)
https://www.openstreetmap.org/node/3366717861,OBCZ,,Katakombe,,"We,Fr 14:00-18:00; Th 14:00-20:00",2022-12-03,2023-05-21T09:51:33,POINT(9.143568 49.977204)
https://www.openstreetmap.org/node/3366717862,OBCZ,,,,24/7,2025-12-13,2025-12-13T13:37:58,POINT(9.140849 49.980310)
https://www.openstreetmap.org/node/3366768293,,metal_cabinet,Offene Bücherschränke Schwabing-West e.V.,https://ackermannbogen-ev.de/kulturbuero/literatur/,24/7,2026-06-09,2026-07-14T13:23:25,POINT(11.563391 48.160028)
https://www.openstreetmap.org/node/3366788966,Buchtauschbörse,,Jugendbücherei Nersingen,,"Tu 09:00-11:00,15:00-18:30; Th 09:00-11:00,14:00-16:00; Mo 14:00-16:00; We 11:00-14:00,15:00-17:00",2025-10-23,2025-10-23T20:12:08,POINT(10.122339 48.427544)
https://www.openstreetmap.org/node/3366844080,RWE Bücherschrank,metal_cabinet,RWE,,24/7,,2021-11-10T20:54:22,POINT(6.389120 51.764243)
https://www.openstreetmap.org/node/3366863839,RWE Bücherschrank,glass_cabinet,RWE,https://www.rwe.com/web/cms/de/1754614/rwe-deutschland-ag/engagement/regionales-engagement/rwe-buecherschraenke/standorte/,24/7,2025-11-29,2025-11-29T13:08:06,POINT(6.969874 51.326648)
https://www.openstreetmap.org/node/3366885871,,shelf,Freiraum Zittau e.V.,https://www.freiraumzittau.de/84-erster-oeffentlicher-buecherschrank-in-zittau,24/7,2026-04-15,2026-04-15T16:15:53,POINT(14.804295 50.897224)
https://www.openstreetmap.org/node/3367000241,,,,https://www.bookcrossing.com/mybookshelf/BTR_Ebersried,24/7,,2025-03-01T16:43:11,POINT(11.148180 48.282629)
https://www.openstreetmap.org/node/3367455841,,phone_box,,,,,2022-05-23T23:48:37,POINT(11.626156 49.845858)
https://www.openstreetmap.org/node/3367477962,,,,,,,2015-02-23T06:46:10,POINT(11.664205 50.482514)
https://www.openstreetmap.org/node/3367538653,,metal_cabinet,,,,2024-05-07,2024-05-07T12:34:26,POINT(6.513449 51.190352)
https://www.openstreetmap.org/node/3367678280,Offener Bücherschrank,,,http://www.werkstatt-treff.de/html/buecherschrank.html#45,,2024-01-03,2024-01-03T11:41:04,POINT(9.761272 52.374246)
https://www.openstreetmap.org/node/3368071396,,,,,,,2018-10-01T12:37:29,POINT(8.239418 52.280485)
https://www.openstreetmap.org/node/3368079394,,,,,,2021-11-04,2021-11-05T12:35:48,POINT(8.169172 52.235294)
https://www.openstreetmap.org/node/3368190672,BücherZelle,phone_box,,,24/7,,2021-11-27T23:12:12,POINT(7.832030 49.928441)
https://www.openstreetmap.org/node/3368389643,Öffentlicher Bücherschrank,,Stadt Frankfurt,,,2023-03-24,2023-06-05T10:28:16,POINT(8.680308 50.166455)
https://www.openstreetmap.org/node/3368389645,,metal_cabinet,Bürgerstiftung Detmold,,,,2026-05-11T14:02:24,POINT(8.876524 51.933533)
https://www.openstreetmap.org/node/3368440193,,,,,,2024-12-30,2024-12-30T14:42:44,POINT(13.960138 52.909931)
https://www.openstreetmap.org/node/3368644570,,,,,,2024-08-18,2024-08-18T16:00:59,POINT(8.062028 52.388531)
https://www.openstreetmap.org/node/3368644590,,,,,,,2015-02-23T18:22:43,POINT(8.059753 52.417920)
https://www.openstreetmap.org/node/3369422075,,,,,,2024-02-15,2024-02-15T15:34:35,POINT(12.747196 50.741792)
https://www.openstreetmap.org/node/3369991978,,,,,24/7,2021-10-22,2025-09-05T19:54:21,POINT(8.776164 49.356018)
https://www.openstreetmap.org/node/3369992523,Offenes Bücherregal Mauer,,,,24/7,,2015-02-24T11:56:15,POINT(8.799905 49.339272)
https://www.openstreetmap.org/node/3369993467,Offenes Bücherregal Waldhilsbach,,,,24/7,,2017-09-09T07:01:47,POINT(8.770973 49.372401)
https://www.openstreetmap.org/node/3369993468,Neckargemünder Bücherregal,,,,24/7,2026-06-15,2026-06-15T14:19:06,POINT(8.799504 49.393144)
https://www.openstreetmap.org/node/3370743018,,,,,24/7,2023-02-11,2023-02-11T12:15:59,POINT(7.693247 47.919693)
https://www.openstreetmap.org/node/3370768595,,,,,24/7,2025-07-26,2025-07-26T06:28:06,POINT(7.661003 47.614500)
https://www.openstreetmap.org/node/3370998457,,,Bürgerstiftung Lüchow,,,2022-08-09,2022-08-12T15:39:42,POINT(11.155853 52.967208)
https://www.openstreetmap.org/node/3371093190,,,,,24/7,2024-11-24,2024-11-24T21:32:08,POINT(8.450924 50.137854)
https://www.openstreetmap.org/node/3371094436,,,,,24/7,,2015-02-24T23:10:10,POINT(8.191457 49.976110)
https://www.openstreetmap.org/node/3371553299,,,Mercator Stiftung,,24/7,2026-04-21,2026-04-21T21:26:49,POINT(6.859981 51.476276)
https://www.openstreetmap.org/node/3372028593,Bücher BOX,,AWG,https://www.awg-wuppertal.de/web/awg.php,Tu-Fr 10:00-18:00;Sa 07:30-16:00,,2026-05-25T15:25:00,POINT(7.151542 51.273145)
https://www.openstreetmap.org/node/3372051096,Bücher BOX,,AWG,https://www.awg-wuppertal.de/web/awg.php,"Mo,Tu,Th,Fr 10:00-18:00;Sa 07:30-16:00",,2026-05-25T15:25:00,POINT(7.096013 51.247936)
https://www.openstreetmap.org/node/3372200218,,,,,24/7,2025-10-29,2025-10-29T11:39:15,POINT(7.730253 47.882189)
https://www.openstreetmap.org/node/3372200219,,,Lions Club Bad Krozingen-Staufen,,24/7,2025-10-29,2025-10-29T13:37:34,POINT(7.732494 47.883880)
https://www.openstreetmap.org/node/3372916790,,,,,,2026-02-28,2026-02-28T17:23:40,POINT(12.106515 54.077560)
https://www.openstreetmap.org/node/3372916792,Tauschkiste,,,,,2024-09-24,2024-09-24T08:09:02,POINT(12.097803 54.093074)
https://www.openstreetmap.org/node/3372919293,Tauschkiste,,,,,2024-09-24,2024-09-24T08:11:10,POINT(12.097593 54.093097)
https://www.openstreetmap.org/node/3373407763,Offener Bücherschrank Holzminden,vitrine,Luthergemeinde Holzminden,,24/7,2022-10-11,2026-05-19T09:59:49,POINT(9.445579 51.828597)
https://www.openstreetmap.org/node/3373897706,Der Bücherwurm,,,,Mo-Sa 08:00-21:30,2022-04-09,2026-07-08T10:57:30,POINT(8.572199 52.201315)
https://www.openstreetmap.org/node/3374728354,Bücherzelle,phone_box,,,,2023-08-28,2023-08-28T18:01:14,POINT(11.632389 52.155885)
https://www.openstreetmap.org/node/3375488988,Bücherwald,,,,,2026-04-02,2026-04-02T17:37:36,POINT(13.419373 52.538149)
https://www.openstreetmap.org/node/3376118005,,metal_cabinet,Agenda 21 Durmersheim,,,2023-10-03,2024-12-26T22:40:07,POINT(8.273006 48.937770)
https://www.openstreetmap.org/node/3377601527,Bücherschränk,phone_box,,,,2025-12-05,2026-01-05T09:32:30,POINT(8.902651 50.140027)
https://www.openstreetmap.org/node/3378058068,,,,,Mo-Su 09:00-16:00,,2015-03-01T16:06:27,POINT(12.808451 48.554133)
https://www.openstreetmap.org/node/3379739881,Öffentlicher Bücherschrank,,Caritas,,,,2024-10-14T08:32:39,POINT(6.752602 51.421508)
https://www.openstreetmap.org/node/3381399755,,wooden_cabinet,SWSG,,,2025-04-19,2025-06-15T15:18:31,POINT(9.232571 48.746084)
https://www.openstreetmap.org/node/3381930407,OFFENES BÜCHERREGAL,metal_cabinet,Stadt Lippstadt,,24/7,2025-12-24,2025-12-24T00:59:42,POINT(8.347492 51.672135)
https://www.openstreetmap.org/node/3382573495,öffentlicher Bücherschrank,metal_cabinet,,https://www.essen.de/leben/kultur_/foerderung/buecherschraenke_in_essen.de.html,24/7,,2024-10-14T04:37:28,POINT(7.005553 51.438223)
https://www.openstreetmap.org/node/3382573496,,,,https://www.rwe.com/web/cms/de/1754614/rwe-deutschland-ag/engagement/regionales-engagement/rwe-buecherschraenke/standorte/,,,2023-11-10T00:44:50,POINT(6.979986 51.462629)
https://www.openstreetmap.org/node/3383473547,OBCZ,,,https://www.bookcrossing.com/mybookshelf/ObczFlensburg/,Mo-Su 10:00-22:00,,2024-03-09T12:51:16,POINT(9.435163 54.781908)
https://www.openstreetmap.org/node/3383494768,OBCZ Kiel,,,https://www.bookcrossing.com/mybookshelf/obcz-kiel/,Mo-Fr 08:00-18:00; Sa 09:00-18:00,,2025-08-03T12:41:32,POINT(10.133642 54.320463)
https://www.openstreetmap.org/node/3383607569,,,Stadtwerke Rodgau,,open; Dec 31 off; easter -40 days off,2026-06-10,2026-06-10T14:05:34,POINT(8.884227 50.025885)
https://www.openstreetmap.org/node/3383663697,Büchertausch,phone_box,,,,,2024-06-16T20:57:42,POINT(7.511952 51.625542)
https://www.openstreetmap.org/node/3384519002,,,,,,2026-07-23,2026-07-23T14:54:21,POINT(6.934172 51.167732)
https://www.openstreetmap.org/node/3384519003,,,,,,2024-04-25,2024-04-25T12:56:25,POINT(6.935815 51.169892)
https://www.openstreetmap.org/node/3385908158,,,isi hofen e.V.,https://www.isi-hofen.de/projekt-%C3%B6ffentlicher-b%C3%BCcherschrank/,,,2020-09-20T15:21:07,POINT(9.224856 48.835632)
https://www.openstreetmap.org/node/3388093948,,,,,,2022-08-07,2022-08-07T11:23:16,POINT(7.071183 50.774537)
https://www.openstreetmap.org/node/3388234597,Böckerschapp,,Gemeinde Radbruch,,,2024-07-14,2024-07-14T15:47:21,POINT(10.284982 53.310863)
https://www.openstreetmap.org/node/3388954094,,,,,24/7,,2023-01-20T01:16:48,POINT(8.850364 49.335173)
https://www.openstreetmap.org/node/3389265853,,,,,,2026-02-08,2026-02-08T13:08:25,POINT(13.389547 52.462748)
https://www.openstreetmap.org/node/3389866206,Bücherschrank Bad Münstereifel,metal_cabinet,RWE,,,2025-05-10,2025-08-20T17:51:44,POINT(6.765110 50.555573)
https://www.openstreetmap.org/node/3390064195,Reichenbacher offene Bibliothek,phone_box,,,24/7,,2025-10-21T15:15:42,POINT(8.692527 49.712503)
https://www.openstreetmap.org/node/3390369139,Bücherregal,,,,Mo-Sa 08:00-20:00,2021-12-31,2021-12-31T22:36:29,POINT(9.714096 53.280821)
https://www.openstreetmap.org/node/3391243394,Bürgerstiftung Siegen,,Bürgerstiftung Siegen,,Mo-Su 08:00-20:00,2024-02-03,2024-02-06T06:26:36,POINT(8.017449 50.874595)
https://www.openstreetmap.org/node/3392472641,OBCZ Westküste,,,https://www.bookcrossing.com/mybookshelf/Obcz-Westkueste/,Mo-Su 08:00-20:00,2025-08-05,2025-08-05T19:57:07,POINT(8.756523 54.681393)
https://www.openstreetmap.org/node/3393201735,Buchstation,phone_box,Werkhof Witten,,,,2025-06-29T22:21:06,POINT(7.317601 51.442118)
https://www.openstreetmap.org/node/3393457474,,metal_cabinet,Arbeiterwohlfahrt Wesseling,,,,2015-11-07T12:33:22,POINT(6.986613 50.823990)
https://www.openstreetmap.org/node/3393457475,Bücherschrank Rathaus,metal_cabinet,Kunstverein Wesseling,,"Mo 07:30-16:00, Tu 07:30-13:00; 14:00-18:00, We 07:30-13:00, Th 07:30-13:00; 14:00-16:00, Fr 07:30-12:30",2022-06-23,2022-06-23T10:14:22,POINT(6.981696 50.824854)
https://www.openstreetmap.org/node/3394403505,Büchertauschbörse,,,,Mo-Fr 15:00-18:00,,2015-03-11T20:31:06,POINT(9.309759 51.574159)
https://www.openstreetmap.org/node/3395485271,,,,,24/7,2021-08-06,2021-08-06T14:20:49,POINT(11.545897 49.759383)
https://www.openstreetmap.org/node/3395685894,,metal_cabinet,,,24/7,2025-05-09,2025-05-09T19:29:22,POINT(9.226347 48.465712)
https://www.openstreetmap.org/node/3395710520,Bücherschrank,metal_cabinet,Beverungen Marketing e.V.,,24/7,2024-05-04,2025-06-09T15:03:31,POINT(9.374786 51.664101)
https://www.openstreetmap.org/node/3396954628,,,,,24/7,2025-08-16,2025-08-16T06:00:53,POINT(7.948843 47.551207)
https://www.openstreetmap.org/node/3398536191,,,,,24/7,,2015-03-14T18:18:12,POINT(10.044217 52.632000)
https://www.openstreetmap.org/node/3400306049,,wooden_cabinet,,,,2024-08-04,2024-08-04T09:26:34,POINT(7.082236 51.014905)
https://www.openstreetmap.org/node/3401823863,Lesebaum,sculpture,"Eigenbetrieb ""Tourismus und Wirtschaft""",https://www.karlshagen.de/kontakt,24/7,2024-08-10,2026-02-17T17:54:56,POINT(13.841454 54.121848)
https://www.openstreetmap.org/node/3401836353,Buchtauschzelle,phone_box,"Familie Vratny, Karlshagen",,24/7,2026-07-08,2026-07-08T11:43:51,POINT(13.837006 54.119989)
https://www.openstreetmap.org/node/3402698577,,,,,,2025-03-24,2025-03-24T18:53:59,POINT(8.218508 50.009119)
https://www.openstreetmap.org/node/3409712386,Flussterminal,,,,24/7,2025-05-16,2025-05-16T18:20:19,POINT(9.502776 51.302429)
https://www.openstreetmap.org/node/3410423407,,,,,,2026-04-20,2026-04-20T16:43:12,POINT(7.256332 51.539262)
https://www.openstreetmap.org/node/3414661010,,wooden_cabinet,Stadtteiloffensive Hiltrup e. V.,https://muenster-hiltrup.de/stadtteiloffensive-hiltrup-e-v/projekte/offener-buecherschrank,24/7,2022-06-04,2025-12-09T09:33:00,POINT(7.664862 51.905743)
https://www.openstreetmap.org/node/3414702599,Bücherschrank Rathaus Steinmauern,,,,"Mo-Fr 08:00-12:30, Mo 14:00-16:00, We 14:00-18:00",,2024-07-14T12:58:15,POINT(8.199011 48.900261)
https://www.openstreetmap.org/node/3414938332,Buch-O-Mat,reading_box,,,,,2018-02-14T07:21:45,POINT(8.576146 49.512098)
https://www.openstreetmap.org/node/3415124042,Haßlinghauser Bücherzelle,phone_box,,,24/7,2026-02-14,2026-02-14T13:46:46,POINT(7.279135 51.334153)
https://www.openstreetmap.org/node/3415771211,Bücherzelle,phone_box,,,24/7,2025-03-22,2025-03-23T07:11:46,POINT(9.928926 51.474869)
https://www.openstreetmap.org/node/3419146815,Offener Bücherschrank,metal_cabinet,Stadt Troisdorf,,,2022-01-07,2022-03-10T20:23:55,POINT(7.117805 50.827657)
https://www.openstreetmap.org/node/3421217961,,,Pinkenburger Kreis,,,2025-10-25,2025-10-25T17:26:21,POINT(9.798824 52.402987)
https://www.openstreetmap.org/node/3440511443,,,,,24/7,2024-03-29,2024-03-29T15:17:51,POINT(6.838261 51.768437)
https://www.openstreetmap.org/node/3442438372,Bücherbüchse,,,,,2025-02-09,2025-02-09T09:13:00,POINT(12.082303 54.177665)
https://www.openstreetmap.org/node/3444505740,RWE Bücherschrank,metal_cabinet,,,24/7,,2015-04-08T09:09:44,POINT(9.182239 51.717340)
https://www.openstreetmap.org/node/3445942132,,,,,24/7,2024-07-07,2024-07-07T10:34:54,POINT(10.694048 53.832485)
https://www.openstreetmap.org/node/3446031516,,,,,Mo-Th 07:00-15:00;Fr 07:00-14:00,,2015-04-09T06:23:15,POINT(9.699932 53.744951)
https://www.openstreetmap.org/node/3447572644,Offener Bücherschrank,phone_box,Gemeinde Denzlingen,,24/7,2025-07-14,2025-07-14T15:08:23,POINT(7.883234 48.066981)
https://www.openstreetmap.org/node/3447595164,,phone_box,,,,2025-05-24,2025-05-24T15:15:03,POINT(7.844480 47.994848)
https://www.openstreetmap.org/node/3447602393,Ebneter Bücherhäusle,phone_box,Ortsverwaltung Ebnet,,,2025-05-30,2025-05-30T16:59:31,POINT(7.905381 47.987715)
https://www.openstreetmap.org/node/3447603108,,shelf,,,24/7,2026-05-01,2026-05-02T11:58:09,POINT(7.856383 47.965650)
https://www.openstreetmap.org/node/3454096187,,,,,,2024-04-18,2025-04-12T16:00:00,POINT(9.801285 52.420002)
https://www.openstreetmap.org/node/3459036647,,,,,,2023-01-02,2025-06-01T11:07:28,POINT(10.063395 50.592440)
https://www.openstreetmap.org/node/3459037512,,,,,,2024-10-05,2024-10-05T10:14:10,POINT(10.065028 50.590933)
https://www.openstreetmap.org/node/3460388549,Laurentius Bücherbox,,,,24/7,,2021-08-22T20:32:24,POINT(8.460324 49.027996)
https://www.openstreetmap.org/node/3461537972,,metal_cabinet,,,,,2024-08-15T18:10:03,POINT(6.856880 50.932262)
https://www.openstreetmap.org/node/3476013225,Bücherboxx,phone_box,,,,2026-05-19,2026-05-19T13:50:31,POINT(13.266459 52.413201)
https://www.openstreetmap.org/node/3493571624,,phone_box,,,,,2021-06-10T17:09:09,POINT(6.765086 50.555362)
https://www.openstreetmap.org/node/3508097594,Oberhauer Bücherkiste,phone_box,Bürgerverein Eudenbach,,,,2021-08-03T13:52:20,POINT(7.336847 50.687101)
https://www.openstreetmap.org/node/3508748162,,phone_box,Bürgerverein Etzhorn,,Mo-Su 10:00-16:00,,2023-05-03T16:57:05,POINT(8.242676 53.185317)
https://www.openstreetmap.org/node/3510334748,Öffentlicher Bücherschrank von Wörlitz,phone_box,Antiquariat im Schiefen Haus,,24/7,2025-05-03,2025-05-04T21:06:38,POINT(12.423130 51.842123)
https://www.openstreetmap.org/node/3510406222,Tauschbücherei,phone_box,,,24/7,2021-10-23,2023-08-19T22:13:45,POINT(9.702028 53.476642)
https://www.openstreetmap.org/node/3516611278,Buch-Bude,phone_box,,,24/7,,2015-05-14T16:47:14,POINT(9.285070 51.531401)
https://www.openstreetmap.org/node/3517766159,Bücherbahnhof,phone_box,Bürger machen mit e.V.,,24/7,,2024-06-20T01:16:58,POINT(9.541718 54.502658)
https://www.openstreetmap.org/node/3525626858,,,,,,2026-04-23,2026-04-23T11:33:55,POINT(8.425331 51.176251)
https://www.openstreetmap.org/node/3534472554,Schriesheimer Bücherregal,,,,24/7,2026-07-09,2026-07-09T12:17:06,POINT(8.665143 49.475158)
https://www.openstreetmap.org/node/3535537599,,metal_cabinet,Rheinhessische Energie- und Wasserversorgungs-GmbH,,24/7,2026-02-08,2026-02-08T14:11:16,POINT(8.023599 49.990875)
https://www.openstreetmap.org/node/3538631127,Bücher-Oase,phone_box,Freundeskreis Hallenbad Neureut,,24/7,2026-06-08,2026-06-08T17:17:36,POINT(8.385533 49.050746)
https://www.openstreetmap.org/node/3540736869,,,,http://www.cafe-unterrosphe.de,Mo-Sa 14:00-18:00; Tu off; Su 09:00-18:00; PH 09:00-18:00,,2025-02-27T21:53:55,POINT(8.770704 50.888489)
https://www.openstreetmap.org/node/3541884786,,,,,24/7,2026-04-26,2026-04-26T13:03:31,POINT(8.438175 49.316878)
https://www.openstreetmap.org/node/3544538385,,glass_cabinet,,,24/7,2024-08-23,2024-08-23T13:37:40,POINT(10.987676 49.479731)
https://www.openstreetmap.org/node/3549542141,,,,,,,2024-09-23T08:59:36,POINT(7.214190 51.472561)
https://www.openstreetmap.org/node/3557696672,,fridge,,,24/7,,2026-02-15T09:47:49,POINT(7.987372 47.577958)
https://www.openstreetmap.org/node/3558255714,,,Allbau,,,2024-02-11,2024-03-01T21:32:19,POINT(7.038570 51.452234)
https://www.openstreetmap.org/node/3566303193,Büchertausch -Telefonzelle,phone_box,ASta&StINa der Uni Kassel,,24/7,2024-10-08,2024-10-08T17:23:08,POINT(9.504950 51.322036)
https://www.openstreetmap.org/node/3566308265,Büchertauschschrank,metal_cabinet,Kassel West e.V.,,,2023-07-22,2023-07-22T10:08:11,POINT(9.473527 51.315407)
https://www.openstreetmap.org/node/3568184693,,,,,,2023-09-20,2023-09-20T15:52:34,POINT(7.233168 51.372390)
https://www.openstreetmap.org/node/3573715793,,Bücherbaum,,,,,2024-10-25T17:40:11,POINT(7.031538 49.489273)
https://www.openstreetmap.org/node/3576462075,,,,,,2024-08-11,2024-10-03T15:26:33,POINT(7.809802 48.253540)
https://www.openstreetmap.org/node/3579699793,,,,,,,2022-09-12T18:44:25,POINT(8.066938 51.405257)
https://www.openstreetmap.org/node/3579708509,Öffentliches Bücherregal,,IBAHS e.V.,,,,2015-06-08T06:37:34,POINT(8.355114 51.442779)
https://www.openstreetmap.org/node/3582802857,,phone_box,,,,2025-10-11,2025-10-11T17:59:23,POINT(9.929570 52.150578)
https://www.openstreetmap.org/node/3585093332,Öffentlicher Bücherschrank,,Wir auf Marli;Albert-Schweitzer-Schule,,24/7,2025-12-20,2025-12-20T09:58:01,POINT(10.720028 53.864232)
https://www.openstreetmap.org/node/3585727793,Bücherschrank am Platz der Einheit,glass_cabinet,Lions-Club Potsdam,,24/7,2025-02-14,2025-06-12T08:36:40,POINT(13.058248 52.399185)
https://www.openstreetmap.org/node/3585880203,,wooden_cabinet,,,,,2024-10-15T13:08:29,POINT(13.955836 54.062135)
https://www.openstreetmap.org/node/3602191558,,phone_box,Zonta Club,,24/7,,2018-11-12T20:48:58,POINT(8.702592 48.890278)
https://www.openstreetmap.org/node/3613411404,Öffentliches Bücherregal Wieblingen,,Aktion Leselust Bürgerstiftung Heidelberg,http://www.buergerstiftung-heidelberg.de/projekte/aktion-leselust/,,2026-07-26,2026-07-26T18:39:18,POINT(8.647788 49.425514)
https://www.openstreetmap.org/node/3631948761,Bücherbaum,,,,,2026-06-23,2026-06-23T06:10:04,POINT(9.059934 48.450701)
https://www.openstreetmap.org/node/3634187454,,,,,,,2015-07-04T12:11:32,POINT(7.124572 50.697672)
https://www.openstreetmap.org/node/3634474703,,phone_box,Kunst- und Kulturverein Roding e.V.,,,,2025-09-10T06:17:15,POINT(12.518573 49.196117)
https://www.openstreetmap.org/node/3643264366,Essen-Haarzopf,,Bürgerverein Essen-Haarzopf,,24/7,2026-05-25,2026-05-25T21:59:01,POINT(6.960650 51.420918)
https://www.openstreetmap.org/node/364382846,Schmökerbude,phone_box,Quartiersentwicklung Kempen,https://unser-quartier.de/hagelkreuz/,,,2022-09-28T07:04:52,POINT(6.411384 51.370232)
https://www.openstreetmap.org/node/3647599729,,phone_box,,,24/7,2024-09-30,2025-01-21T16:51:31,POINT(8.780624 50.193536)
https://www.openstreetmap.org/node/3659389006,Bücherzelle,phone_box,"""Schongau belebt""",,24/7,2026-02-17,2026-02-17T21:20:56,POINT(10.897393 47.811884)
https://www.openstreetmap.org/node/3660437727,,phone_box,,,,,2020-05-08T15:31:03,POINT(8.866091 49.997997)
https://www.openstreetmap.org/node/3662324350,,,,,,2025-08-28,2025-08-28T11:33:16,POINT(7.116786 50.957908)
https://www.openstreetmap.org/node/3662324987,,,,,,2025-08-28,2025-08-28T11:33:16,POINT(7.116751 50.957902)
https://www.openstreetmap.org/node/3665434973,,phone_box,,,,,2021-11-27T23:00:14,POINT(7.406015 49.537870)
https://www.openstreetmap.org/node/3674176625,Bücherbaum,,,,24/7,,2023-07-03T20:51:06,POINT(9.069482 50.085110)
https://www.openstreetmap.org/node/3675876240,,shelf,,,,2024-09-01,2024-09-01T12:30:21,POINT(8.840301 49.272061)
https://www.openstreetmap.org/node/3676303309,RWE Bücherschrank,metal_cabinet,Bibliothek am Markt,,24/7,2025-08-24,2025-08-24T18:12:12,POINT(6.272938 51.213219)
https://www.openstreetmap.org/node/3677734769,Bücherzelle Bülstedt,phone_box,,,,,2024-05-27T03:15:05,POINT(9.161139 53.208593)
https://www.openstreetmap.org/node/3681464369,,shelf,Staats- und Universitätsbibliothek,,,2024-04-29,2024-04-29T11:28:32,POINT(8.853953 53.107958)
https://www.openstreetmap.org/node/3683563526,Bücherschrank Neue Straße,wooden_cabinet,Private Initiative,,,2025-02-03,2025-02-03T12:32:13,POINT(9.206073 52.637546)
https://www.openstreetmap.org/node/3685929394,Bücherbox Asendorf,,,,,,2016-12-21T12:01:20,POINT(9.011777 52.768033)
https://www.openstreetmap.org/node/3689832712,,metal_cabinet,,,24/7,2023-09-06,2023-09-06T07:34:18,POINT(6.994495 51.441444)
https://www.openstreetmap.org/node/3689956849,,wooden_cabinet,,http://www.werkstatt-treff.de/html/buecherschrank.html#19,24/7,2025-05-17,2025-05-25T17:09:28,POINT(9.763342 52.340042)
https://www.openstreetmap.org/node/3691585874,,,,,24/7,,2015-08-11T15:27:50,POINT(8.962669 53.970554)
https://www.openstreetmap.org/node/3692437325,,,Stadtteilkulturarbeit,,24/7,,2022-06-20T14:48:11,POINT(9.828291 52.346615)
https://www.openstreetmap.org/node/3693292917,,wooden_cabinet,,,24/7,,2015-08-12T12:00:01,POINT(7.697363 53.070535)
https://www.openstreetmap.org/node/369818916,,,Städte-Partnerschaftskreis Unterhaching e.V.,,,2023-07-30,2023-07-30T18:16:20,POINT(11.610183 48.065878)
https://www.openstreetmap.org/node/3699747362,Öffentliches Bücherregal,,,,,,2015-08-16T13:06:26,POINT(10.916272 52.205689)
https://www.openstreetmap.org/node/3705325307,Bücherschrank Oberrad,,,,,2023-10-06,2023-10-06T10:10:53,POINT(8.724273 50.100549)
https://www.openstreetmap.org/node/3705377442,Miltenberger Bücherschrank,metal_cabinet,,https://www.stadt-miltenberg.de/aktuelles.asp?naviid=DFF5D0AB-72A9-487E-A9EA-1904E0E2C59C&ORGID=%7BC2606B69-6374-487A-84C8-C8EDBD31DF55%7D,09:00-20:00,2025-08-03,2025-08-03T14:38:11,POINT(9.257870 49.701498)
https://www.openstreetmap.org/node/3710875017,,,,,24/7,2026-01-02,2026-01-02T10:13:41,POINT(7.567079 51.350912)
https://www.openstreetmap.org/node/3713245939,,,,,24/7,,2020-10-03T19:25:03,POINT(9.260955 52.447590)
https://www.openstreetmap.org/node/3719139276,RWE Bücherschrank,,RWE,,24/7,2024-02-24,2024-02-24T10:35:20,POINT(6.696044 51.035841)
https://www.openstreetmap.org/node/3721206326,,phone_box,,,"Mo-Th 09:00-15:00, Fr 09:00-13:00",2025-07-15,2026-07-08T16:17:14,POINT(8.777448 50.786139)
https://www.openstreetmap.org/node/3721459819,Öffentliches Bücherregal,phone_box,,,,2025-03-14,2025-03-14T21:26:10,POINT(9.063412 48.800094)
https://www.openstreetmap.org/node/3724164123,Offener Bücherschrank Barntrup,phone_box,,,,,2021-09-19T00:46:05,POINT(9.115972 51.990685)
https://www.openstreetmap.org/node/3732539082,Hohnstorfer Bücherzelle,phone_box,,,24/7,2023-07-10,2023-08-19T22:26:30,POINT(10.562267 53.362591)
https://www.openstreetmap.org/node/3736464863,,,,,,2023-06-10,2024-11-17T22:54:40,POINT(6.964731 50.919197)
https://www.openstreetmap.org/node/3736476689,,,,,,2024-09-11,2024-09-11T17:56:05,POINT(6.971171 50.907823)
https://www.openstreetmap.org/node/3736477218,,,,,,2021-06-13,2024-11-11T21:47:16,POINT(6.953909 50.919820)
https://www.openstreetmap.org/node/3742677341,Märchenpilz,,,https://www.kassel-live.de/2015/09/11/maerchenpilz-wird-gut-angenommen/,,2025-05-28,2025-05-28T19:37:04,POINT(9.468618 51.285717)
https://www.openstreetmap.org/node/3749811114,"Isensee, Niederkögt",,,,,,2023-05-15T11:07:02,POINT(9.212601 53.738079)
https://www.openstreetmap.org/node/3750496353,,,,,,,2019-09-15T13:41:36,POINT(9.095416 47.829566)
https://www.openstreetmap.org/node/3750609420,,,,,,,2015-09-19T15:58:22,POINT(9.214890 47.770120)
https://www.openstreetmap.org/node/3750797128,,phone_box,,,,,2015-09-19T18:53:16,POINT(8.975062 49.325140)
https://www.openstreetmap.org/node/3751455092,,,,,,,2024-05-02T20:03:51,POINT(6.882607 51.426534)
https://www.openstreetmap.org/node/3754077539,,,,,,2015-09-21,2016-01-10T11:00:15,POINT(10.023042 54.585056)
https://www.openstreetmap.org/node/3763267776,,,,,24/7,2024-02-27,2024-06-05T17:31:12,POINT(8.687525 49.402900)
https://www.openstreetmap.org/node/3775199319,,wooden_cabinet,,https://schwachhausen-online.de/buchschrank/,,2026-05-10,2026-05-10T16:18:30,POINT(8.854698 53.083888)
https://www.openstreetmap.org/node/3791736522,Bücherbaum,sculpture,,,24/7,,2024-01-18T13:04:47,POINT(7.027891 49.539988)
https://www.openstreetmap.org/node/3792073250,Öffentlicher Bücherschrank,,,http://www.buergermentoren.de/Projekte/Projekte_des_Monats/__%C3%96ffentlicher-B%C3%BCcherschrank-PR-9.html,,,2024-10-29T07:42:10,POINT(9.796309 48.801727)
https://www.openstreetmap.org/node/379523274,,,,,,,2025-10-20T09:45:24,POINT(13.305755 52.448015)
https://www.openstreetmap.org/node/3796905966,,phone_box,,,24/7,,2020-11-10T18:07:59,POINT(7.529305 51.737958)
https://www.openstreetmap.org/node/3797316380,Öffentliches Bücherregal,,Bürgerstiftung Kernen i.R.,,"Mo-Su,PH 00:00-23:55",2025-08-17,2025-08-17T14:36:51,POINT(9.320822 48.807830)
https://www.openstreetmap.org/node/3801731182,Bücherbox,phone_box,,,,2025-12-18,2025-12-18T09:17:21,POINT(13.615572 52.372309)
https://www.openstreetmap.org/node/3803951223,,,,,,,2015-10-26T18:55:52,POINT(8.775591 50.007690)
https://www.openstreetmap.org/node/3807325592,,metal_cabinet,,,,2025-07-13,2025-07-13T15:07:07,POINT(8.629753 50.103588)
https://www.openstreetmap.org/node/3811004589,,metal_cabinet,Lions Club,,24/7,2024-07-28,2024-07-28T14:56:36,POINT(8.407938 48.940939)
https://www.openstreetmap.org/node/3820640285,,phone_box,,,24/7,2024-09-29,2024-09-29T09:49:43,POINT(7.087299 50.643112)
https://www.openstreetmap.org/node/3826166932,,metal_cabinet,,,,2025-02-14,2025-02-14T13:49:07,POINT(9.013233 50.147254)
https://www.openstreetmap.org/node/3831600769,,glass_cabinet,Stadtteiltreff Brühl-Beurbarung,http://www.bruehl-beurbarung.de,24/7,2025-10-29,2025-10-29T20:15:30,POINT(7.847109 48.005843)
https://www.openstreetmap.org/node/3832248003,,,Mehrgenerationenhaus,,,,2017-01-30T10:20:19,POINT(10.451271 51.205787)
https://www.openstreetmap.org/node/3836288357,,,,,,,2015-11-14T20:09:39,POINT(8.579604 53.520237)
https://www.openstreetmap.org/node/3837801655,,,,,,,2022-04-24T17:37:15,POINT(9.884313 53.873179)
https://www.openstreetmap.org/node/3846292766,Cunnersdorfer Bücherhaltestelle,shelter,,,,,2015-11-20T07:59:11,POINT(14.113810 50.885954)
https://www.openstreetmap.org/node/3858580914,Bücheregal,,,,,2025-08-12,2025-08-12T19:39:40,POINT(13.758653 51.068062)
https://www.openstreetmap.org/node/3858582829,Bücher Box Messe Dresden,phone_box,Messe Dresden,,,2021-05-16,2022-05-23T14:00:35,POINT(13.716324 51.068822)
https://www.openstreetmap.org/node/3862570145,s'Bücherhäusle,phone_box,,,24/7,2022-03-27,2022-03-27T07:41:38,POINT(9.855201 48.615278)
https://www.openstreetmap.org/node/3865927760,,,,,,2024-12-25,2024-12-25T17:33:51,POINT(8.506130 52.035749)
https://www.openstreetmap.org/node/3867073704,,,,,,2024-04-20,2024-04-20T10:26:53,POINT(7.986589 51.952777)
https://www.openstreetmap.org/node/3888561745,,phone_box,,,,,2023-03-26T17:15:23,POINT(8.358982 50.139779)
https://www.openstreetmap.org/node/3890673159,,wooden_cabinet,,,24/7,2024-05-12,2024-05-12T12:30:06,POINT(6.510346 51.574712)
https://www.openstreetmap.org/node/3895162066,Öffentlicher Bücherschrank,,Stadt Bernau bei Berlin,,,2024-07-16,2024-07-16T07:23:41,POINT(13.588089 52.678299)
https://www.openstreetmap.org/node/3900008610,Die Schmökerstube,phone_box,,,,,2024-05-26T01:39:35,POINT(8.255422 53.054543)
https://www.openstreetmap.org/node/3901586896,,,Gemeinde Kirchardt,,24/7,,2015-12-20T16:29:18,POINT(8.981599 49.183838)
https://www.openstreetmap.org/node/3901586898,,,Gemeinde Kirchardt,,24/7,,2015-12-20T16:29:18,POINT(8.965908 49.203505)
https://www.openstreetmap.org/node/3901604788,,phone_box,Gemeinde Leingarten,,24/7,,2015-12-20T16:34:29,POINT(9.124279 49.143244)
https://www.openstreetmap.org/node/3902541148,,,Literaturbüro Nordrhein-Westfalen e .V.,https://literaturbuero-nrw.de/,,2023-02-23,2023-11-06T07:51:58,POINT(6.781972 51.242646)
https://www.openstreetmap.org/node/3902789936,,metal_cabinet,,,,2025-04-05,2025-04-05T07:13:19,POINT(8.711084 50.128631)
https://www.openstreetmap.org/node/3906017240,Bücherschrank Weiskirchen,,,,,2025-01-13,2025-01-13T13:12:17,POINT(8.884577 50.053110)
https://www.openstreetmap.org/node/3923562327,,phone_box,Café Buschheuer,,24/7,2023-08-07,2026-05-04T21:32:01,POINT(6.905139 50.827304)
https://www.openstreetmap.org/node/3924201803,FRIDA - öffentlicher Büchertausch,phone_box,Kulturverein Zauche e.V.,,24/7,,2023-08-28T19:28:38,POINT(12.835221 52.252816)
https://www.openstreetmap.org/node/3924399842,,glass_cabinet,Kulturausschuss Leopoldstal,,,,2023-07-12T07:57:15,POINT(8.969630 51.847670)
https://www.openstreetmap.org/node/3925882987,,wooden_cabinet,,,24/7,2025-10-25,2025-10-25T12:10:34,POINT(8.483521 48.945933)
https://www.openstreetmap.org/node/3925882988,Grünwettersbacher Bücherschrank,metal_cabinet,,,24/7,2025-10-25,2025-10-25T16:17:00,POINT(8.470142 48.955622)
https://www.openstreetmap.org/node/3925882989,,phone_box,,,24/7,2026-03-08,2026-03-08T18:01:29,POINT(8.454375 48.977979)
https://www.openstreetmap.org/node/3925882990,,,,,24/7,2024-07-16,2024-07-16T07:34:23,POINT(8.496576 49.006382)
https://www.openstreetmap.org/node/3925882991,Neureut Bücher-Oase,phone_box,,,24/7,2025-02-27,2025-02-27T15:58:08,POINT(8.386745 49.031988)
https://www.openstreetmap.org/node/3925882992,Offener Bücherschrank,,Bürgerverein Waldstadt e.V.,,24/7,2023-09-30,2023-09-30T19:28:50,POINT(8.443264 49.041600)
https://www.openstreetmap.org/node/3925888823,,phone_box,,,24/7,2026-07-19,2026-07-18T22:37:52,POINT(8.389791 49.008462)
https://www.openstreetmap.org/node/3926951441,,,,,24/7,2025-07-05,2025-07-05T13:41:50,POINT(8.835667 49.407943)
https://www.openstreetmap.org/node/3942388245,Offenes Bücherregal,phone_box,J. Schüle,,,,2016-01-13T09:12:17,POINT(9.981818 48.482108)
https://www.openstreetmap.org/node/3947832345,Bücherbaum,,stadtwerke,https://www.sw-greifswald.de/Unternehmen/Sponsoring,,2026-05-24,2026-05-24T21:49:23,POINT(13.387608 54.093997)
https://www.openstreetmap.org/node/3955711475,Bücher-Tausch-Zelle,phone_box,Stadtbibliothek Euskirchen,,24/7,2024-12-25,2024-12-25T13:18:35,POINT(6.787543 50.661251)
https://www.openstreetmap.org/node/3959776147,Bücherzelle,phone_box,Privat,,,,2023-11-22T15:09:00,POINT(12.082297 50.542560)
https://www.openstreetmap.org/node/3978429481,,,,,,2026-04-08,2026-04-08T10:40:30,POINT(10.979964 48.354978)
https://www.openstreetmap.org/node/3985796972,"Bücherzelle ""Lese-Tiger""",phone_box,Interessengemeinschaft Lange Straße,https://www.bookcrossing.com/hunt/28/967/66410/642001,Mo-Fr 10:00-18:00; Sa 10:00-16:00; Su 14:00-18:00,2023-08-20,2023-11-04T13:31:56,POINT(7.998608 53.184707)
https://www.openstreetmap.org/node/3993119785,Die Bücherbox,phone_box,Stadt Schwentinental,,24/7,2024-10-29,2024-10-29T15:59:09,POINT(10.214504 54.308530)
https://www.openstreetmap.org/node/4004553289,,shelf,,,24/7,,2016-02-13T18:39:35,POINT(8.980946 49.243870)
https://www.openstreetmap.org/node/4005598389,Offener Bücherschrank,phone_box,Gemeinde Oberderdingen,,24/7,,2017-10-17T15:32:10,POINT(8.770460 49.046989)
https://www.openstreetmap.org/node/4009057384,,,,,,2025-09-22,2025-09-22T12:38:57,POINT(8.643638 53.884914)
https://www.openstreetmap.org/node/4009348501,,wooden_cabinet,Bücherei Plankstadt,,,2025-06-08,2025-06-08T16:56:03,POINT(8.594508 49.392330)
https://www.openstreetmap.org/node/4011421744,,,,,,2025-11-20,2025-11-20T15:25:06,POINT(8.317603 50.161920)
https://www.openstreetmap.org/node/4016242801,Büchertelefonzelle Matthäuskirche,phone_box,,,,2022-06-24,2022-06-23T22:31:58,POINT(8.488588 49.454009)
https://www.openstreetmap.org/node/4029354495,,,,,,2025-03-23,2025-03-23T10:15:13,POINT(9.184543 52.718057)
https://www.openstreetmap.org/node/4039181172,,wooden_cabinet,,,24/7,2025-07-10,2025-07-10T15:50:19,POINT(7.820779 51.681947)
https://www.openstreetmap.org/node/4039541962,,,,,,2024-07-25,2024-07-25T17:33:15,POINT(7.994211 49.216947)
https://www.openstreetmap.org/node/4040851110,,phone_box,,,,,2024-01-17T09:05:49,POINT(8.477631 48.965580)
https://www.openstreetmap.org/node/4041413027,,metal_cabinet,,,24/7,2024-07-07,2025-08-24T18:07:53,POINT(8.704689 48.894729)
https://www.openstreetmap.org/node/4043926627,,shelf,,,24/7,2025-10-03,2025-10-03T14:16:28,POINT(9.331917 48.837944)
https://www.openstreetmap.org/node/4050043818,,phone_box,,,24/7,,2016-03-09T09:50:49,POINT(9.086729 49.272026)
https://www.openstreetmap.org/node/4051745811,Niedergerner Bücherzelle,,,,,2022-05-28,2022-06-06T18:57:00,POINT(12.867797 48.229523)
https://www.openstreetmap.org/node/4052798995,,,,,,2026-05-19,2026-05-19T12:06:30,POINT(8.286870 50.007889)
https://www.openstreetmap.org/node/4052798996,,,,,,,2016-03-10T11:44:13,POINT(8.254106 50.063547)
https://www.openstreetmap.org/node/4055183063,Das offene Bücherregal,,,,,,2020-10-17T11:11:19,POINT(9.398273 48.875956)
https://www.openstreetmap.org/node/4064728197,erster öffentlicher Bücherschrank in Ratingen,metal_cabinet,Dumeklemmerstiftung,https://www.Dumeklemmerstiftung.de,24/7,2025-05-03,2025-05-03T13:31:12,POINT(6.850205 51.297361)
https://www.openstreetmap.org/node/4071430490,,phone_box,,,,2025-04-06,2025-04-06T08:25:59,POINT(7.193376 50.673793)
https://www.openstreetmap.org/node/4071524791,Bücherschrank,,,,,2023-06-07,2024-05-27T13:50:57,POINT(8.307877 52.361112)
https://www.openstreetmap.org/node/4071529479,Bücherschrank,,,,,2025-07-19,2025-07-19T12:47:05,POINT(8.341510 52.319780)
https://www.openstreetmap.org/node/4071540621,Bücher Telefonzelle,phone_box,,,,2021-10-23,2026-07-03T20:21:54,POINT(10.165484 53.541990)
https://www.openstreetmap.org/node/4071551639,Bücherschrank,,,,,,2016-03-21T11:06:13,POINT(8.540551 52.341762)
https://www.openstreetmap.org/node/4095443582,Die kleine Bücherei am Gartenzaun,,,,,2025-08-04,2025-12-25T06:32:39,POINT(10.857887 48.041779)
https://www.openstreetmap.org/node/4099628394,Bleidenstadter Bücherbörse,,,,,,2017-06-13T17:56:25,POINT(8.137424 50.137393)
https://www.openstreetmap.org/node/4105761998,,phone_box,Stadtbibliothek Wadern,,,,2024-05-28T12:48:18,POINT(6.889792 49.540187)
https://www.openstreetmap.org/node/4116057725,,,Bürgerstiftung im Landkreis Nienburg,,,,2026-02-05T07:59:34,POINT(9.482891 52.663676)
https://www.openstreetmap.org/node/4116356609,,phone_box,,,,,2026-06-06T14:03:07,POINT(8.056709 50.191017)
https://www.openstreetmap.org/node/4126308609,,reading_box,,,24/7,2023-05-01,2023-05-01T08:43:17,POINT(11.008506 49.579459)
https://www.openstreetmap.org/node/4129954916,Lese-Oase,metal_cabinet,Janina Holl,not yet available,,2025-05-04,2025-05-04T10:15:04,POINT(8.028047 52.265547)
https://www.openstreetmap.org/node/4133232096,,,,,,2025-11-30,2025-11-30T22:42:03,POINT(7.610628 50.358344)
https://www.openstreetmap.org/node/4138633239,,wooden_cabinet,,,,2026-05-02,2026-05-13T20:21:49,POINT(9.120186 48.520857)
https://www.openstreetmap.org/node/4146325464,,,,,,,2016-04-25T09:12:44,POINT(8.473881 49.595996)
https://www.openstreetmap.org/node/4157221325,Offener Bücherschrank Pasing,glass_cabinet,,,24/7,2026-04-12,2026-04-12T15:49:23,POINT(11.461786 48.146836)
https://www.openstreetmap.org/node/4167721098,,metal_cabinet,,,24/7,2025-03-22,2025-05-28T05:08:59,POINT(8.245809 49.981987)
https://www.openstreetmap.org/node/4177026926,Offenes Bücherregal,,,,,2026-07-04,2026-07-04T05:54:07,POINT(10.498464 47.622577)
https://www.openstreetmap.org/node/4180069150,Bücherbox,phone_box,,,,,2024-06-01T01:48:30,POINT(8.358115 53.079529)
https://www.openstreetmap.org/node/4188111895,,metal_cabinet,,,24/7,2024-05-04,2024-05-04T17:18:55,POINT(7.742083 51.797272)
https://www.openstreetmap.org/node/4190617140,Runkeler Lesekiste,phone_box,,,,2024-07-31,2024-07-31T11:00:04,POINT(8.155185 50.405168)
https://www.openstreetmap.org/node/419112019,,,,http://www.werkstatt-treff.de/html/buecherschrank.html#0,24/7,2026-01-19,2026-01-19T16:46:19,POINT(9.745609 52.389929)
https://www.openstreetmap.org/node/419478915,,,,,24/7,2025-12-05,2025-12-05T07:05:34,POINT(9.685060 52.393477)
https://www.openstreetmap.org/node/420256229,,phone_box,,,,,2025-06-10T17:05:50,POINT(7.309432 50.514224)
https://www.openstreetmap.org/node/4205814095,Wiblinger Bücherkiste,distribution_box,,,,2026-06-28,2026-06-28T18:58:49,POINT(9.988562 48.360362)
https://www.openstreetmap.org/node/4205825594,Offener Bücherschrank,metal_cabinet,Stadt Neu-Ulm,,,2025-07-26,2025-07-26T20:54:09,POINT(10.004759 48.396806)
https://www.openstreetmap.org/node/4209616124,,building,Lions Club Villingen,,24/7,2026-07-17,2026-07-17T13:34:19,POINT(8.459920 48.059839)
https://www.openstreetmap.org/node/4218692708,,,,,,2026-01-18,2026-01-18T16:01:18,POINT(6.098067 50.783768)
https://www.openstreetmap.org/node/4228761390,,phone_box,Grüne Jugend Werne,,,,2024-06-16T20:49:27,POINT(7.634812 51.664635)
https://www.openstreetmap.org/node/4231538790,Öffentlicher Bücherschrank,phone_box,,,,2025-04-13,2025-07-20T16:48:29,POINT(6.990982 49.230773)
https://www.openstreetmap.org/node/4241627696,Telefonzelle,phone_box,,,24/7,2025-11-05,2025-11-05T16:50:00,POINT(6.782292 51.430140)
https://www.openstreetmap.org/node/4247849470,Offener Bücherschrank,phone_box,Bürgerstiftung Haldern e.V.,,24/7,,2024-05-26T00:39:57,POINT(6.461214 51.776056)
https://www.openstreetmap.org/node/4253085702,BuchCelle,phone_box,,,,,2024-06-09T22:25:45,POINT(10.185291 52.553247)
https://www.openstreetmap.org/node/4253162496,Bücherschrank Campingplatz Burhave,,Knauscamp,,,,2016-06-19T17:45:41,POINT(8.368867 53.585015)
https://www.openstreetmap.org/node/4259611598,Bücherschrank Rohrsen,,Bürgerstiftung Nienburg,,,,2016-06-22T23:03:36,POINT(9.241543 52.703263)
https://www.openstreetmap.org/node/4260142721,OBCZ,phone_box,Bookcrossing,,24/7,,2024-06-20T01:18:19,POINT(10.125501 53.586225)
https://www.openstreetmap.org/node/4295811511,,,,,,2025-08-13,2025-08-13T16:42:18,POINT(7.222904 51.280225)
https://www.openstreetmap.org/node/4297673199,Bücherkiste,,,,,2025-11-09,2025-11-09T15:50:47,POINT(7.821569 47.649932)
https://www.openstreetmap.org/node/4297686525,,,,,,2026-07-23,2026-07-23T15:11:37,POINT(8.332358 48.124555)
https://www.openstreetmap.org/node/430866198,,phone_box,,,,,2025-07-21T18:45:56,POINT(12.974663 52.362985)
https://www.openstreetmap.org/node/4315460199,,metal_cabinet,Offene Bücherschränke Sendling-Westpark e.V.,,24/7,2026-05-17,2026-05-17T10:05:38,POINT(11.526603 48.116819)
https://www.openstreetmap.org/node/4320634077,,phone_box,,,,2025-05-25,2025-05-25T16:16:34,POINT(8.444391 50.087408)
https://www.openstreetmap.org/node/4322774548,,wooden_cabinet,,,24/7,2023-04-30,2023-04-30T19:25:29,POINT(11.430286 48.129004)
https://www.openstreetmap.org/node/4328106774,,phone_box,Gemeinde Otzberg,,,2025-11-16,2025-11-16T07:16:09,POINT(8.902222 49.832974)
https://www.openstreetmap.org/node/433677062,,,,,,,2024-03-15T06:10:52,POINT(10.714020 53.857657)
https://www.openstreetmap.org/node/4340135906,,wooden_cabinet,,,24/7,2023-10-01,2023-10-01T15:12:47,POINT(10.554058 53.373862)
https://www.openstreetmap.org/node/4341376224,,shelf,Strandbad Seewinkel,,,2024-10-18,2024-10-18T14:56:22,POINT(11.167310 47.997196)
https://www.openstreetmap.org/node/4349098993,,,,,24/7,,2025-11-15T12:29:21,POINT(9.931131 51.535229)
https://www.openstreetmap.org/node/4353055527,,,,,24/7,,2024-05-25T21:17:01,POINT(9.894471 51.532462)
https://www.openstreetmap.org/node/4358926828,,,,,24/7,2023-10-18,2023-10-18T16:50:34,POINT(9.167637 47.666483)
https://www.openstreetmap.org/node/4359387295,Bücherschrank,,ISG Osterstraße / Königstraße e.V. (ISG),,24/7,,2016-08-20T21:51:17,POINT(6.618080 51.838622)
https://www.openstreetmap.org/node/4360248282,,,nachbarschaft köln-mülheim nord e.V.,https://buergerstiftung-koeln.de/projekte/buecherschraenke/,24/7,,2026-02-10T16:54:28,POINT(7.010282 50.972120)
https://www.openstreetmap.org/node/4362458915,,phone_box,,,,,2016-08-23T08:35:11,POINT(9.895853 48.352731)
https://www.openstreetmap.org/node/4364220063,Bücherkiste,,,,24/7,,2017-10-01T23:15:57,POINT(10.872041 53.963255)
https://www.openstreetmap.org/node/4365231416,,,,,,2024-08-26,2024-08-26T16:25:18,POINT(7.010036 51.193206)
https://www.openstreetmap.org/node/4366665291,,,Bürgerverein Grünwinkel e.V.,,24/7,2024-06-06,2024-06-06T13:39:28,POINT(8.355621 49.003036)
https://www.openstreetmap.org/node/4375264685,,,,,24/7,2025-12-02,2025-12-02T06:14:30,POINT(8.911953 49.337150)
https://www.openstreetmap.org/node/4376053001,,,,,24/7,2025-09-30,2025-09-30T11:27:28,POINT(6.951207 51.257959)
https://www.openstreetmap.org/node/4382277540,,wooden_cabinet,Jugendhaus Sankt Kilian,,24/7,2024-12-27,2024-12-27T14:23:21,POINT(9.262737 49.704679)
https://www.openstreetmap.org/node/4384822138,Kultur Kiste,,,,24/7,2025-07-27,2025-07-27T11:02:23,POINT(10.687901 53.851229)
https://www.openstreetmap.org/node/4386326389,,,,,,,2016-09-05T21:47:22,POINT(8.596752 52.000055)
https://www.openstreetmap.org/node/4392112944,BücherboXX / BiblioboXX,phone_box,Institut für Nachhaltigkeit,https://buecherboxx.com/,,2024-05-27,2024-05-27T12:07:38,POINT(13.338410 52.558387)
https://www.openstreetmap.org/node/4397490477,Öffentlicher Bücherschrank,,Lions Club Koblenz,,,2025-01-24,2026-06-21T00:26:19,POINT(7.588752 50.345899)
https://www.openstreetmap.org/node/4408318925,Bücherbox,phone_box,,,,2026-07-25,2026-07-25T11:20:39,POINT(13.280760 52.396268)
https://www.openstreetmap.org/node/4408673764,,,,,"Mo-Su,PH 00:00-24:00",,2026-05-17T18:48:58,POINT(9.148198 52.453370)
https://www.openstreetmap.org/node/4414639668,,wooden_cabinet,,,24/7,2026-05-05,2026-05-05T07:52:54,POINT(10.715421 52.418167)
https://www.openstreetmap.org/node/4417323285,Büchertelefonzelle Bökerstuuv,phone_box,Förderverein der Grundschule Leerhafe-Ardorf e. V.,,Mo-Fr 08:30-18:00; Sa 08:30-13:00; PH off,2021-04-25,2021-07-18T14:47:48,POINT(7.781454 53.528929)
https://www.openstreetmap.org/node/4417375488,Lesetankstelle,,,,"Mo,We,Fr,PH 11:00-17:00",,2019-11-08T12:09:54,POINT(7.839428 53.487774)
https://www.openstreetmap.org/node/4417387480,Baumbibliothek,,"Landeshauptstadt Stuttgart, Garten-Friedhofs-und-Forst-Amt",,24/7,2025-08-25,2025-08-25T18:43:52,POINT(9.088256 48.734967)
https://www.openstreetmap.org/node/4418760356,,,,,,2026-07-06,2026-07-06T19:37:49,POINT(9.725794 52.325860)
https://www.openstreetmap.org/node/4419292279,,phone_box,,,,2025-07-30,2025-07-30T06:38:46,POINT(7.436702 52.279410)
https://www.openstreetmap.org/node/4420742672,,wooden_cabinet,,,,2025-08-03,2025-08-03T17:05:12,POINT(8.230239 49.996672)
https://www.openstreetmap.org/node/4426178546,Gusbachs Bücher,phone_box,,,,2026-04-04,2026-04-04T17:58:23,POINT(8.336791 50.169860)
https://www.openstreetmap.org/node/4426838101,,,,,,2024-01-11,2024-06-18T18:33:59,POINT(6.879111 50.940400)
https://www.openstreetmap.org/node/4428186607,,,,,,2021-10-23,2021-10-23T16:09:09,POINT(8.088381 52.102642)
https://www.openstreetmap.org/node/4430434424,Bücherhäusle,phone_box,,,24/7,,2022-05-28T19:09:43,POINT(8.531195 48.940053)
https://www.openstreetmap.org/node/4430678646,BücherBox Burgwedel,phone_box,,,,2021-03-21,2024-06-09T22:32:25,POINT(9.853602 52.491767)
https://www.openstreetmap.org/node/4433888414,,,,,,,2020-04-01T10:23:26,POINT(13.023381 48.263303)
https://www.openstreetmap.org/node/4434786835,,,,,,,2021-09-16T07:45:33,POINT(12.093936 49.574983)
https://www.openstreetmap.org/node/4436497210,,,,,,2024-03-22,2024-03-22T15:38:13,POINT(9.203434 48.526692)
https://www.openstreetmap.org/node/4444063136,Oberlenninger Bücherhäusle,,,,,2026-06-27,2026-06-27T15:16:04,POINT(9.470360 48.550705)
https://www.openstreetmap.org/node/4455406889,,,,,,2024-03-16,2024-03-16T10:15:58,POINT(6.786940 51.331548)
https://www.openstreetmap.org/node/4455976047,,,,,,,2017-10-23T11:04:40,POINT(6.895999 50.965637)
https://www.openstreetmap.org/node/4456246781,,,,,,,2016-10-20T10:11:31,POINT(7.156328 52.301346)
https://www.openstreetmap.org/node/4460646526,,,,,,2022-11-05,2023-05-07T20:36:08,POINT(9.917200 52.161982)
https://www.openstreetmap.org/node/4470677160,,phone_box,,,,2025-08-08,2025-08-08T04:55:22,POINT(13.730737 51.029027)
https://www.openstreetmap.org/node/4471389718,,phone_box,,,,,2022-04-18T10:57:09,POINT(8.036368 49.785730)
https://www.openstreetmap.org/node/4479117642,,phone_box,,,,2025-03-20,2025-03-20T17:46:45,POINT(9.752584 52.384876)
https://www.openstreetmap.org/node/4488360843,,,,,,,2023-10-25T10:59:38,POINT(7.777439 51.023687)
https://www.openstreetmap.org/node/4494907290,Amnesty International,phone_box,Amnesty International Gruppe Papenburg,,,2024-06-11,2024-06-11T11:03:39,POINT(7.391596 53.080673)
https://www.openstreetmap.org/node/4502803068,,wooden_cabinet,,,24/7,,2022-05-22T18:57:12,POINT(8.643472 49.641241)
https://www.openstreetmap.org/node/4524647035,,,,,,2024-06-30,2024-09-17T09:31:44,POINT(11.031090 51.745810)
https://www.openstreetmap.org/node/4534948890,Bücherzelle,phone_box,Berliner Büchertisch e. V.,,,2024-06-03,2024-06-03T13:06:47,POINT(13.404163 52.512641)
https://www.openstreetmap.org/node/4543046940,Bücherschrank Wolfsburg-Vorsfelde,wooden_cabinet,,,24/7,2026-05-27,2026-05-27T18:18:46,POINT(10.838463 52.439410)
https://www.openstreetmap.org/node/4543053401,BücherboXX,phone_box,,https://buecherboxx.wordpress.com/,,2026-07-11,2026-07-11T14:27:36,POINT(13.386105 52.555990)
https://www.openstreetmap.org/node/4545623074,,,,,,2025-04-12,2025-04-12T18:34:07,POINT(10.091756 48.838850)
https://www.openstreetmap.org/node/456799784,,metal_cabinet,Bücherei Glattbach,,,,2020-11-30T21:59:28,POINT(9.150380 50.006785)
https://www.openstreetmap.org/node/4568186638,,,,,,2021-06-21,2021-06-21T17:25:09,POINT(8.204533 49.123413)
https://www.openstreetmap.org/node/4573968211,,,,,,2022-08-21,2022-08-21T18:46:42,POINT(9.125186 52.560194)
https://www.openstreetmap.org/node/4575147336,Bücherschrank Nibelungenplatz,metal_cabinet,,,24/7,2025-05-17,2025-05-17T12:28:25,POINT(10.527530 52.286470)
https://www.openstreetmap.org/node/4577438789,,,,,24/7,2026-05-07,2026-05-07T11:43:36,POINT(8.770609 50.122312)
https://www.openstreetmap.org/node/4577536814,Die lila Bücherzelle,phone_box,Evang.-Luth. Gemeinde St. Matthäus,,24/7,2023-12-27,2024-06-02T23:20:45,POINT(11.007604 49.584254)
https://www.openstreetmap.org/node/4583099902,Büchertausch,,SPD Arbeitsgruppe 60plus,,,2025-03-08,2025-03-08T13:32:45,POINT(9.571730 49.994389)
https://www.openstreetmap.org/node/4584124751,,wooden_cabinet,Förderverein St. Evergislus Brenig e. V.,,24/7,2026-05-05,2026-05-05T15:21:42,POINT(6.973331 50.755186)
https://www.openstreetmap.org/node/4591227187,,,,,,2022-12-28,2025-05-11T11:25:10,POINT(8.011842 49.664100)
https://www.openstreetmap.org/node/4591951098,Öffentlicher Bücherschrank,,,,24/7,2021-04-03,2021-04-03T15:00:50,POINT(10.799192 53.890852)
https://www.openstreetmap.org/node/4598467932,Plieninger Bücherregal,shelf,,,24/7,,2024-11-15T00:16:15,POINT(9.202755 48.710363)
https://www.openstreetmap.org/node/4634398745,Bücherschrank Eystrup,,,,,2025-08-21,2025-08-21T13:48:38,POINT(9.224997 52.781511)
https://www.openstreetmap.org/node/4634431957,Bücherschrank Dörverden,,,,,2024-01-04,2024-06-03T18:58:51,POINT(9.226152 52.846551)
https://www.openstreetmap.org/node/4665661102,,glass_cabinet,,,24/7,2025-02-18,2025-02-18T12:05:20,POINT(11.031434 49.656862)
https://www.openstreetmap.org/node/4678081450,Öffentlicher Bücherschrank im Foyer des Rathauses,,BAFF-Bürger Aktiv für Fellbach,http://ichbinbaff.de/multibaff/projekte/oeffentlicher-buecherschrank/,,2025-04-08,2025-04-08T10:30:06,POINT(9.275918 48.808267)
https://www.openstreetmap.org/node/4687336738,Michelbücherei,,Evangelisches Pfarramt,http://michelbach.de/html/michelbucherei.html,,,2017-02-15T18:16:25,POINT(8.710978 50.846497)
https://www.openstreetmap.org/node/4695793311,Seitenwechsel,phone_box,,,24/7,2022-11-01,2022-11-01T16:12:59,POINT(8.651709 48.829600)
https://www.openstreetmap.org/node/4699175455,,,,,24/7,2022-03-24,2022-03-24T09:40:43,POINT(9.067033 48.828564)
https://www.openstreetmap.org/node/4699940267,,metal_cabinet,,,24/7,,2024-04-06T12:55:52,POINT(11.454961 50.107862)
https://www.openstreetmap.org/node/4717377626,,,,,,2022-10-04,2022-10-07T16:32:22,POINT(11.140699 51.790385)
https://www.openstreetmap.org/node/4727953423,Kinderbücherschrank,phone_box,,,,,2023-05-20T17:53:56,POINT(8.648518 49.990718)
https://www.openstreetmap.org/node/4734197509,,metal_cabinet,,,24/7,2021-06-17,2021-06-21T14:15:08,POINT(9.034489 51.625386)
https://www.openstreetmap.org/node/4737642474,,phone_box,,,,,2026-07-04T12:17:03,POINT(7.230466 50.578133)
https://www.openstreetmap.org/node/4741170262,,phone_box,Ev. Öffentliche Bücherei,http://buecherei-remagen.de,24/7,2024-06-27,2024-06-27T17:41:20,POINT(7.230486 50.577932)
https://www.openstreetmap.org/node/4747075665,,,Ev. Öffentliche Bücherei,http://buecherei-remagen.de,,,2025-11-12T11:05:04,POINT(7.251340 50.574491)
https://www.openstreetmap.org/node/4756390475,,,,,,,2017-03-26T14:56:22,POINT(7.549245 50.946595)
https://www.openstreetmap.org/node/4756628891,,phone_box,LAUSL e. V.,,,2024-04-25,2024-04-25T18:27:17,POINT(13.626940 52.242914)
https://www.openstreetmap.org/node/4759259341,,phone_box,,,,2024-09-26,2024-09-26T12:39:52,POINT(6.889789 51.115284)
https://www.openstreetmap.org/node/4769872274,,,,,,2026-01-09,2026-01-09T20:11:25,POINT(8.254022 48.912845)
https://www.openstreetmap.org/node/477368695,Calenberger Neustadt,wooden_cabinet,Werkstatt-Treff Mecklenheide,https://www.werkstatt-treff.de/html/buecherschrank.html,24/7,,2025-07-06T12:01:41,POINT(9.728359 52.370937)
https://www.openstreetmap.org/node/478683457,Bücherwurm,phone_box,,,24/7,2026-05-03,2026-05-25T09:59:52,POINT(10.744036 53.732141)
https://www.openstreetmap.org/node/4796828473,,wooden_cabinet,,,,2025-11-20,2025-11-20T10:17:01,POINT(9.866407 49.837086)
https://www.openstreetmap.org/node/4797195226,Bibi,,,,,,2025-11-15T12:29:21,POINT(9.937446 51.527745)
https://www.openstreetmap.org/node/4805930054,,metal_cabinet,,,,2026-01-04,2026-01-04T15:31:27,POINT(8.714478 50.120297)
https://www.openstreetmap.org/node/4807610823,,wooden_cabinet,,,24/7,,2019-06-03T11:16:59,POINT(8.910073 49.137153)
https://www.openstreetmap.org/node/4810003031,,metal_cabinet,,,,2024-03-28,2024-03-28T13:58:23,POINT(7.401539 50.435337)
https://www.openstreetmap.org/node/4817727712,,,,,,2025-01-25,2026-05-08T23:26:33,POINT(8.657016 50.156670)
https://www.openstreetmap.org/node/4820005314,Dingelsdorfer Bücherkiste,shelter,,,,2025-11-02,2025-11-02T22:27:43,POINT(9.155912 47.738759)
https://www.openstreetmap.org/node/4820009792,,indoor,,,,,2024-09-06T10:44:41,POINT(9.172483 47.662878)
https://www.openstreetmap.org/node/4829538492,,,,,24/7,,2025-11-15T12:29:21,POINT(9.916584 51.526487)
https://www.openstreetmap.org/node/4834267435,,,,,,,2023-02-23T06:03:12,POINT(7.003630 51.462955)
https://www.openstreetmap.org/node/4838748450,,shelf,,,,,2017-05-06T15:54:22,POINT(8.675202 50.049734)
https://www.openstreetmap.org/node/4853604199,Öffentlicher Bücherschrank Rothenstein,wooden_cabinet,,https://www.bookcrossing.com/hunt/28/3379/56207/776158,,,2023-11-09T17:39:58,POINT(10.202679 47.867073)
https://www.openstreetmap.org/node/4861609069,RWE Bücherschrank,,,,24/7,2026-04-15,2026-04-15T05:35:16,POINT(7.038513 50.626972)
https://www.openstreetmap.org/node/4866230074,,,,,,2023-11-08,2023-11-08T17:22:08,POINT(7.499687 50.386339)
https://www.openstreetmap.org/node/4873488217,Blomberger Bücherdoosje,,,,24/7,2023-06-30,2023-06-30T15:10:45,POINT(9.094237 51.943675)
https://www.openstreetmap.org/node/4881500947,,,,,,2022-05-04,2024-05-30T21:06:19,POINT(6.992429 50.911799)
https://www.openstreetmap.org/node/4883900688,,,tegut,,Mo-Fr 07:00-18:30; Sa 07:00-13:00,,2017-05-29T16:34:18,POINT(8.935033 50.505147)
https://www.openstreetmap.org/node/4885106903,Schmökerzelle,phone_box,,,24/7,,2022-05-30T14:35:41,POINT(10.728148 53.713378)
https://www.openstreetmap.org/node/4885938035,,glass_cabinet,,,24/7,2026-03-09,2026-03-09T11:23:25,POINT(8.471423 49.492447)
https://www.openstreetmap.org/node/4888427287,Gelbe Bücherwechselstelle,phone_box,,,,2024-06-01,2024-06-01T19:32:13,POINT(14.166661 50.907544)
https://www.openstreetmap.org/node/4888564944,"Öffentlicher Bücherschrank ""Eselsohr""",,Bürgerstiftung Köln,https://buergerstiftung-koeln.de/projekte/buecherschraenke/,,2026-04-19,2026-04-19T09:25:43,POINT(7.044439 50.969696)
https://www.openstreetmap.org/node/4889611835,Bischerhäusje,phone_box,,,,2024-07-15,2024-07-15T16:40:47,POINT(8.435432 50.295706)
https://www.openstreetmap.org/node/4895175806,Büchertauschzelle,phone_box,Adventgemeinde Tübingen,,24/7,2025-05-27,2025-05-27T13:50:43,POINT(9.052945 48.511783)
https://www.openstreetmap.org/node/4895885086,,,RWE,,,2024-08-22,2024-08-22T12:31:29,POINT(6.989731 51.430801)
https://www.openstreetmap.org/node/4898199921,Öffentliches Bücherregal Walldorf,,Generationenbrücke Walldorf e.V.,,,2026-01-21,2026-01-21T13:42:30,POINT(8.641003 49.302541)
https://www.openstreetmap.org/node/4905834550,Bücherzelle Danziger Straße,phone_box,,https://www.bookcrossing.com/hunt/28/967/39320/800574,,,2024-05-30T01:26:18,POINT(10.556222 52.171982)
https://www.openstreetmap.org/node/4905834551,Bücher-Treff (Am Parkhaus Rosenwall),phone_box,,https://www.bookcrossing.com/hunt/28/967/39320/804078,,2025-07-21,2026-03-23T18:28:59,POINT(10.536335 52.164636)
https://www.openstreetmap.org/node/4906310934,,,,,,2024-01-15,2025-03-12T00:25:35,POINT(9.440086 48.810030)
https://www.openstreetmap.org/node/4906709424,BücherBOX,,,,24/7,,2023-02-17T21:26:02,POINT(8.408629 49.123415)
https://www.openstreetmap.org/node/4909449143,,wooden_cabinet,,,24/7,2023-03-18,2023-03-18T15:47:27,POINT(9.082220 52.712395)
https://www.openstreetmap.org/node/4910841949,Offener Bücherschrank Mindelheim,,,https://www.bookcrossing.com/hunt/28/3379/84734/820506,Mar-Oct 08:00-20:00,2021-11-30,2023-11-10T22:26:53,POINT(10.492049 48.050041)
https://www.openstreetmap.org/node/4912643983,Bibliothek Buche,,Jugendbeirat Hemelingen,,,2026-03-07,2026-03-07T20:04:29,POINT(8.887566 53.066960)
https://www.openstreetmap.org/node/4913714867,,metal_cabinet,,,,2024-09-06,2024-09-06T10:27:04,POINT(7.404307 50.438774)
https://www.openstreetmap.org/node/4918898333,,phone_box,,,24/7,,2024-06-22T16:28:21,POINT(12.182059 47.946449)
https://www.openstreetmap.org/node/4919129223,,,,http://hoerde-international.de/?p=396,,2026-06-28,2026-06-28T06:02:16,POINT(7.500233 51.490290)
https://www.openstreetmap.org/node/4919750939,,,,,,2023-06-13,2023-06-13T19:30:56,POINT(8.689016 49.388290)
https://www.openstreetmap.org/node/4919750953,,,,,,2025-11-20,2025-11-20T22:29:13,POINT(8.667154 49.383537)
https://www.openstreetmap.org/node/4919785889,,,,,,2025-05-05,2025-05-05T14:20:35,POINT(8.686456 49.427872)
https://www.openstreetmap.org/node/4921128797,,,,,24/7,2025-06-06,2025-06-06T05:47:59,POINT(10.963482 50.256479)
https://www.openstreetmap.org/node/4921133149,,wooden_cabinet,,,,2025-06-02,2025-06-02T20:59:15,POINT(8.216116 50.078588)
https://www.openstreetmap.org/node/4922153189,,,,,,2026-01-17,2026-01-17T13:19:01,POINT(8.622959 50.151224)
https://www.openstreetmap.org/node/4924995430,,,,,,2025-02-20,2025-02-20T14:05:05,POINT(8.625811 50.134011)
https://www.openstreetmap.org/node/4926588866,,metal_cabinet,Lesezeichen e. V.,,24/7,2025-04-28,2025-04-28T12:22:45,POINT(9.156627 47.767028)
https://www.openstreetmap.org/node/4926588867,Bücherzelle,,,,,2021-09-08,2022-01-11T06:58:46,POINT(9.237156 47.803903)
https://www.openstreetmap.org/node/492910459,,shelter,,,24/7,,2025-10-23T14:40:22,POINT(9.323638 48.438957)
https://www.openstreetmap.org/node/4932299570,Bücherschrank Steinfeld,phone_box,,,,2025-07-07,2025-07-07T12:35:43,POINT(6.563703 50.502582)
https://www.openstreetmap.org/node/4933369490,,,,,,2021-05-08,2021-05-08T08:05:49,POINT(10.016331 54.340983)
https://www.openstreetmap.org/node/4933591830,,,,,,2026-04-29,2026-04-29T05:05:20,POINT(7.106603 50.716624)
https://www.openstreetmap.org/node/4942632377,,,,,,2025-12-13,2025-12-13T14:57:25,POINT(8.380558 51.908285)
https://www.openstreetmap.org/node/4950175363,,metal_cabinet,,,24/7,2026-02-01,2026-02-01T14:16:43,POINT(8.208304 48.852515)
https://www.openstreetmap.org/node/4950795502,,,,,,2022-09-11,2022-09-11T16:19:39,POINT(8.782094 50.554832)
https://www.openstreetmap.org/node/4950795503,,metal_cabinet,,,24/7,2025-06-19,2025-06-19T10:47:29,POINT(8.673941 50.583911)
https://www.openstreetmap.org/node/4951168873,,glass_cabinet,,,,2026-07-04,2026-07-04T21:10:32,POINT(8.578242 48.944276)
https://www.openstreetmap.org/node/4955220996,Lesehäuschen,,Immoservice Mühlheim am Main GmbH,https://www.wohnbau-muehlheim.de/wohnbau-muehlheim-stiftet-ein-lesehaeuschen-fuer-die-buergerschaft,,,2019-03-09T06:53:25,POINT(8.852839 50.124871)
https://www.openstreetmap.org/node/4957176362,,phone_box,Adventgemeinde Bensheim,,24/7,,2022-09-16T22:49:11,POINT(8.613760 49.702356)
https://www.openstreetmap.org/node/4960728430,,,Stadt Schwentinental,,,2021-05-18,2021-05-19T20:02:59,POINT(10.240804 54.284100)
https://www.openstreetmap.org/node/4964666931,Straßenbibliothek,phone_box,,,,2024-12-29,2026-07-14T18:44:05,POINT(7.863828 48.006973)
https://www.openstreetmap.org/node/4964907159,Brodersdorfer Bücherbox,phone_box,,,,,2022-05-30T14:22:35,POINT(10.249227 54.386178)
https://www.openstreetmap.org/node/4968992677,,shelf,Stadt Verl,,,,2025-06-10T16:13:27,POINT(8.464812 51.889424)
https://www.openstreetmap.org/node/4979519795,,,,,,,2017-07-19T12:44:11,POINT(9.444282 53.742078)
https://www.openstreetmap.org/node/4980304744,Bücherregal Rohrbach,shelf,,,,2023-09-10,2023-09-10T20:28:51,POINT(8.691759 49.379337)
https://www.openstreetmap.org/node/498488554,,,,,,,2024-04-01T21:16:00,POINT(8.658203 51.959425)
https://www.openstreetmap.org/node/4994025865,,,,,,,2024-06-30T12:12:35,POINT(6.638479 50.953448)
https://www.openstreetmap.org/node/4995354312,öffentlicher Bücherschrank,shelter,,,,,2026-03-12T09:56:00,POINT(10.432019 52.353770)
https://www.openstreetmap.org/node/5005598702,öffentliches Buchregal,,Gemeinde Zimmern,,,,2017-07-31T17:55:43,POINT(8.534210 48.179051)
https://www.openstreetmap.org/node/5008103490,Offener Bücherschrank,phone_box,,,,,2017-08-01T19:41:14,POINT(9.387528 53.752091)
https://www.openstreetmap.org/node/5008103491,Offener Bücherschrank,phone_box,,,,,2021-08-28T01:26:29,POINT(9.385289 53.753632)
https://www.openstreetmap.org/node/5015671802,Eichenauer BuchHaltestelle,phone_box,Gemeinde Eichenau,https://www.eichenau.org/,24/7,2024-07-23,2024-07-23T21:52:36,POINT(11.328363 48.179036)
https://www.openstreetmap.org/node/5018109552,,,,,,2026-05-05,2026-05-05T13:47:34,POINT(6.619340 51.227585)
https://www.openstreetmap.org/node/5035354835,,,,,,,2017-08-14T19:52:51,POINT(8.675694 49.898390)
https://www.openstreetmap.org/node/5036051632,,shelter,,,24/7,,2024-03-28T15:37:02,POINT(9.881603 49.087220)
https://www.openstreetmap.org/node/5040881204,Bücherschrank Botanischer Garten,metal_cabinet,,,,2024-05-11,2024-05-11T12:26:34,POINT(8.657931 50.126208)
https://www.openstreetmap.org/node/5043444373,,phone_box,Botanischer Garten Augsburg,,,,2024-11-04T09:48:06,POINT(10.913639 48.349516)
https://www.openstreetmap.org/node/5045946757,,,,,,2024-04-25,2024-04-25T08:05:16,POINT(9.725151 52.603548)
https://www.openstreetmap.org/node/5046842072,Bücherzelle des Waldkindergartens,phone_box,Waldkinder Bad Münder e.V.,,,,2017-08-20T20:33:23,POINT(9.483110 52.210631)
https://www.openstreetmap.org/node/5056867402,,,,,,2024-12-23,2024-12-23T16:41:04,POINT(6.661752 49.759181)
https://www.openstreetmap.org/node/5060580316,Bücher in freier Natur,wooden_cabinet,,,24/7,2022-07-31,2026-05-09T14:50:57,POINT(8.729463 48.765445)
https://www.openstreetmap.org/node/5060708700,,phone_box,Förderverein Obersee & Orankesee e. V.,https://www.obersee-orankesee.de/,,,2026-04-13T17:34:44,POINT(13.488809 52.547313)
https://www.openstreetmap.org/node/5070098554,,,Café am Bichl,,,2022-02-10,2023-08-26T23:24:07,POINT(12.831067 48.155817)
https://www.openstreetmap.org/node/5070098555,Wöhrseebad,,Stadtbibliothek Burghausen,,,2025-04-12,2025-04-12T16:39:54,POINT(12.827239 48.156389)
https://www.openstreetmap.org/node/5071934872,Offener Bücherschrank Korbach,phone_box,,,24/7,2022-10-01,2025-05-01T19:54:27,POINT(8.871215 51.275941)
https://www.openstreetmap.org/node/5073570868,,metal_cabinet,Offene Bücherschänke im 19. Stadtbezirk,,,2025-03-04,2026-07-18T23:06:07,POINT(11.547121 48.100811)
https://www.openstreetmap.org/node/5075911349,,phone_box,Montessorischule Idstein,https://www.montessori-idstein.de,,,2026-06-06T14:07:03,POINT(8.260364 50.217543)
https://www.openstreetmap.org/node/5078825738,,metal_cabinet,,,,2025-01-12,2025-01-12T12:14:18,POINT(6.269095 50.979672)
https://www.openstreetmap.org/node/508055423,Günner Bücherschrank,wooden_cabinet,,,24/7,,2021-09-15T17:56:34,POINT(8.049175 51.495520)
https://www.openstreetmap.org/node/5105416714,BücherboXX,phone_box,BücherboXX,,,2023-10-03,2023-10-03T13:35:31,POINT(13.342750 52.449068)
https://www.openstreetmap.org/node/5111940469,,,,,,,2017-09-18T00:44:07,POINT(8.573620 49.294702)
https://www.openstreetmap.org/node/5113064212,Bücherschrank Bahnstadt,shelf,,https://chillr.de/offentliche-bucherregale-im-rhein-neckar-kreis/#standorte,,2024-08-04,2024-08-04T19:13:42,POINT(8.666025 49.403399)
https://www.openstreetmap.org/node/5119646117,,,,,,2026-07-17,2026-07-17T09:27:39,POINT(9.547048 52.119096)
https://www.openstreetmap.org/node/5121933829,,,,,,2024-06-28,2026-01-13T16:20:10,POINT(8.816939 48.794543)
https://www.openstreetmap.org/node/5121933830,,phone_box,,,24/7,2022-06-29,2022-06-29T12:48:43,POINT(8.780060 48.792566)
https://www.openstreetmap.org/node/5122710910,Buchschrank,,,,,,2019-05-17T23:56:36,POINT(12.221099 48.054265)
https://www.openstreetmap.org/node/5124390002,,,Freundeskreis der Stadtbücherei Korntal-Münchingen e.V.,,,2025-08-17,2025-08-17T18:04:47,POINT(9.122093 48.830451)
https://www.openstreetmap.org/node/512633288,,,Bürgerstiftung Bonn,,24/7,2025-12-10,2025-12-10T10:39:21,POINT(7.089622 50.739401)
https://www.openstreetmap.org/node/5131297581,,,,,,,2017-09-26T17:41:51,POINT(12.581163 54.409310)
https://www.openstreetmap.org/node/5138474081,Leselinde,metal_cabinet,,,,,2025-08-09T08:40:53,POINT(11.095380 49.460628)
https://www.openstreetmap.org/node/5143201836,,reading_box,,,,2026-06-10,2026-07-04T17:37:52,POINT(8.430688 49.008371)
https://www.openstreetmap.org/node/5145674769,,metal_cabinet,,,,,2017-10-03T18:19:32,POINT(7.558400 51.043910)
https://www.openstreetmap.org/node/5147457792,,metal_cabinet,,,24/7,2026-07-04,2026-07-04T08:36:18,POINT(8.461274 48.992863)
https://www.openstreetmap.org/node/5151840124,,,Evangelische Familien-Bildungsstätte,,,2024-07-31,2024-07-31T08:41:45,POINT(11.576029 49.941465)
https://www.openstreetmap.org/node/5153213662,,wooden_cabinet,,,24/7,2024-05-04,2024-05-04T13:09:11,POINT(8.970722 52.669642)
https://www.openstreetmap.org/node/5157680841,,wooden_cabinet,,,,2025-12-24,2025-12-24T11:30:30,POINT(11.077411 49.463306)
https://www.openstreetmap.org/node/5165138080,,,,,,,2017-10-13T12:30:36,POINT(9.913241 52.295573)
https://www.openstreetmap.org/node/5165790070,,phone_box,,,,2025-10-19,2025-10-19T14:22:06,POINT(9.763969 49.961251)
https://www.openstreetmap.org/node/5165894779,,,,,,2022-02-26,2022-02-26T16:54:02,POINT(12.227346 48.062554)
https://www.openstreetmap.org/node/5167817429,Offener Bücherschrank am Malteserhaus,phone_box,Malteser,,24/7,2024-07-27,2024-07-27T16:35:05,POINT(8.504299 51.642815)
https://www.openstreetmap.org/node/5169206684,,metal_box,,,,2022-11-04,2022-11-06T13:44:18,POINT(7.865039 51.329835)
https://www.openstreetmap.org/node/5172768851,,,,,24/7,2023-04-23,2023-04-23T08:56:21,POINT(7.026909 50.796429)
https://www.openstreetmap.org/node/5173110162,,metal_cabinet,Stadt Mühlacker,,24/7,2024-02-14,2024-11-15T00:16:15,POINT(8.840477 48.946559)
https://www.openstreetmap.org/node/5173121884,Öffentlicher Bücherschrank,shelter,Gemeinde Tiefenbronn,,24/7,2025-11-01,2025-11-01T12:46:58,POINT(8.798897 48.823782)
https://www.openstreetmap.org/node/5175463506,,,,,,2025-03-24,2025-03-24T13:14:26,POINT(6.707370 51.391225)
https://www.openstreetmap.org/node/5179331987,Baumbibliothek,,"Landeshauptstadt Stuttgart, Garten-Friedhofs-und-Forst-Amt",,,2025-10-04,2025-10-04T14:48:33,POINT(9.099936 48.732453)
https://www.openstreetmap.org/node/5179528932,,shelf,,,,,2017-10-21T11:54:02,POINT(7.796856 53.581476)
https://www.openstreetmap.org/node/5181506446,,,,,,2021-06-30,2021-06-30T09:07:45,POINT(10.769839 54.067008)
https://www.openstreetmap.org/node/5187387000,,shelter,,,,2023-04-24,2024-12-14T15:07:59,POINT(7.787378 51.982724)
https://www.openstreetmap.org/node/5188116962,,metal_cabinet,Offene Bücherschränke Schwabing-West e.V.,https://ackermannbogen-ev.de/kulturbuero/literatur/,,2025-11-11,2025-11-11T10:41:37,POINT(11.556530 48.163696)
https://www.openstreetmap.org/node/5191316190,,phone_box,,,,,2022-05-30T07:31:16,POINT(8.652104 49.916267)
https://www.openstreetmap.org/node/5202388227,,,,,,2025-03-25,2025-04-08T16:23:21,POINT(7.111136 51.480325)
https://www.openstreetmap.org/node/520309538,Fernsprecher,phone_box,,,,2025-08-21,2025-08-21T08:30:02,POINT(13.355885 52.620431)
https://www.openstreetmap.org/node/5205189521,,shelf,,,,,2024-11-02T01:11:14,POINT(7.001013 49.235781)
https://www.openstreetmap.org/node/5205189523,,shelf,Offener Bücherschrank Saarbrücken,https://obsb.tumblr.com/,,2024-06-05,2024-06-06T00:09:54,POINT(6.944841 49.239698)
https://www.openstreetmap.org/node/5205189524,,wooden_cabinet,Offener Bücherschrank Saarbrücken,https://obsb.tumblr.com/,,,2025-11-29T12:35:08,POINT(7.040102 49.255533)
https://www.openstreetmap.org/node/5205189525,,wooden_cabinet,Offener Bücherschrank Saarbrücken,https://obsb.tumblr.com/,,2022-10-31,2025-11-29T12:35:08,POINT(7.041415 49.255436)
https://www.openstreetmap.org/node/5205189527,Saarländische Universitäts- und Landesbibliothek,wooden_cabinet,,,,,2025-11-29T12:35:08,POINT(7.038926 49.253456)
https://www.openstreetmap.org/node/5205189528,,wooden_cabinet,Offener Bücherschrank Saarbrücken,https://obsb.tumblr.com/,,2021-03-25,2023-10-31T01:41:30,POINT(7.000619 49.234152)
https://www.openstreetmap.org/node/5209763940,Grisous englischer Buchladen,phone_box,,,"Mo off; Tu-Th 17:00-23:00; Fr 17:00-24:00; Sa 12:00-24:00; PH,Su 17:00-22:00",2024-08-18,2024-08-18T11:04:17,POINT(9.436353 54.783910)
https://www.openstreetmap.org/node/5210256532,BücherZelle,phone_box,Konglomerat e.V.,https://www.konglomerat.org/projekte/buecherzelle.html,,2024-10-30,2024-10-30T16:11:44,POINT(13.699072 51.042324)
https://www.openstreetmap.org/node/5210859767,,phone_box,Stadt Nidderau,,24/7,2024-05-10,2024-06-12T08:33:45,POINT(8.909342 50.256645)
https://www.openstreetmap.org/node/5212860434,Bücherzelle,phone_box,Bürger*innen,,,2024-12-05,2024-12-05T12:59:36,POINT(9.505695 51.311631)
https://www.openstreetmap.org/node/5219618385,,,,,,2024-08-26,2024-08-26T13:17:22,POINT(10.279012 47.512438)
https://www.openstreetmap.org/node/5226467168,Offene Bibliothek,shelf,,,,2025-11-30,2025-11-30T12:49:56,POINT(9.990638 48.398027)
https://www.openstreetmap.org/node/5226749939,offenes Bücherregal,,,,,,2017-11-13T17:13:58,POINT(11.123052 48.461098)
https://www.openstreetmap.org/node/5227329914,,,,,24/7,2025-01-26,2025-09-06T08:10:09,POINT(8.648096 49.399481)
https://www.openstreetmap.org/node/5234834964,,,,,,,2020-08-09T12:26:40,POINT(7.336862 50.843845)
https://www.openstreetmap.org/node/5238004569,,wooden_cabinet,,,,,2017-11-19T15:39:40,POINT(7.542369 50.810058)
https://www.openstreetmap.org/node/5238609346,Dorfbücherei,,,,,2024-11-29,2024-11-29T13:36:25,POINT(8.703321 50.674949)
https://www.openstreetmap.org/node/5244623134,,metal_cabinet,,,,2025-09-16,2025-09-16T08:42:13,POINT(7.468922 52.301325)
https://www.openstreetmap.org/node/5252796939,,,,,24/7,2025-06-27,2025-06-27T16:00:59,POINT(9.128344 48.957122)
https://www.openstreetmap.org/node/5253912447,,,,,,2023-10-31,2024-12-09T20:07:44,POINT(10.490828 48.852611)
https://www.openstreetmap.org/node/5255500572,Offener Bücherschrank,phone_box,H. u. H. Kaschade Stiftung,,,,2024-03-26T09:31:42,POINT(11.850108 52.614065)
https://www.openstreetmap.org/node/5257625434,Literaturhaus,building,,,24/7,2026-03-08,2026-03-08T15:58:49,POINT(11.808831 48.172297)
https://www.openstreetmap.org/node/5258663793,,metal_cabinet,,,24/7,2025-06-14,2025-06-14T10:39:40,POINT(8.558752 51.550757)
https://www.openstreetmap.org/node/5259848827,,,Gemeinde Möglingen,,,2025-09-13,2025-09-13T09:21:27,POINT(9.126758 48.886198)
https://www.openstreetmap.org/node/5259848828,,,,,,2025-01-23,2025-01-23T16:11:59,POINT(9.133949 48.891648)
https://www.openstreetmap.org/node/5260556321,,,Hardys,,,2023-12-05,2025-07-26T12:40:51,POINT(10.852079 48.060701)
https://www.openstreetmap.org/node/5270305744,,movable_cabinet,,,,2024-06-30,2024-06-30T09:52:22,POINT(8.486279 51.861317)
https://www.openstreetmap.org/node/5275506806,Büchertausch in der Telefonzelle,phone_box,,,,2024-04-23,2024-05-31T00:50:17,POINT(8.752340 50.333511)
https://www.openstreetmap.org/node/5281021391,öffentlicher Bücherschrank Kandel,glass_cabinet,,,,,2023-08-29T15:59:53,POINT(8.196261 49.081565)
https://www.openstreetmap.org/node/5304976579,Bücherhäusle Waldenbuch,phone_box,,,24/7,2025-12-23,2025-12-23T22:02:19,POINT(9.128333 48.636723)
https://www.openstreetmap.org/node/5308417304,Bücherhäusle,phone_box,,,24/7,,2024-03-29T11:33:08,POINT(9.138581 48.476856)
https://www.openstreetmap.org/node/5309042965,,,,,24/7,2024-10-27,2026-02-28T13:58:39,POINT(9.004014 49.678770)
https://www.openstreetmap.org/node/5310069879,,,,,,,2017-12-29T11:22:25,POINT(9.611946 49.084751)
https://www.openstreetmap.org/node/5320983850,,,,,,,2024-05-17T21:06:32,POINT(9.536945 48.858103)
https://www.openstreetmap.org/node/5321768199,,,,,,2025-08-15,2025-08-15T19:16:04,POINT(9.272959 47.692357)
https://www.openstreetmap.org/node/5325527222,,,"innogy, Stadt Voerde",,,2023-10-09,2023-10-09T08:47:16,POINT(6.680722 51.597305)
https://www.openstreetmap.org/node/5335255596,,,,,,2025-08-01,2025-08-01T20:15:43,POINT(8.803807 49.359563)
https://www.openstreetmap.org/node/5336564621,,phone_box,,,,2025-08-25,2026-05-04T12:10:22,POINT(13.896532 51.941598)
https://www.openstreetmap.org/node/5339197118,,,,,,2026-04-17,2026-04-17T16:31:27,POINT(8.364681 49.009043)
https://www.openstreetmap.org/node/5355355692,,metal_cabinet,,,,2025-05-16,2025-05-16T22:00:21,POINT(6.453867 51.661065)
https://www.openstreetmap.org/node/5366767780,,,,,,,2018-01-27T20:46:32,POINT(8.062456 52.246734)
https://www.openstreetmap.org/node/5370928263,,,,,,2026-05-10,2026-05-10T09:19:47,POINT(7.080416 50.697801)
https://www.openstreetmap.org/node/5378254017,,shelf,,,,2022-08-07,2022-08-07T14:25:48,POINT(8.811500 53.061708)
https://www.openstreetmap.org/node/5387564486,innogy Bücherschrank,metal_cabinet,Gemeindebücherei Brüggen,,24/7,2026-07-04,2026-07-05T06:02:57,POINT(6.183031 51.240876)
https://www.openstreetmap.org/node/5406021359,,phone_box,,,,2025-06-29,2025-06-29T08:19:08,POINT(10.808791 51.496999)
https://www.openstreetmap.org/node/5408180318,,,,,,2022-03-12,2022-03-12T16:44:21,POINT(9.172042 47.809228)
https://www.openstreetmap.org/node/5427856586,,,,,,2025-09-01,2025-09-01T10:53:48,POINT(6.993573 50.892566)
https://www.openstreetmap.org/node/5428400153,Öffentlicher Bücherschrank,phone_box,,,24/7,,2020-04-30T13:12:19,POINT(7.273251 49.241151)
https://www.openstreetmap.org/node/5428896676,Tauschwagen Sam,,Treff°,,We-Th 17:00-22:00; Fr 17:00-23:00; Sa 15:00-23:00; Su 15:00-20:00,,2022-10-19T23:01:12,POINT(7.345255 51.440491)
https://www.openstreetmap.org/node/5431258209,,metal_cabinet,,,24/7,,2025-11-16T07:34:34,POINT(8.525846 49.003767)
https://www.openstreetmap.org/node/5443524605,Tauschbücherei,phone_box,,,,,2022-05-24T13:36:35,POINT(10.820910 53.760340)
https://www.openstreetmap.org/node/5452288885,,metal_cabinet,,,,2025-07-27,2025-07-27T08:32:40,POINT(10.886325 49.892825)
https://www.openstreetmap.org/node/5457612539,,,Bücherei St. Georg in Kaster,,,2023-06-25,2024-01-26T06:41:01,POINT(6.552114 51.006326)
https://www.openstreetmap.org/node/5468309203,,,,,24/7,2025-08-20,2025-11-29T12:35:08,POINT(7.259910 49.239260)
https://www.openstreetmap.org/node/5473255668,,wooden_cabinet,Gemeinde Ilvesheim,,24/7,2022-07-17,2022-07-18T05:58:29,POINT(8.566177 49.471142)
https://www.openstreetmap.org/node/5513916102,,,,,,,2018-03-29T11:45:45,POINT(10.722843 48.872533)
https://www.openstreetmap.org/node/5518224174,,shelf,Stadtteilverein Schlierbach e.V.,,24/7,2024-04-24,2024-09-23T16:28:58,POINT(8.761179 49.415068)
https://www.openstreetmap.org/node/5519063042,,,,,,2023-12-15,2023-12-15T13:15:46,POINT(8.551064 52.013096)
https://www.openstreetmap.org/node/5522686343,,,,,,2024-10-09,2024-10-20T15:21:00,POINT(8.711846 49.999799)
https://www.openstreetmap.org/node/5528082278,,,,,24/7,2025-01-02,2025-01-02T09:36:06,POINT(8.882934 51.937600)
https://www.openstreetmap.org/node/5536224219,,metal_cabinet,,,,,2018-12-08T15:56:28,POINT(6.461629 51.834558)
https://www.openstreetmap.org/node/5538717508,Minibücherei Schönau,,,,,2024-05-20,2024-05-20T19:38:34,POINT(7.892832 47.785985)
https://www.openstreetmap.org/node/5541081061,Bücherzelle,phone_box,,,,,2021-11-25T22:34:47,POINT(13.036673 52.802263)
https://www.openstreetmap.org/node/5552235857,Bücherzelle,,,,,,2023-01-10T10:05:19,POINT(13.080294 54.329028)
https://www.openstreetmap.org/node/5554608143,Anne Frank Bücherschrank,,,,,2026-07-10,2026-07-10T19:21:15,POINT(8.670700 50.139049)
https://www.openstreetmap.org/node/5554631012,Bücherschrank Ginnheim - Höhenblick,,,,,2025-04-13,2025-04-13T14:40:20,POINT(8.654967 50.146952)
https://www.openstreetmap.org/node/5555857046,Bücherschrank,,,,24/7,,2022-08-25T21:53:17,POINT(8.844056 49.894714)
https://www.openstreetmap.org/node/5556231172,,,,,,2025-02-02,2025-02-02T08:29:09,POINT(7.971114 48.450446)
https://www.openstreetmap.org/node/5556371996,,,,,24/7,2025-08-02,2025-08-02T18:51:29,POINT(8.956960 49.957987)
https://www.openstreetmap.org/node/5556391565,,,Stern e.V.,,Tu 20:00-22:00; Fr 20:00-04:00; Sa 20:00-04:00,2024-05-06,2024-05-06T16:45:34,POINT(9.151474 49.977161)
https://www.openstreetmap.org/node/5556718695,DI-K6-15,,,,24/7,2025-05-24,2025-05-24T14:18:55,POINT(8.838573 49.898892)
https://www.openstreetmap.org/node/5557526037,,glass_cabinet,Familienzentrum Friedrichstal Kult Café,,,2025-02-16,2025-02-16T14:01:41,POINT(8.483657 49.101253)
https://www.openstreetmap.org/node/5562498629,Givebox Weibersbrunn,,,,24/7,,2020-10-07T08:03:33,POINT(9.347786 49.939976)
https://www.openstreetmap.org/node/5566768423,,glass_cabinet,Nachbarschaftshilfe Erding e.V.,,24/7,,2024-09-20T10:09:36,POINT(11.909671 48.307225)
https://www.openstreetmap.org/node/5573544754,,,,,,2025-08-19,2025-08-19T18:54:04,POINT(9.736950 52.580475)
https://www.openstreetmap.org/node/5575248530,Bücherbaum Bad Harzburg,wooden_cabinet,,,24/7,2026-05-30,2026-05-30T15:52:53,POINT(10.561200 51.875236)
https://www.openstreetmap.org/node/5575272477,,,,,,2026-01-13,2026-01-13T09:01:19,POINT(8.569419 49.974164)
https://www.openstreetmap.org/node/5575272478,,,,,,2026-01-13,2026-01-13T09:05:21,POINT(8.567764 49.975180)
https://www.openstreetmap.org/node/5580437060,,phone_box,,,,,2022-05-23T23:56:03,POINT(9.226044 49.901311)
https://www.openstreetmap.org/node/5586545672,,,,,24/7,2025-07-14,2025-07-14T08:55:49,POINT(7.505857 51.515995)
https://www.openstreetmap.org/node/5586599325,Bad Kötztinger Straßenbücherei,,,,,2025-12-21,2025-12-22T13:14:58,POINT(12.855370 49.176848)
https://www.openstreetmap.org/node/5588590225,,phone_box,,,24/7,,2019-04-27T11:01:01,POINT(8.990205 50.221151)
https://www.openstreetmap.org/node/5591486033,,metal_cabinet,Bürgerstiftung Nürnberg,,,2025-05-13,2025-05-13T13:10:44,POINT(11.081351 49.456740)
https://www.openstreetmap.org/node/5591883730,,,,,,2023-04-19,2023-04-19T16:36:19,POINT(12.385513 51.344485)
https://www.openstreetmap.org/node/5595075402,,,,,,2023-08-28,2023-08-28T17:44:44,POINT(6.358452 50.922006)
https://www.openstreetmap.org/node/5604704463,Bücherschrank,,,,,,2018-05-08T14:49:46,POINT(6.536114 51.507141)
https://www.openstreetmap.org/node/5604725276,,,,,,2024-12-28,2024-12-31T08:42:58,POINT(9.932360 49.795211)
https://www.openstreetmap.org/node/5613324020,,,,,,2026-01-25,2026-01-25T18:51:51,POINT(13.718874 51.061213)
https://www.openstreetmap.org/node/5615795077,Bücherbox,phone_box,Stadtwerke Glauchau Dienstleistungsgesellschaft mbH,,,,2022-04-02T18:37:50,POINT(12.550916 50.810435)
https://www.openstreetmap.org/node/5615804792,Bücherbox,building,Stadtwerke Glauchau Dienstleistungsgesellschaft mbH,,,2025-10-09,2025-10-09T11:17:30,POINT(12.515486 50.821341)
https://www.openstreetmap.org/node/5615804793,Bücherbox,phone_box,Stadtwerke Glauchau Dienstleistungsgesellschaft mbH,,,2022-05-28,2022-05-28T09:20:12,POINT(12.514030 50.831524)
https://www.openstreetmap.org/node/5617984211,,,Stadtbücherei Öhringen,,Mo-Fr 07:15-18:30; Sa 09:00-14:00,2025-02-02,2025-02-02T14:17:09,POINT(9.502673 49.203082)
https://www.openstreetmap.org/node/5618228053,Bücherbox,phone_box,Mieterbeirat der Degewo;Verein Offensiv 91,,,,2023-03-17T11:50:20,POINT(13.590253 52.442002)
https://www.openstreetmap.org/node/5622802401,,,,,,,2024-12-10T12:00:28,POINT(13.506781 52.856602)
https://www.openstreetmap.org/node/5622919049,Dorfbücherei,phone_box,,,,,2026-01-20T14:53:10,POINT(11.234186 47.699261)
https://www.openstreetmap.org/node/5633227712,,wooden_cabinet,,,24/7,,2023-09-20T18:18:20,POINT(11.584748 48.127212)
https://www.openstreetmap.org/node/5633242782,Bogenhauser Bücherschrank,glass_cabinet,,,,2026-01-04,2026-01-04T18:18:43,POINT(11.628888 48.154315)
https://www.openstreetmap.org/node/5638200470,,,,,24/7,,2026-03-14T08:10:41,POINT(7.483001 51.513050)
https://www.openstreetmap.org/node/5639732012,Öffentliches Bücherregal,,,,,,2018-05-26T21:31:29,POINT(9.635482 48.874640)
https://www.openstreetmap.org/node/5640274510,,metal_cabinet,Bürgerverein Köln-Bocklemünd/Mengenich e.V.,,,2025-08-27,2025-08-27T01:23:16,POINT(6.865932 50.972985)
https://www.openstreetmap.org/node/5645482081,,,,,,,2018-05-27T09:49:04,POINT(9.694016 49.683490)
https://www.openstreetmap.org/node/5645770510,Buchhaltestelle,wooden_cabinet,,,,2025-08-17,2025-08-17T10:11:41,POINT(8.933400 48.477885)
https://www.openstreetmap.org/node/5647739624,,,,,,2025-07-10,2026-01-20T14:46:02,POINT(12.119600 47.850199)
https://www.openstreetmap.org/node/5654519165,Büchertauschbörse,phone_box,Tourismus-Service Fehmarn,,,2025-07-05,2025-07-05T02:26:52,POINT(11.204894 54.410206)
https://www.openstreetmap.org/node/565604985,,,,,,2024-12-07,2024-12-07T18:47:26,POINT(9.111251 48.731994)
https://www.openstreetmap.org/node/5668910079,Tauschbox,,,,24/7,,2018-12-05T10:04:16,POINT(8.719630 50.588200)
https://www.openstreetmap.org/node/5669053296,"""zu verschenken""-Tisch",,,,,,2018-06-06T09:10:32,POINT(8.819649 49.874868)
https://www.openstreetmap.org/node/5670193621,Bücher-Buffet,wooden_cabinet,,,,2025-08-15,2025-08-15T11:45:26,POINT(12.772916 51.005030)
https://www.openstreetmap.org/node/5671541906,kleine Bibliothek,,,,24/7,2022-07-23,2022-07-28T09:04:53,POINT(8.700930 50.587728)
https://www.openstreetmap.org/node/5671819454,,,,,,,2023-07-24T16:55:57,POINT(8.112362 49.098295)
https://www.openstreetmap.org/node/5679868373,Bücher-Telefonzelle,phone_box,,,24/7,2025-11-02,2025-11-02T13:05:57,POINT(13.795729 51.146646)
https://www.openstreetmap.org/node/5685544116,,,,,,,2025-01-10T14:17:18,POINT(11.447322 53.891344)
https://www.openstreetmap.org/node/5692779417,Goethe’s Book Xchange,,Goethe-Universität Frankfurt am Main,,,2025-07-01,2025-07-01T17:04:47,POINT(8.668139 50.127392)
https://www.openstreetmap.org/node/5695979592,,,,,24/7,,2018-06-17T07:58:50,POINT(9.294651 54.018846)
https://www.openstreetmap.org/node/5697031828,,,,,,2026-05-03,2026-05-03T18:04:51,POINT(11.200337 48.066779)
https://www.openstreetmap.org/node/5699515639,OBCZ,,Universitätsbibliothek der TU Hamburg,,Mo-Fr 08:00-21:00; Sa 08:00-20:00; Su 10:00-20:00,,2025-06-07T19:53:03,POINT(9.969283 53.461029)
https://www.openstreetmap.org/node/570371986,Wambacher Bücherzelle,phone_box,,,,2026-04-12,2026-04-12T10:52:53,POINT(8.098205 50.108539)
https://www.openstreetmap.org/node/5705215387,Bücherhäusle im Dorfgärtle Pfrondorf,,NETZ e.V.,,,2025-02-16,2025-02-16T12:56:12,POINT(9.110063 48.549010)
https://www.openstreetmap.org/node/5712260760,,metal_cabinet,,,,2025-08-17,2025-08-17T18:10:46,POINT(6.194868 51.282744)
https://www.openstreetmap.org/node/5712268317,Bücherraum im Prinz-Georg-Garten,,,https://www.darmstadt.de/index.php?id=2874,,2025-05-28,2025-05-28T15:28:15,POINT(8.655417 49.879053)
https://www.openstreetmap.org/node/5712268318,,reading_box,,,,2026-01-10,2026-01-10T18:03:45,POINT(8.648556 49.878253)
https://www.openstreetmap.org/node/5724945858,Obernburger Bücherbox,wooden_cabinet,Lesezeichen - Förderverein der Stadtbücherei Obernburg e.V.,,,2025-07-04,2025-07-04T13:54:52,POINT(9.148995 49.841601)
https://www.openstreetmap.org/node/5731302948,Ahltener Bücherbox,,,,,2026-04-25,2026-04-25T15:25:35,POINT(9.908737 52.366252)
https://www.openstreetmap.org/node/5731307298,Bücher Haisla,,Stadtbibliothek Münchberg,,,2022-05-21,2022-05-21T16:49:56,POINT(11.791091 50.190139)
https://www.openstreetmap.org/node/5732673482,,,MachWerk München e. V.,,,2024-09-02,2024-09-02T13:15:36,POINT(11.531510 48.156578)
https://www.openstreetmap.org/node/5737783165,,wooden_cabinet,,,,2025-07-10,2025-07-10T18:14:01,POINT(9.828280 52.360981)
https://www.openstreetmap.org/node/5739841950,,shelf,,,,2025-07-27,2025-07-27T12:01:36,POINT(6.997522 49.235989)
https://www.openstreetmap.org/node/5750001248,,,,,24/7,2025-11-29,2025-11-29T12:08:23,POINT(10.838581 48.349949)
https://www.openstreetmap.org/node/5763595483,,,,,24/7,,2018-07-16T11:32:43,POINT(9.295941 54.083242)
https://www.openstreetmap.org/node/5767524580,,,,,,2026-06-18,2026-06-18T10:49:12,POINT(10.458396 52.963253)
https://www.openstreetmap.org/node/5767524581,,,,,,2024-07-28,2024-07-28T17:03:45,POINT(10.582343 52.905478)
https://www.openstreetmap.org/node/5768982653,RWE Bücherschrank,metal_cabinet,,,24/7,,2018-07-18T20:01:57,POINT(6.242264 51.233074)
https://www.openstreetmap.org/node/5769018026,Tauschbücherei,phone_box,,,,2026-06-18,2026-06-18T13:47:09,POINT(9.703548 53.033084)
https://www.openstreetmap.org/node/5771243165,,metal_cabinet,,,24/7,2022-01-15,2023-11-15T17:20:35,POINT(11.108951 49.471375)
https://www.openstreetmap.org/node/5777680744,,phone_box,,,24/7,2025-07-31,2025-07-31T14:00:53,POINT(11.353618 49.303716)
https://www.openstreetmap.org/node/5778321614,Offener Kinderbücherschrank,,,,24/7,,2018-07-23T04:17:36,POINT(10.682232 53.885178)
https://www.openstreetmap.org/node/5793462427,,metal_cabinet,,,,2022-04-19,2022-04-19T19:49:24,POINT(8.452709 50.088935)
https://www.openstreetmap.org/node/5808774934,Bücherschrank am Magazinplatz,metal_cabinet,Bürgerverein Derendingen e.V.,,24/7,2026-01-20,2026-01-20T11:36:05,POINT(9.053136 48.502061)
https://www.openstreetmap.org/node/5814575313,Offene Bücherei Hechtsheim,,,,,2024-09-21,2026-01-09T06:37:50,POINT(8.280018 49.963270)
https://www.openstreetmap.org/node/5817990546,,metal_cabinet,Buchhandlung Kayser,,24/7,2026-04-18,2026-04-18T08:24:45,POINT(6.978193 50.822505)
https://www.openstreetmap.org/node/5819923460,,,,,,2026-02-08,2026-02-08T12:32:33,POINT(12.963940 48.832035)
https://www.openstreetmap.org/node/5823765910,,,,,,2025-01-11,2025-01-11T12:16:20,POINT(11.557456 48.258272)
https://www.openstreetmap.org/node/5828656306,,metal_cabinet,,,,2025-06-07,2025-06-07T20:05:23,POINT(6.485550 51.441450)
https://www.openstreetmap.org/node/5833429895,,,,,24/7,2024-07-29,2024-07-29T11:15:22,POINT(9.374306 48.348260)
https://www.openstreetmap.org/node/5838143773,,phone_box,,,,2026-05-30,2026-05-30T20:24:39,POINT(6.441789 50.831508)
https://www.openstreetmap.org/node/5838832158,,phone_box,,,,,2025-10-29T12:41:18,POINT(12.007886 47.863225)
https://www.openstreetmap.org/node/5840491191,Die Bücherei in der Zelle,phone_box,Jugendherberge Eichstätt,,,2026-06-22,2026-06-22T08:41:05,POINT(11.174927 48.894243)
https://www.openstreetmap.org/node/5841880851,Bücherkiste,shelf,,,,,2024-11-22T18:16:50,POINT(6.403290 51.244645)
https://www.openstreetmap.org/node/5841894321,,metal_cabinet,,,24/7,2024-06-12,2024-06-12T18:07:25,POINT(6.580487 51.214274)
https://www.openstreetmap.org/node/5841902783,Vorgartenbücherei Gladbücher,reading_box,,,,,2018-08-19T14:45:08,POINT(6.464805 51.175791)
https://www.openstreetmap.org/node/5846711090,Bücherschrank Niederkrüchten,glass_cabinet,,,,,2021-03-16T19:28:27,POINT(6.166011 51.212478)
https://www.openstreetmap.org/node/5846812607,Gräfelfinger Bücherbox,shelter,Gemeinde Gräfelfing,,24/7,2024-04-07,2024-04-07T12:47:03,POINT(11.426869 48.120244)
https://www.openstreetmap.org/node/5847797015,,,neukauf,,Mo-Su 07:00-21:00,2023-12-30,2023-12-30T10:12:16,POINT(10.665723 53.871108)
https://www.openstreetmap.org/node/5848027324,,,,,,2026-01-15,2026-01-15T21:51:07,POINT(9.091965 48.803392)
https://www.openstreetmap.org/node/5859434670,,metal_cabinet,,,,,2018-09-27T05:37:50,POINT(7.856177 49.846855)
https://www.openstreetmap.org/node/5864920028,,,,,24/7,,2018-08-29T07:19:26,POINT(8.750180 49.365974)
https://www.openstreetmap.org/node/5864934885,Öffentlicher Bücherschrank,wooden_cabinet,,,24/7,2026-05-11,2026-05-11T15:15:50,POINT(8.587400 50.239516)
https://www.openstreetmap.org/node/5874416122,,phone_box,,,24/7,2025-05-09,2026-02-03T20:46:21,POINT(8.919690 48.542605)
https://www.openstreetmap.org/node/5876413538,,,,,,,2021-07-17T13:18:31,POINT(14.536741 51.275172)
https://www.openstreetmap.org/node/5878169460,,metal_cabinet,,,,,2019-11-02T11:51:02,POINT(12.593867 53.274583)
https://www.openstreetmap.org/node/5883023122,,wooden_cabinet,Dorfgemeinschaft Oberodenthal e.V.,,24/7,,2018-09-04T22:18:20,POINT(7.176954 51.053275)
https://www.openstreetmap.org/node/5885509904,Bücherzelle,phone_box,,,24/7,,2026-01-15T11:47:54,POINT(9.982809 51.487585)
https://www.openstreetmap.org/node/588766426,Öffentliches Bücherregal,,Bürgerstiftung-Wiesloch,,,2026-02-19,2026-02-19T21:42:56,POINT(8.699178 49.294526)
https://www.openstreetmap.org/node/5891713809,Fredersdorfer Bücherzelle,phone_box,,,,,2025-10-26T06:09:33,POINT(12.637823 52.189825)
https://www.openstreetmap.org/node/5901688583,Bücherkiste,,,,,2021-11-14,2021-11-14T19:58:44,POINT(10.399750 53.366473)
https://www.openstreetmap.org/node/5902518818,,metal_cabinet,Buchhandlung Kolibri,,,2025-06-11,2025-06-11T11:46:20,POINT(6.573898 49.696083)
https://www.openstreetmap.org/node/5904369100,,,,,,,2018-09-13T15:58:12,POINT(8.866074 49.916480)
https://www.openstreetmap.org/node/5906605277,,metal_cabinet,,,,2026-02-23,2026-02-23T18:16:28,POINT(6.693102 51.197598)
https://www.openstreetmap.org/node/5915377069,Bücherzelle,phone_box,Gemeinde Neuenkirchen,,,2026-07-09,2026-07-09T06:39:29,POINT(13.377498 54.118564)
https://www.openstreetmap.org/node/5922540542,,sculpture,,,24/7,,2019-11-19T10:28:34,POINT(9.111485 49.240602)
https://www.openstreetmap.org/node/5939545503,,phone_box,,,24/7,2023-10-10,2023-10-10T08:06:12,POINT(9.957141 49.856744)
https://www.openstreetmap.org/node/5940887691,,,Bürger Stiftung Karlsruhe,,24/7,2024-11-01,2024-11-01T08:49:21,POINT(8.426730 49.004175)
https://www.openstreetmap.org/node/5952004714,offener Bücherschrank Kronach,,Lions Club Kronach eV,https://www.lions-club-kronach.de/index.php?id=72,,2022-12-24,2023-11-07T09:38:07,POINT(11.324004 50.239633)
https://www.openstreetmap.org/node/5955350025,Strandbibliothek,phone_box,,,,2025-06-09,2025-06-09T11:37:13,POINT(13.120971 54.330679)
https://www.openstreetmap.org/node/5959950855,,,Lokale Bündnisse für Familie,,"Mo,Th 08:30-15:00; Tu 08:30-18:00; We 08:30-12:00; Fr 07:30-12:00; PH off",,2018-10-05T21:23:09,POINT(9.937686 51.629852)
https://www.openstreetmap.org/node/5961423996,Oberwälder Bücherschrank,reading_box,Familie Bantzhaff,https://buecherschrank-oberwaelden.jimdofree.com/,24/7,,2026-04-01T20:37:27,POINT(9.615914 48.737211)
https://www.openstreetmap.org/node/5967193534,,,,,,2024-05-02,2024-05-02T06:51:34,POINT(6.358734 50.915148)
https://www.openstreetmap.org/node/5978728571,,,,,,2024-04-13,2024-04-16T09:57:20,POINT(7.304303 49.928989)
https://www.openstreetmap.org/node/5981561028,,,,,,2025-01-01,2025-01-01T11:20:38,POINT(8.530272 49.051983)
https://www.openstreetmap.org/node/5984966233,,,,,24/7,,2018-10-15T12:00:32,POINT(9.232041 53.113762)
https://www.openstreetmap.org/node/5984966234,,,,,24/7,,2018-10-15T12:00:32,POINT(9.231987 53.113760)
https://www.openstreetmap.org/node/5997735787,,,,,,2023-09-26,2023-09-27T01:54:52,POINT(8.689962 50.122109)
https://www.openstreetmap.org/node/6004946038,,metal_cabinet,Stadt Frankfurt,,24/7,2024-12-09,2026-05-01T23:08:32,POINT(8.691415 50.103520)
https://www.openstreetmap.org/node/6009673273,,,,,,2024-03-24,2024-03-24T14:39:57,POINT(11.130219 47.560120)
https://www.openstreetmap.org/node/6010765388,,shelf,,,Mo-Su 06:00-22:00,2025-11-11,2025-11-11T13:18:21,POINT(8.060976 52.272730)
https://www.openstreetmap.org/node/6011133424,,metal_cabinet,,,24/7,2026-06-18,2026-06-18T11:12:41,POINT(11.425587 48.765523)
https://www.openstreetmap.org/node/6012504322,,,,,24/7,,2019-08-04T16:54:06,POINT(7.491363 51.862918)
https://www.openstreetmap.org/node/6013601449,,,,,24/7,2026-05-27,2026-05-27T11:52:04,POINT(9.400296 53.109502)
https://www.openstreetmap.org/node/6019429042,,,,,,,2018-10-28T13:30:57,POINT(13.549012 52.792206)
https://www.openstreetmap.org/node/6020556475,Bücherkiste Hattenhofen,wooden_cabinet,,,24/7,,2021-07-28T10:31:17,POINT(9.574112 48.667050)
https://www.openstreetmap.org/node/6022367957,,wooden_cabinet,,,24/7,,2018-10-29T13:54:55,POINT(8.738412 48.855059)
https://www.openstreetmap.org/node/6024757218,LAGeSo Büchertankstelle,phone_box,LAGeSo,,,2024-01-21,2024-01-21T14:00:29,POINT(13.347129 52.528763)
https://www.openstreetmap.org/node/6024889265,,wooden_cabinet,,,24/7,2025-04-21,2025-04-21T18:43:40,POINT(8.505494 48.917844)
https://www.openstreetmap.org/node/6025263098,,wooden_cabinet,,,24/7,2022-09-12,2022-09-12T20:27:25,POINT(11.854548 48.152868)
https://www.openstreetmap.org/node/6026927352,,shelf,,,24/7,2025-06-04,2025-06-04T12:31:04,POINT(10.704515 52.238931)
https://www.openstreetmap.org/node/6028156627,Bücherzelle,phone_box,,,,2026-03-19,2026-03-19T14:47:50,POINT(10.527247 52.278052)
https://www.openstreetmap.org/node/6028156628,,phone_box,,,24/7,2025-05-21,2025-05-21T18:05:06,POINT(6.859655 50.166057)
https://www.openstreetmap.org/node/6030010654,,,,,,2022-03-29,2022-03-30T15:51:15,POINT(9.367959 48.781269)
https://www.openstreetmap.org/node/6036490132,öffentlicher Bücherschrank,,,,,2024-12-23,2024-12-23T14:26:04,POINT(11.675303 50.049092)
https://www.openstreetmap.org/node/6037732394,,shelf,,https://www.konstanz.de/kulturzentrum/01635/index.html,"Mo,Fr 09:00-12:00;Tu-Th 09:00-12:00,14:00-17:00",2025-08-09,2025-08-09T12:27:22,POINT(9.175130 47.662930)
https://www.openstreetmap.org/node/6037739692,,reading_box,,,,2025-07-14,2025-07-14T18:01:01,POINT(9.143383 47.695037)
https://www.openstreetmap.org/node/6039235921,Bücherschrank Dieburg (alternativer Standort),,,,24/7,,2018-12-05T10:06:57,POINT(8.839110 49.898802)
https://www.openstreetmap.org/node/6041693349,Lees mol!,,,,,,2025-03-22T07:07:01,POINT(9.574878 54.738998)
https://www.openstreetmap.org/node/6051176085,öffentlicher Bücherschrank der Nordeifelwerkstätten,shelf,Nordeifelwerkstätten gGmbH Betriebsstätte Kuchenheim,,,,2018-11-10T15:20:13,POINT(6.831656 50.656243)
https://www.openstreetmap.org/node/6052586916,,wooden_cabinet,,,24/7,2024-05-21,2024-05-26T16:18:02,POINT(9.866435 51.818237)
https://www.openstreetmap.org/node/6055140390,,,Samtgemeinde Wathlingen,,,2021-04-18,2021-04-18T11:03:52,POINT(10.021589 52.551836)
https://www.openstreetmap.org/node/6055150864,,metal_cabinet,Langendreer Hatʼs,,,2026-04-01,2026-04-08T04:07:00,POINT(7.304346 51.475335)
https://www.openstreetmap.org/node/6066222327,,,,,,2024-01-04,2024-01-04T08:00:17,POINT(6.923159 50.949674)
https://www.openstreetmap.org/node/6068281029,Weinfass Bücherschrank,wooden_cabinet,,,,,2018-11-17T11:11:35,POINT(9.289232 48.980694)
https://www.openstreetmap.org/node/6073946680,,,,,,,2018-11-19T16:36:02,POINT(7.903253 48.051857)
https://www.openstreetmap.org/node/6079779495,Öffentlicher Bücherschrank,phone_box,Bücherei Gärtringen,,24/7,2026-05-25,2026-06-06T13:32:38,POINT(8.903046 48.642087)
https://www.openstreetmap.org/node/6083326128,,wooden_cabinet,,,,2024-10-29,2024-10-29T13:21:18,POINT(9.629996 47.953151)
https://www.openstreetmap.org/node/6088062902,,,,,,,2018-11-24T14:35:23,POINT(8.173773 49.759277)
https://www.openstreetmap.org/node/6098176311,Bücher Tausch,wooden_cabinet,Martin Hintz,,,2026-03-18,2026-03-18T18:47:44,POINT(10.017389 53.610470)
https://www.openstreetmap.org/node/6102771610,,metal_cabinet,,,24/7,2021-05-10,2021-05-10T16:30:41,POINT(8.508162 48.866627)
https://www.openstreetmap.org/node/6102814515,Offenes Bücherregal Zell,,,,,2023-06-23,2023-06-23T10:55:05,POINT(9.360104 48.725462)
https://www.openstreetmap.org/node/6104470101,,,,,,2023-01-19,2025-10-26T19:22:15,POINT(9.233274 52.954118)
https://www.openstreetmap.org/node/6110327796,,glass_cabinet,,,,2025-09-21,2025-10-05T15:24:31,POINT(8.071340 48.629236)
https://www.openstreetmap.org/node/6112194361,Bücherbox,metal_cabinet,fair_bock(t) e.V.,,,2022-01-19,2022-02-15T12:58:28,POINT(10.723172 53.374534)
https://www.openstreetmap.org/node/6113373050,,glass_cabinet,,,,2023-06-04,2023-06-04T18:27:17,POINT(9.705999 48.696894)
https://www.openstreetmap.org/node/6118553062,Buchkasten,,,,24/7,2022-08-21,2022-08-21T10:30:25,POINT(8.701982 50.588562)
https://www.openstreetmap.org/node/6129364010,collibri Bücherbar,,,,,,2018-12-10T21:54:21,POINT(10.887220 49.893341)
https://www.openstreetmap.org/node/6137185412,,,,,,2024-07-05,2024-07-20T11:53:21,POINT(9.059909 50.137477)
https://www.openstreetmap.org/node/6139870726,,glass_cabinet,,,,2021-06-25,2021-06-26T08:16:13,POINT(8.643629 50.086467)
https://www.openstreetmap.org/node/6145454460,,metal_cabinet,,,24/7,,2024-08-03T13:52:47,POINT(10.007777 48.390255)
https://www.openstreetmap.org/node/6151524844,,,,,,2024-07-04,2024-07-07T12:33:55,POINT(13.237125 52.407329)
https://www.openstreetmap.org/node/6153164796,,phone_box,,,,2025-06-10,2025-06-10T18:26:13,POINT(8.914183 50.106393)
https://www.openstreetmap.org/node/6154002609,,phone_box,Stadtwerke Rodgau,,,2026-07-21,2026-07-21T16:46:58,POINT(8.892535 50.008300)
https://www.openstreetmap.org/node/6158039942,,,,,,,2021-08-05T08:14:52,POINT(11.646307 49.892356)
https://www.openstreetmap.org/node/6158629163,Bücherschrank Unterjesingen,wooden_cabinet,,,,2024-04-12,2024-04-12T15:51:33,POINT(8.982357 48.524688)
https://www.openstreetmap.org/node/6162029578,,,,,,2024-04-17,2024-04-17T11:59:32,POINT(8.184389 49.522330)
https://www.openstreetmap.org/node/6162051425,,,,,,2023-09-16,2026-04-22T20:32:14,POINT(8.170409 49.235313)
https://www.openstreetmap.org/node/6167014650,Bücherschrank Berliner Platz,,,,,2025-10-05,2025-10-05T12:10:39,POINT(6.947019 51.102757)
https://www.openstreetmap.org/node/6167019483,Bücherschrank Richrather Kirche,,,,,2024-11-05,2024-11-05T14:53:14,POINT(6.944912 51.129586)
https://www.openstreetmap.org/node/6170366337,Bücherschrank Grebenau,,Sabine Wiegandt,,,,2019-03-15T12:53:49,POINT(9.473610 50.742036)
https://www.openstreetmap.org/node/6173285462,Bücherzelle am Bahnhof Kornwestheim,phone_box,,,,2025-10-18,2025-10-18T12:58:20,POINT(9.181491 48.862312)
https://www.openstreetmap.org/node/6173402650,,glass_cabinet,,,,2025-11-27,2025-11-27T13:15:32,POINT(8.568822 50.121936)
https://www.openstreetmap.org/node/6175544886,,,,,,2026-02-06,2026-02-06T10:41:07,POINT(6.106172 50.768745)
https://www.openstreetmap.org/node/6176649900,,,,,24/7,,2025-12-10T16:29:44,POINT(8.615788 49.887942)
https://www.openstreetmap.org/node/6187978123,,,Markgröningen aktiv e.V.,,,2022-05-15,2022-05-15T14:31:55,POINT(9.081013 48.905307)
https://www.openstreetmap.org/node/6189974678,,phone_box,,,,,2026-04-06T14:57:52,POINT(7.450378 50.770129)
https://www.openstreetmap.org/node/6207409291,,,,,,2025-03-09,2025-03-09T13:48:16,POINT(10.575478 49.302265)
https://www.openstreetmap.org/node/6208768503,,,,,24/7,2026-04-19,2026-04-19T10:44:28,POINT(6.629286 51.449681)
https://www.openstreetmap.org/node/6222504595,,metal_cabinet,,,,2024-11-30,2024-11-30T16:35:24,POINT(8.699725 50.140331)
https://www.openstreetmap.org/node/6233227489,,,Rocket Beans Entertainment GmbH,,,2026-03-25,2026-03-25T21:26:50,POINT(9.956930 53.565829)
https://www.openstreetmap.org/node/6238658136,,,,,,2023-11-20,2023-11-24T12:57:42,POINT(12.109657 54.087823)
https://www.openstreetmap.org/node/6239412789,,phone_box,,,24/7,,2021-12-05T16:03:57,POINT(8.310508 51.836566)
https://www.openstreetmap.org/node/6239562573,,,,,,2023-08-20,2023-08-20T20:16:16,POINT(9.152419 49.909061)
https://www.openstreetmap.org/node/6240291284,,,,,,,2019-01-27T19:46:39,POINT(8.933921 49.557399)
https://www.openstreetmap.org/node/6240291285,,,,,,,2019-01-27T19:46:39,POINT(8.931564 49.553647)
https://www.openstreetmap.org/node/6240291286,,,,,,,2019-01-27T19:46:39,POINT(8.892765 49.594434)
https://www.openstreetmap.org/node/6240291287,,,,,,,2019-01-27T19:46:39,POINT(8.921609 49.479721)
https://www.openstreetmap.org/node/6240291288,,,,,,,2019-01-27T19:46:39,POINT(8.918680 49.535323)
https://www.openstreetmap.org/node/6240291289,,,,,,,2019-01-27T19:46:39,POINT(8.974095 49.554427)
https://www.openstreetmap.org/node/6240291290,,,,,,,2019-01-27T19:46:40,POINT(8.977410 49.571521)
https://www.openstreetmap.org/node/6240291291,,,,,,,2019-01-27T19:46:40,POINT(8.972866 49.567698)
https://www.openstreetmap.org/node/6240291292,,,,,,,2019-01-27T19:46:40,POINT(8.990566 49.587695)
https://www.openstreetmap.org/node/6241619108,Lesebank,,Stadtbücherei Konstanz,,,2025-08-09,2025-08-09T07:44:25,POINT(9.179508 47.662088)
https://www.openstreetmap.org/node/6247752928,Büchertauschzelle,phone_box,,,24/7,,2024-05-31T00:02:09,POINT(7.621591 51.792122)
https://www.openstreetmap.org/node/6253979145,Bucherbox,phone_box,,,,2021-08-04,2024-06-09T22:54:41,POINT(13.282434 52.688825)
https://www.openstreetmap.org/node/6253979146,Bücher Schrank,phone_box,,,,2025-10-12,2025-10-11T22:08:09,POINT(13.317404 52.672963)
https://www.openstreetmap.org/node/6253979147,Bücher Schrank,phone_box,,,,,2024-06-09T22:58:52,POINT(13.282997 52.670573)
https://www.openstreetmap.org/node/6255852020,,,,,,2025-11-25,2025-11-25T09:50:26,POINT(6.952666 50.963992)
https://www.openstreetmap.org/node/6258325969,,,,,,2021-12-31,2021-12-31T15:14:14,POINT(7.812587 49.158597)
https://www.openstreetmap.org/node/6261628985,Bökerschapp,phone_box,,,,2023-11-11,2023-11-11T22:35:52,POINT(8.470029 53.026558)
https://www.openstreetmap.org/node/6264017465,,metal_cabinet,katholische öffentlihe Bücherei,,24/7,,2019-02-07T15:01:25,POINT(7.095148 52.647067)
https://www.openstreetmap.org/node/6265452223,,phone_box,,,,2025-12-28,2025-12-28T14:23:54,POINT(13.276810 52.714143)
https://www.openstreetmap.org/node/6266845929,,wooden_cabinet,,,,2024-09-04,2024-09-04T17:05:43,POINT(8.655999 49.872323)
https://www.openstreetmap.org/node/6269663077,Offener Bücherschrank,phone_box,,,,2025-07-31,2025-07-31T08:56:02,POINT(8.657587 49.059003)
https://www.openstreetmap.org/node/6270908447,,wooden_cabinet,private,,24/7,2023-11-26,2023-11-26T12:01:29,POINT(9.203860 49.003806)
https://www.openstreetmap.org/node/6270908448,,metal_cabinet,,,24/7,2025-02-12,2025-02-12T11:04:15,POINT(9.241266 48.979932)
https://www.openstreetmap.org/node/6284332685,,,,,,,2019-02-22T11:19:02,POINT(12.338717 52.528866)
https://www.openstreetmap.org/node/6286428440,,phone_box,,,,2026-03-30,2026-03-30T16:20:22,POINT(8.148668 50.166465)
https://www.openstreetmap.org/node/6298852390,,phone_box,,,24/7,,2021-11-25T02:39:31,POINT(13.294827 50.871404)
https://www.openstreetmap.org/node/6302877780,,,,,,,2025-05-06T11:44:04,POINT(6.361476 50.817041)
https://www.openstreetmap.org/node/6304662657,Feuerrotes Bücherregal,wooden_cabinet,,,,,2022-07-07T00:02:24,POINT(8.622744 49.681715)
https://www.openstreetmap.org/node/6326031988,Öffentlicher Bücherschrank Spanbeck,,,,,,2019-03-08T19:15:21,POINT(10.043648 51.608695)
https://www.openstreetmap.org/node/6326118586,,,,,,2021-05-19,2021-05-19T18:44:35,POINT(7.616238 51.936781)
https://www.openstreetmap.org/node/6326144902,,,,,,2025-04-24,2025-04-24T13:12:04,POINT(7.620838 51.926656)
https://www.openstreetmap.org/node/6329099148,Dorfbücherei Lodbergen,glass_cabinet,,,,,2025-07-13T21:46:03,POINT(7.819351 52.751257)
https://www.openstreetmap.org/node/6329531299,,,,,,,2019-03-10T19:09:57,POINT(6.351695 50.666189)
https://www.openstreetmap.org/node/6336257916,Kastenauer Bücherzelle,phone_box,Pfarrei Heilige Familie,,,,2026-01-20T14:44:25,POINT(12.145665 47.845252)
https://www.openstreetmap.org/node/6342056895,,phone_box,,,24/7,2024-03-11,2024-03-11T22:59:06,POINT(13.370757 52.563927)
https://www.openstreetmap.org/node/6342957238,,,,,,,2019-03-17T12:13:19,POINT(8.699810 50.574059)
https://www.openstreetmap.org/node/6342957239,,,,,,2022-03-08,2022-03-08T16:04:25,POINT(8.865557 50.676149)
https://www.openstreetmap.org/node/6343651420,,phone_box,,,,,2024-06-16T20:03:11,POINT(8.482803 51.996891)
https://www.openstreetmap.org/node/6351924461,,metal_cabinet,,,,,2020-12-09T20:57:20,POINT(8.596417 50.182185)
https://www.openstreetmap.org/node/6356340789,,,,,,2024-10-19,2024-10-19T11:11:03,POINT(7.475191 51.513783)
https://www.openstreetmap.org/node/6356732724,,,,,,2024-06-22,2024-06-22T04:13:14,POINT(8.773928 50.226414)
https://www.openstreetmap.org/node/6356806885,Bücherbox,metal_cabinet,,,24/7,,2024-05-27T02:15:45,POINT(8.681041 50.102038)
https://www.openstreetmap.org/node/6358684708,,phone_box,Dombibliothek,,,2025-08-09,2025-08-09T11:05:29,POINT(8.065549 50.386969)
https://www.openstreetmap.org/node/6364372801,Kleine Tauschbörse,,,,,2024-10-09,2024-12-23T14:55:26,POINT(8.035279 48.019418)
https://www.openstreetmap.org/node/6365303950,,glass_cabinet,,,,2026-04-29,2026-04-29T09:09:24,POINT(11.499914 48.139532)
https://www.openstreetmap.org/node/6367782803,,,,,,2026-07-23,2026-07-23T18:36:42,POINT(8.676399 50.101746)
https://www.openstreetmap.org/node/6372193184,,,,,24/7,2026-05-22,2026-05-22T06:09:59,POINT(9.422950 54.799929)
https://www.openstreetmap.org/node/6372370702,,,,,24/7,2025-04-01,2025-04-01T11:53:55,POINT(12.100704 49.024128)
https://www.openstreetmap.org/node/6375025591,,,,,,,2019-04-01T03:24:43,POINT(12.027515 51.551583)
https://www.openstreetmap.org/node/6379549983,,,,,24/7,,2019-04-02T20:40:19,POINT(9.021146 51.734676)
https://www.openstreetmap.org/node/6387590327,,,,,,2026-02-02,2026-02-02T09:29:08,POINT(8.534644 52.003828)
https://www.openstreetmap.org/node/6387590328,,phone_box,,,,2023-06-15,2023-08-17T19:52:43,POINT(8.524384 52.009667)
https://www.openstreetmap.org/node/6388753275,,phone_box,,,,,2022-05-30T14:34:18,POINT(10.487531 53.830663)
https://www.openstreetmap.org/node/6389378872,,,,,,2025-06-27,2025-06-27T19:14:02,POINT(8.699278 50.130557)
https://www.openstreetmap.org/node/6390762763,,,,,,,2019-04-08T13:15:07,POINT(11.349733 50.035571)
https://www.openstreetmap.org/node/6393379035,,shelter,Stadt Beilstein,,,2025-03-17,2025-06-09T14:05:35,POINT(9.314030 49.040395)
https://www.openstreetmap.org/node/6394530549,Olper Bücherbox,phone_box,,,,2025-12-19,2025-12-19T06:33:48,POINT(8.169834 51.358371)
https://www.openstreetmap.org/node/6396119832,Bücherwald Bücherschrank,,Nordkolleg Rendsburg,https://www.nordkolleg.de/,,2024-12-06,2024-12-06T10:32:59,POINT(9.646619 54.289390)
https://www.openstreetmap.org/node/6396723653,,,,,,,2025-05-07T18:29:07,POINT(13.163322 52.327860)
https://www.openstreetmap.org/node/6396737274,,,,,,,2021-09-21T12:10:50,POINT(13.140650 52.332703)
https://www.openstreetmap.org/node/6397967281,,glass_cabinet,,,24/7,,2023-04-13T14:27:43,POINT(9.103682 50.153064)
https://www.openstreetmap.org/node/6399625921,,shelter,,,,,2022-12-26T10:57:05,POINT(12.957831 48.894607)
https://www.openstreetmap.org/node/6401211383,,,,,,,2024-01-06T10:20:24,POINT(13.032871 50.912249)
https://www.openstreetmap.org/node/6401304750,,wooden_cabinet,Umweltservice Bochum GmbH,,24/7,2025-07-24,2025-07-24T14:16:58,POINT(7.278387 51.518944)
https://www.openstreetmap.org/node/6402792918,,phone_box,,,,2025-04-08,2025-04-08T12:21:16,POINT(11.956867 49.073029)
https://www.openstreetmap.org/node/6413510811,,,,,,2024-05-20,2024-11-01T12:57:35,POINT(8.816019 53.081502)
https://www.openstreetmap.org/node/6416265935,,,,,,2024-05-26,2024-05-27T18:42:54,POINT(6.683208 49.747379)
https://www.openstreetmap.org/node/6416904662,,glass_cabinet,,,,2025-03-23,2025-03-23T14:04:49,POINT(6.735491 51.301484)
https://www.openstreetmap.org/node/6417062223,Bücherschrank Moosach I,metal_cabinet,Die Linie 1,https://www.dielinie1.de/moosacher-buecherschrank,,2025-01-22,2025-04-16T11:06:09,POINT(11.510530 48.180961)
https://www.openstreetmap.org/node/6419668139,,,,,,,2019-04-21T20:34:40,POINT(13.478759 52.887616)
https://www.openstreetmap.org/node/6420630792,,,,,,2025-05-26,2025-05-26T20:29:10,POINT(8.256938 50.007593)
https://www.openstreetmap.org/node/6421375222,Bücher BOXX,phone_box,,,,2024-01-14,2024-01-14T14:29:19,POINT(13.355547 52.620201)
https://www.openstreetmap.org/node/6425972085,,metal_cabinet,Unbekannt,,24/7,,2024-06-29T14:05:46,POINT(9.149230 49.076023)
https://www.openstreetmap.org/node/6426207923,,wooden_cabinet,,,24/7,2024-07-01,2024-07-01T14:21:57,POINT(8.802036 52.680128)
https://www.openstreetmap.org/node/6426598680,,metal_cabinet,Offene Bücherschränke Maxvorstadt e.V.,,24/7,2024-05-09,2024-05-09T10:23:43,POINT(11.558996 48.148624)
https://www.openstreetmap.org/node/6428928205,Bücherschrank Isarvorstadt,metal_cabinet,,,24/7,2026-06-13,2026-06-13T18:58:53,POINT(11.559894 48.121091)
https://www.openstreetmap.org/node/6430026097,Bücherzelle der Bahnhofsmission,phone_box,Bahnhofsmission,,"""on appointment""",2024-12-22,2024-12-22T07:35:02,POINT(9.208660 49.143140)
https://www.openstreetmap.org/node/6432438969,,phone_box,,,24/7,2025-08-19,2025-08-19T11:57:58,POINT(9.067976 50.315898)
https://www.openstreetmap.org/node/6433559892,,,,,24/7,2024-06-23,2024-09-14T15:46:31,POINT(9.316098 48.866172)
https://www.openstreetmap.org/node/6434197431,,phone_box,,,,2023-08-06,2023-08-06T16:15:45,POINT(8.744527 50.183584)
https://www.openstreetmap.org/node/6434197432,,,,,,2024-06-20,2024-06-20T18:15:13,POINT(8.698090 50.155476)
https://www.openstreetmap.org/node/6434197433,,,,,,2021-10-09,2021-10-09T13:57:16,POINT(8.744007 50.207261)
https://www.openstreetmap.org/node/6436388336,,wooden_cabinet,Bürgerstiftung Detmold,,24/7,,2026-02-15T16:14:56,POINT(8.839409 51.945201)
https://www.openstreetmap.org/node/6437087628,,wooden_cabinet,Bürgerstiftung Detmold,,24/7,2026-03-08,2026-03-08T20:45:29,POINT(8.875232 51.908561)
https://www.openstreetmap.org/node/6447356671,Heiligengrabe BücherZelle,phone_box,,,,,2024-06-03T23:14:21,POINT(12.429186 53.126597)
https://www.openstreetmap.org/node/6466177527,,,,,,,2026-06-07T15:03:21,POINT(8.530625 51.317983)
https://www.openstreetmap.org/node/6475974343,,movable_cabinet,,,24/7,,2019-05-15T17:05:12,POINT(11.695517 53.860872)
https://www.openstreetmap.org/node/6476585491,,wooden_cabinet,,,We-Sa 14:00-19:00; Su 10:00-19:00,2025-05-30,2025-05-30T12:53:45,POINT(11.684452 53.864512)
https://www.openstreetmap.org/node/6481409927,,,,,,,2019-05-17T18:50:02,POINT(6.450875 51.196702)
https://www.openstreetmap.org/node/6482704924,,,,,,2024-08-13,2024-08-13T13:52:02,POINT(10.893778 49.885176)
https://www.openstreetmap.org/node/648473357,Bücherschrank,,,,,2025-08-03,2026-03-29T22:46:47,POINT(9.789219 52.312427)
https://www.openstreetmap.org/node/6491954229,Öffentliches Bücherregal für Kinder und Jugendliche,,Kinderschutzbund,,,2022-05-10,2022-05-10T18:30:14,POINT(8.704236 49.409889)
https://www.openstreetmap.org/node/6510976594,,metal_cabinet,,,,2022-01-11,2022-01-11T18:49:29,POINT(7.322481 51.472446)
https://www.openstreetmap.org/node/651119394,,phone_box,Gemeinde Winterbach,,,,2024-08-03T20:59:27,POINT(9.465353 48.790113)
https://www.openstreetmap.org/node/6512035338,,,innogy,,,2025-10-19,2025-10-19T14:02:35,POINT(8.178598 51.288441)
https://www.openstreetmap.org/node/6516166531,Kommlinger Bücherzelle,phone_box,,,,,2024-05-26T01:01:00,POINT(6.605684 49.681417)
https://www.openstreetmap.org/node/6518460243,,,,,,2023-08-05,2023-08-05T13:37:30,POINT(8.290159 51.853578)
https://www.openstreetmap.org/node/6522148932,,phone_box,,,,2025-12-28,2025-12-28T14:41:50,POINT(8.234683 50.219813)
https://www.openstreetmap.org/node/6524300845,,metal_cabinet,,,24/7,2025-11-13,2025-11-13T12:27:53,POINT(7.169641 51.944500)
https://www.openstreetmap.org/node/6535238869,Bücherzelle,phone_box,,,,2025-05-01,2025-05-01T17:25:12,POINT(13.023560 52.938796)
https://www.openstreetmap.org/node/6535927061,Bücherzelle,phone_box,,,,2024-04-27,2024-04-27T09:01:25,POINT(13.672528 52.317868)
https://www.openstreetmap.org/node/6536700042,,phone_box,,,,2025-10-19,2025-10-19T14:02:30,POINT(8.178594 51.288430)
https://www.openstreetmap.org/node/6536924466,#liebeslesen,,,,,,2019-06-10T11:54:15,POINT(7.239600 49.283064)
https://www.openstreetmap.org/node/6543280050,,,,,,2025-01-11,2025-11-22T18:28:03,POINT(7.825778 47.986507)
https://www.openstreetmap.org/node/6543290898,,,,,24/7,,2019-06-12T20:44:03,POINT(12.099743 53.974534)
https://www.openstreetmap.org/node/6548020708,,,,,,2026-02-22,2026-02-22T09:53:28,POINT(10.775719 53.699870)
https://www.openstreetmap.org/node/6548020709,,,,,,2024-09-10,2024-09-10T11:43:09,POINT(10.869690 53.619532)
https://www.openstreetmap.org/node/6553170674,Tauschzelle,phone_box,,,24/7,2024-09-17,2025-11-10T16:07:08,POINT(11.597902 50.867283)
https://www.openstreetmap.org/node/6556106123,Bücherzelle,phone_box,,,,,2024-05-31T00:57:26,POINT(12.127572 50.076299)
https://www.openstreetmap.org/node/6562270908,,metal_cabinet,,,Mo-Su 07:30-22:00,2026-07-08,2026-07-08T18:01:16,POINT(10.216503 50.322441)
https://www.openstreetmap.org/node/6563237954,,,,,,2026-01-28,2026-01-28T17:11:33,POINT(8.649060 50.144309)
https://www.openstreetmap.org/node/6567923701,,,,,,2024-01-08,2024-01-08T16:01:57,POINT(11.360884 48.190770)
https://www.openstreetmap.org/node/6568419977,,,,,,2021-07-02,2024-04-06T15:45:32,POINT(9.044827 50.561582)
https://www.openstreetmap.org/node/6569410206,,,BTZ,,,,2019-06-25T07:12:34,POINT(8.793335 51.730714)
https://www.openstreetmap.org/node/6570549670,,,C25 Naturcampingplatz am Mössensee,,,,2025-08-17T09:50:13,POINT(12.838079 53.223727)
https://www.openstreetmap.org/node/6571017960,Freudenburger Bücherschrank,,,,,2025-03-30,2025-03-30T18:08:03,POINT(6.533826 49.542494)
https://www.openstreetmap.org/node/6574235256,Bücherzelle,phone_box,,,24/7,2026-05-14,2026-05-14T18:03:39,POINT(12.164061 49.677678)
https://www.openstreetmap.org/node/6574581388,,,,,,2023-08-19,2023-08-19T15:56:22,POINT(8.753539 50.133962)
https://www.openstreetmap.org/node/6578063131,Eselsohr,,,https://buergerstiftung-koeln.de/projekte/buecherschraenke/,,2024-02-27,2024-02-27T12:51:53,POINT(6.944932 50.943392)
https://www.openstreetmap.org/node/6578690596,,,Förderverein 1000 Jahre Urkunde Aubing,,,2025-11-22,2025-11-24T19:45:45,POINT(11.415199 48.157391)
https://www.openstreetmap.org/node/6580597057,Bücherzelle,phone_box,,,24/7,,2024-06-18T01:16:12,POINT(8.433127 51.490785)
https://www.openstreetmap.org/node/6587089105,,,,,,2024-07-12,2024-07-12T17:37:04,POINT(8.695392 50.152093)
https://www.openstreetmap.org/node/6590022925,,,,,,,2019-07-04T22:29:01,POINT(9.941386 53.746221)
https://www.openstreetmap.org/node/6593456202,,metal_cabinet,,,,2024-09-25,2024-09-25T15:39:13,POINT(7.081833 51.390848)
https://www.openstreetmap.org/node/6594565541,,,,,,2024-07-14,2025-06-19T13:07:49,POINT(13.767009 52.223041)
https://www.openstreetmap.org/node/6596053465,Lesebox Bodnegg,,,,,2025-10-16,2025-10-16T18:27:24,POINT(9.683862 47.717478)
https://www.openstreetmap.org/node/6603766910,,wooden_cabinet,,,24/7,,2024-11-07T20:10:26,POINT(8.405578 51.669614)
https://www.openstreetmap.org/node/6605950067,,phone_box,,,24/7,,2025-05-16T02:17:51,POINT(13.319430 52.630167)
https://www.openstreetmap.org/node/6607701226,,,,,,2025-04-21,2025-04-21T14:39:22,POINT(13.188413 48.633725)
https://www.openstreetmap.org/node/6610962192,,,,,,,2019-07-12T20:45:52,POINT(9.970300 49.927494)
https://www.openstreetmap.org/node/6612680714,Bücherkiste Görlitz,,,,,2025-04-26,2025-07-18T13:58:43,POINT(14.985669 51.164209)
https://www.openstreetmap.org/node/6621137805,Offener Bücherschrank,,MGH Neustadt/Wied,,,2024-09-08,2024-09-08T08:45:16,POINT(7.426990 50.622202)
https://www.openstreetmap.org/node/6627236238,Oberkirchs Öffentlicher Bücherschrank,,Paula e.V.,,,2025-10-05,2025-10-05T14:24:49,POINT(8.079338 48.529477)
https://www.openstreetmap.org/node/6632138073,Bücherzelle,phone_box,,,,2025-05-02,2025-05-02T17:33:33,POINT(12.020850 51.892638)
https://www.openstreetmap.org/node/6632490400,,phone_box,,,24/7,2025-05-10,2025-05-09T22:58:14,POINT(8.791390 50.214823)
https://www.openstreetmap.org/node/6632876312,Büchertelefonzelle,phone_box,Ortsverein Grünberg e. V.,,24/7,,2024-05-31T00:30:02,POINT(13.844148 51.162613)
https://www.openstreetmap.org/node/6633916271,,,,,,2024-11-05,2024-11-05T16:26:11,POINT(8.619876 49.875846)
https://www.openstreetmap.org/node/6652725344,,,,,,2025-05-25,2025-05-25T10:26:11,POINT(8.683500 50.143082)
https://www.openstreetmap.org/node/6653577606,,,,,,2026-03-12,2026-03-12T15:42:26,POINT(7.810683 48.572898)
https://www.openstreetmap.org/node/6654396879,Offene Bücherzelle,phone_box,,,,,2024-05-30T03:23:08,POINT(11.007547 49.619224)
https://www.openstreetmap.org/node/6655877080,,,,,,,2020-11-07T09:52:47,POINT(8.781064 49.281852)
https://www.openstreetmap.org/node/6658590146,Bücherschrank,phone_box,,,,2025-03-05,2025-06-16T18:09:55,POINT(10.890214 48.170418)
https://www.openstreetmap.org/node/6659061798,,,,,,,2019-07-29T21:06:10,POINT(8.888342 49.809232)
https://www.openstreetmap.org/node/6670539864,,,,,,2025-08-18,2025-08-18T17:09:05,POINT(13.027305 52.394032)
https://www.openstreetmap.org/node/6683415712,,phone_box,Bürgerstiftung Mössingen,,,2026-04-09,2026-04-09T15:07:31,POINT(9.056485 48.405964)
https://www.openstreetmap.org/node/6688368403,,,,,,2024-09-14,2024-09-14T17:14:18,POINT(8.431241 50.067191)
https://www.openstreetmap.org/node/6691215108,Bücherzelle,phone_box,,,24/7,,2024-05-31T00:04:20,POINT(7.532608 51.658674)
https://www.openstreetmap.org/node/6695854101,,,,,,2023-04-09,2023-04-09T17:58:23,POINT(8.322362 49.244057)
https://www.openstreetmap.org/node/6696043961,,Bücherbaum,,,,,2019-08-09T00:18:37,POINT(7.075822 49.432541)
https://www.openstreetmap.org/node/6697462545,,,,,,2025-02-22,2025-02-22T15:14:28,POINT(8.831076 53.086967)
https://www.openstreetmap.org/node/6697478978,,,,,,2025-02-22,2025-02-22T15:49:23,POINT(8.832557 53.083695)
https://www.openstreetmap.org/node/6699384950,,phone_box,,,,2024-06-09,2024-06-09T15:42:11,POINT(7.189055 51.181401)
https://www.openstreetmap.org/node/6700037554,,metal_cabinet,HeideTreff des Kinderschutzes München,,24/7,2023-01-08,2024-10-01T19:53:29,POINT(11.606432 48.201530)
https://www.openstreetmap.org/node/6700082660,Bücherschrank für Diepholz!,wooden_cabinet,,,24/7,2024-08-09,2024-08-09T13:00:01,POINT(8.368709 52.606634)
https://www.openstreetmap.org/node/6700246087,Koch Bücherschrank,phone_box,,,,2026-07-25,2026-07-25T13:35:54,POINT(10.007292 52.061298)
https://www.openstreetmap.org/node/6700349985,Bücherkühlschrank,,,,,,2024-09-27T15:00:00,POINT(11.515390 48.196037)
https://www.openstreetmap.org/node/6700526880,,,,,,,2019-08-11T15:55:42,POINT(7.601287 50.803672)
https://www.openstreetmap.org/node/6700531588,,,,,,2024-03-30,2025-06-29T15:18:14,POINT(7.575935 50.796050)
https://www.openstreetmap.org/node/6700889023,Leseecke,metal_cabinet,immerlesen.net,,24/7,2026-02-22,2026-02-22T13:57:26,POINT(7.011837 49.227605)
https://www.openstreetmap.org/node/6705150051,,phone_box,,,24/7,,2025-04-22T16:34:29,POINT(7.762530 48.032165)
https://www.openstreetmap.org/node/6707520915,,,,,,2026-03-01,2026-03-01T15:19:58,POINT(8.363127 49.984450)
https://www.openstreetmap.org/node/6707734635,,,,,,2026-06-22,2026-06-22T19:19:13,POINT(8.540303 50.183999)
https://www.openstreetmap.org/node/6709489781,,phone_box,,,,2024-07-31,2025-11-27T11:34:16,POINT(14.509549 51.365295)
https://www.openstreetmap.org/node/6710769545,,reading_box,Stadt Puchheim,,,2025-05-29,2025-05-29T16:18:05,POINT(11.351095 48.169510)
https://www.openstreetmap.org/node/6711695683,Anikas Bücherbude,building,,,24/7,,2019-08-15T08:43:58,POINT(7.522438 50.977319)
https://www.openstreetmap.org/node/6716453439,,,,https://www.wetzlar.de/rathaus/aktuelles/pressemitteilungen/archiv/2019_04/buecherschrank-oeffnet-in-nauborn.php,,,2024-10-29T11:41:36,POINT(8.494349 50.532687)
https://www.openstreetmap.org/node/6718656321,Bücherbox,phone_box,,,,,2024-11-11T13:33:51,POINT(8.614220 53.043656)
https://www.openstreetmap.org/node/6720449126,,,,,,2025-10-13,2025-10-13T12:07:36,POINT(13.857134 53.313364)
https://www.openstreetmap.org/node/6720682851,Offener Bücherschrank am Roonplatz,,Bürgerstiftung Bonn,,,2025-11-08,2025-11-08T05:38:49,POINT(7.099097 50.725093)
https://www.openstreetmap.org/node/6720805957,,shelter,,,,2026-01-16,2026-01-16T16:00:00,POINT(7.439121 50.997226)
https://www.openstreetmap.org/node/6723115503,Öffentlicher Bücherschrank,shelf,,,24/7,2021-08-23,2025-05-06T12:03:56,POINT(6.163960 50.874442)
https://www.openstreetmap.org/node/6727566673,Bücherschrank Ruhrorter Straße,metal_cabinet,Bürgerstiftung Köln,https://buergerstiftung-koeln.de/,,,2019-08-20T18:42:43,POINT(6.966645 50.972179)
https://www.openstreetmap.org/node/6741662685,Offene Bücherbox,phone_box,,,,2024-10-29,2024-10-29T12:04:55,POINT(10.916940 50.684905)
https://www.openstreetmap.org/node/6742326054,,phone_box,Stadtteilinitiative Bornstedt e. V.,,,2024-12-28,2024-12-28T17:09:13,POINT(13.038339 52.416175)
https://www.openstreetmap.org/node/6744635238,,,,,,2025-02-03,2025-02-03T21:54:04,POINT(8.832321 53.074114)
https://www.openstreetmap.org/node/6745960082,,phone_box,,,,2025-02-02,2026-04-30T09:12:05,POINT(8.452551 50.260555)
https://www.openstreetmap.org/node/6757288450,,wooden_cabinet,,,,2024-08-19,2024-08-19T16:29:35,POINT(7.236941 51.281269)
https://www.openstreetmap.org/node/6757379098,,phone_box,,,,2024-05-13,2024-05-13T17:30:39,POINT(6.937049 51.547656)
https://www.openstreetmap.org/node/6759390663,Bücherzelle,phone_box,Binary Kitchen,,,2026-06-08,2026-06-08T17:11:49,POINT(12.118905 49.009795)
https://www.openstreetmap.org/node/6760633646,,wooden_cabinet,,,24/7,,2021-09-07T19:37:19,POINT(8.603414 48.894428)
https://www.openstreetmap.org/node/676135825,,,,,,,2024-10-04T09:03:09,POINT(7.062939 49.935470)
https://www.openstreetmap.org/node/6764236829,Buchhaus Egg,,,https://www.bookcrossing.com/hunt/28/3379/200953/856240,,,2019-09-01T16:04:51,POINT(10.284995 48.086639)
https://www.openstreetmap.org/node/6764264316,LeseZayChen,phone_box,,,24/7,2025-10-17,2026-05-22T17:41:53,POINT(8.206779 48.865071)
https://www.openstreetmap.org/node/6766191836,,shelf,,,06:00-20:00,,2019-09-02T12:12:26,POINT(14.365456 51.158485)
https://www.openstreetmap.org/node/6766525122,Bücherzelle,phone_box,Gemeinde Allershausen,,24/7,2021-09-28,2024-05-30T03:29:58,POINT(11.597586 48.431224)
https://www.openstreetmap.org/node/6766888857,BücHER ZELLE,phone_box,,,24/7,2023-07-12,2026-01-22T13:24:33,POINT(14.428174 51.178019)
https://www.openstreetmap.org/node/6766992488,,,,,24/7,2026-02-07,2026-02-07T13:16:01,POINT(12.434399 48.184566)
https://www.openstreetmap.org/node/6771447263,Büchertausch,,Trägerkreis EineWeltHaus München e.V.,,,2022-10-25,2026-07-19T15:24:47,POINT(11.552854 48.137794)
https://www.openstreetmap.org/node/6772336794,,,,,,2025-01-25,2025-01-25T19:54:27,POINT(7.822220 47.994726)
https://www.openstreetmap.org/node/6774977865,,metal_cabinet,,,24/7,2022-10-22,2022-10-23T12:09:37,POINT(8.646518 49.766310)
https://www.openstreetmap.org/node/6775335051,,,Bürgerstiftung Bonn,,,2025-07-23,2025-07-23T17:06:58,POINT(7.051022 50.760788)
https://www.openstreetmap.org/node/6776489786,,,,,,,2024-12-02T00:13:00,POINT(12.146134 50.937303)
https://www.openstreetmap.org/node/6778299417,,,,,,,2019-09-06T21:40:43,POINT(10.195921 50.254222)
https://www.openstreetmap.org/node/6786713538,Bücherschrank,metal_cabinet,Bürgerwerkstatt Ndf,,24/7,,2019-09-10T22:05:29,POINT(9.648193 50.035486)
https://www.openstreetmap.org/node/6787683843,,phone_box,Schweinfurt Abfallwirtschaft,,24/7,2026-06-18,2026-06-18T15:28:21,POINT(10.230101 50.046159)
https://www.openstreetmap.org/node/6787684559,,phone_box,Gemeinde Niederwerrn,,24/7,2026-03-29,2026-03-29T14:47:58,POINT(10.182723 50.060355)
https://www.openstreetmap.org/node/6801917237,,,,,,2024-02-15,2024-02-15T19:08:00,POINT(11.549722 48.195713)
https://www.openstreetmap.org/node/6810138600,SCHMÖKERhöker,phone_box,Lebenshilfe Brandenburg-Potsdam e.V.,,24/7,2026-05-21,2026-05-21T21:04:09,POINT(12.557241 52.411263)
https://www.openstreetmap.org/node/6811683012,Bücherzelle,,,,,,2019-09-20T10:54:56,POINT(9.128801 51.598223)
https://www.openstreetmap.org/node/6814837672,Eselsohr,metal_cabinet,,https://www.eselsohr-koeln.de,24/7,2026-07-10,2026-07-10T15:44:58,POINT(7.074434 50.974865)
https://www.openstreetmap.org/node/6817118142,,,Bürgerstiftung Bonn,,,2025-12-18,2025-12-18T11:33:21,POINT(7.112427 50.704577)
https://www.openstreetmap.org/node/6820736459,,,,,,2025-09-06,2025-09-06T14:02:40,POINT(11.064252 50.146152)
https://www.openstreetmap.org/node/6823162388,,,,,,2025-02-23,2025-02-24T08:25:54,POINT(10.997685 50.103579)
https://www.openstreetmap.org/node/6826525255,,metal_cabinet,Ortsgemeinde Minheim,,24/7,2024-08-01,2024-08-01T07:52:48,POINT(6.939552 49.864876)
https://www.openstreetmap.org/node/6828311774,,,,,,2025-04-02,2025-04-02T12:00:00,POINT(9.938559 48.329434)
https://www.openstreetmap.org/node/6828374453,,,,,,,2019-09-26T17:28:39,POINT(10.012308 48.427606)
https://www.openstreetmap.org/node/6828389441,,,,,,,2019-09-26T17:36:41,POINT(9.967782 48.401079)
https://www.openstreetmap.org/node/6832979705,Wünnenberger Bücherinsel,phone_box,,,24/7,,2023-12-31T11:42:04,POINT(8.701311 51.520579)
https://www.openstreetmap.org/node/683494569,,phone_box,VERA e.V. & Stadtbibliothek Wernau,,24/7,2023-10-29,2023-10-29T11:30:45,POINT(9.422461 48.694756)
https://www.openstreetmap.org/node/6836327388,,phone_box,Rotary,,,2026-01-01,2026-01-01T18:42:33,POINT(7.854251 49.840309)
https://www.openstreetmap.org/node/6837192508,,wooden_cabinet,,,Mo-Sa 08:00-21:00; PH off,2024-08-16,2024-08-16T14:16:55,POINT(7.946918 52.675983)
https://www.openstreetmap.org/node/6838309148,,metal_cabinet,,,,2024-03-20,2025-08-25T18:17:27,POINT(8.606674 50.124005)
https://www.openstreetmap.org/node/6842748069,,metal_cabinet,,,,2025-12-06,2025-12-11T06:52:10,POINT(7.583249 52.272738)
https://www.openstreetmap.org/node/6844025988,,metal_cabinet,,,,2026-01-26,2026-01-26T06:25:38,POINT(8.568897 49.914827)
https://www.openstreetmap.org/node/6853939739,,,,,,2024-12-21,2024-12-21T07:38:51,POINT(11.654551 47.973323)
https://www.openstreetmap.org/node/6853955234,,,,,,2025-07-03,2025-07-03T19:30:49,POINT(12.147629 47.858204)
https://www.openstreetmap.org/node/6855114726,,phone_box,Dorfzentrum Vinnum UG,,24/7,2022-08-07,2024-06-16T01:24:24,POINT(7.406963 51.678588)
https://www.openstreetmap.org/node/6860770129,offenes Bücherregal,,,,,2023-01-17,2024-10-28T10:31:29,POINT(9.985261 48.391668)
https://www.openstreetmap.org/node/6861388552,,,,,,2026-05-12,2026-05-12T13:55:11,POINT(6.465026 50.158053)
https://www.openstreetmap.org/node/6871817778,,,,,,,2019-10-11T19:20:01,POINT(12.189853 47.612470)
https://www.openstreetmap.org/node/6875638712,BücherBox,phone_box,Freundeskreis Ammersee/Windermere und Nachbarschaftshilfe Dießen,,,2025-08-22,2025-08-22T17:32:26,POINT(11.104289 47.948157)
https://www.openstreetmap.org/node/6876073467,,shelf,,,,,2022-12-06T16:07:59,POINT(9.416179 48.808846)
https://www.openstreetmap.org/node/6880894432,Hannover Bult,,,,,2025-03-16,2025-03-16T07:43:33,POINT(9.770683 52.362078)
https://www.openstreetmap.org/node/6884388004,Bücherschrank,phone_box,,,,2024-08-18,2024-08-18T13:59:56,POINT(8.909193 50.145446)
https://www.openstreetmap.org/node/6884593928,,metal_cabinet,USB Bochum,,24/7,2026-03-11,2026-03-12T17:50:36,POINT(7.231600 51.451889)
https://www.openstreetmap.org/node/6893375596,,phone_box,,,24/7,2025-12-05,2025-12-08T05:31:32,POINT(9.795247 48.795974)
https://www.openstreetmap.org/node/6901048575,,phone_box,,,24/7,2023-12-27,2024-06-16T20:43:39,POINT(8.795311 51.714608)
https://www.openstreetmap.org/node/6906397601,,,,,,2024-07-03,2024-07-03T18:28:06,POINT(8.917157 50.130194)
https://www.openstreetmap.org/node/6912377545,Notenpunkt,,Musi-Kuss,,,2026-03-22,2026-03-22T14:36:05,POINT(9.940630 51.522384)
https://www.openstreetmap.org/node/6912377546,Notenpunkt,,Musi-Kuss,,,,2025-11-15T12:29:21,POINT(9.945136 51.533039)
https://www.openstreetmap.org/node/6916633798,Pesterwitzer Bücher Box,phone_box,Kulturverein Pesterwitz e.V.,https://www.kulturverein-pesterwitz.de/,24/7,2026-04-19,2026-05-01T20:57:15,POINT(13.654267 51.027692)
https://www.openstreetmap.org/node/693617951,Spöl un Spoß Box,,,,,2026-04-15,2026-04-15T07:19:05,POINT(7.699356 53.770984)
https://www.openstreetmap.org/node/6939518059,,,,,,2023-12-30,2023-12-30T13:22:18,POINT(12.609475 51.334730)
https://www.openstreetmap.org/node/6943266690,,metal_cabinet,,,24/7,2026-05-02,2026-05-02T09:20:19,POINT(6.647494 50.692106)
https://www.openstreetmap.org/node/6944853120,,,,,,2024-07-01,2024-10-02T14:08:12,POINT(8.681175 49.423055)
https://www.openstreetmap.org/node/6945361908,,,,,24/7,2026-07-16,2026-07-16T19:46:24,POINT(10.008574 48.376720)
https://www.openstreetmap.org/node/6952228273,Offenes Buch Grabenstetten,shelter,,,,,2019-11-06T17:15:12,POINT(9.461146 48.522779)
https://www.openstreetmap.org/node/6955805790,Bücherzelle,phone_box,"Stadt Rastatt, Gemeinwesenarbeit Bahnhoh/Industrie",,24/7,,2025-11-15T13:58:30,POINT(8.224607 48.852062)
https://www.openstreetmap.org/node/6956249116,,,Eppendorfer Heimatverein e. V.,,,,2026-05-31T04:05:20,POINT(7.179158 51.459922)
https://www.openstreetmap.org/node/6959468201,,,,,24/7,,2019-11-09T08:36:37,POINT(9.155052 50.187653)
https://www.openstreetmap.org/node/6960116842,,shelf,,,,,2025-01-07T15:37:03,POINT(7.004213 50.757632)
https://www.openstreetmap.org/node/6964774000,,glass_cabinet,,,,,2019-11-10T19:27:55,POINT(7.841159 47.679973)
https://www.openstreetmap.org/node/6966026693,Bücherschrank,,,,,2022-03-21,2022-03-21T15:58:09,POINT(7.605757 51.978224)
https://www.openstreetmap.org/node/6980978155,,phone_box,,,,,2019-11-15T18:19:57,POINT(7.389754 51.383612)
https://www.openstreetmap.org/node/6989382440,,wooden_cabinet,,,24/7,,2024-02-06T14:41:48,POINT(9.111400 49.238170)
https://www.openstreetmap.org/node/6989678428,,shelf,,,,2025-12-12,2025-12-12T09:32:46,POINT(8.632728 50.583344)
https://www.openstreetmap.org/node/6992825678,,,,,,2026-05-19,2026-05-19T13:08:51,POINT(9.705179 52.438649)
https://www.openstreetmap.org/node/6995355371,,wooden_cabinet,Pro Mendig e.V.,,24/7,,2024-02-20T20:49:41,POINT(7.259095 50.373930)
https://www.openstreetmap.org/node/7003263879,Der Bücherwurm,,,,,,2019-11-22T22:11:38,POINT(7.483010 52.674000)
https://www.openstreetmap.org/node/7006576248,,,,,,,2019-11-24T18:24:09,POINT(6.767410 51.435775)
https://www.openstreetmap.org/node/7013719601,Bücherzelle,phone_box,,,,,2024-05-31T00:00:45,POINT(10.173429 51.742025)
https://www.openstreetmap.org/node/7020190897,,,,,,,2023-06-04T13:19:41,POINT(13.758422 52.415267)
https://www.openstreetmap.org/node/7023419731,,,,,,2024-10-19,2024-10-22T16:34:00,POINT(7.208631 50.628769)
https://www.openstreetmap.org/node/7023625581,,,,,,2024-05-05,2024-05-05T20:33:31,POINT(13.753069 52.422102)
https://www.openstreetmap.org/node/7024310745,Bücherbox,shed,Initiative Lebensraum Möhringen (ILM),,,2023-04-29,2024-05-27T02:20:33,POINT(9.147356 48.729443)
https://www.openstreetmap.org/node/7027067588,,phone_box,,,24/7,2026-06-29,2026-06-29T18:34:26,POINT(8.588146 53.534443)
https://www.openstreetmap.org/node/7038517246,Bücherbox,phone_box,,,,2025-09-07,2025-09-07T12:55:32,POINT(13.303989 52.525200)
https://www.openstreetmap.org/node/7038831925,Bücherbox,phone_box,Ärztehaus und Ärztegemeinschaft Neubrandenburg,,24/7,,2023-08-19T22:11:37,POINT(13.259458 53.555913)
https://www.openstreetmap.org/node/7041325476,,,,,,2025-12-20,2025-12-20T10:14:05,POINT(8.821639 49.895548)
https://www.openstreetmap.org/node/7041951475,Bücherschrank Solln,metal_cabinet,,,24/7,2025-07-26,2025-07-26T11:30:45,POINT(11.507783 48.078299)
https://www.openstreetmap.org/node/7043054004,,,,,,2026-04-05,2026-04-05T13:26:01,POINT(10.219009 47.559767)
https://www.openstreetmap.org/node/7051856878,,,,,,,2019-12-12T12:04:03,POINT(6.442514 51.180141)
https://www.openstreetmap.org/node/7055261360,,shelf,Stadtbibliothek AIchtal,,24/7,2024-12-10,2026-07-17T20:58:24,POINT(9.263435 48.626140)
https://www.openstreetmap.org/node/7055261362,,reading_box,,,,2024-03-09,2024-11-15T00:16:15,POINT(9.203214 48.550915)
https://www.openstreetmap.org/node/7055261363,,phone_box,,,,2026-06-06,2026-06-06T16:50:33,POINT(8.687396 48.443626)
https://www.openstreetmap.org/node/7055261364,,phone_box,,,,2026-06-25,2026-06-25T08:55:42,POINT(9.451497 48.646125)
https://www.openstreetmap.org/node/7055261365,Bücherschrank im Schlosshof,wooden_cabinet,,,,2024-08-10,2024-08-10T17:57:17,POINT(9.096239 48.453509)
https://www.openstreetmap.org/node/7055261366,Bücherbaum Familie Simon,sculpture,,,,2023-03-22,2023-03-22T09:48:45,POINT(9.056417 48.529443)
https://www.openstreetmap.org/node/7055261367,Bücherschrank Kilchberg,wooden_cabinet,,,,2026-04-01,2026-04-01T09:40:59,POINT(9.017032 48.488555)
https://www.openstreetmap.org/node/7055424353,,,,,,,2019-12-13T20:20:10,POINT(12.204892 48.920023)
https://www.openstreetmap.org/node/7056278863,,,IKEA,,"Mo-Th 10:00-20:00; Fr 10:00-22:00; Sa 10:00-21:00; Su, PH off",2025-10-15,2025-10-15T18:48:16,POINT(6.897711 50.984527)
https://www.openstreetmap.org/node/7066038470,,shelter,,,,2025-01-09,2025-01-09T16:48:56,POINT(9.400240 47.693884)
https://www.openstreetmap.org/node/7071726624,,,,,,2024-08-09,2024-08-09T18:06:56,POINT(8.994295 50.014894)
https://www.openstreetmap.org/node/7072314293,Öffentliches Bücherregal am Marktplatz Ludwigsburg,shelf,,,,2025-11-05,2025-11-05T17:22:22,POINT(9.191159 48.896905)
https://www.openstreetmap.org/node/7072314295,Bücherzelle am IBM-Klubhaus,phone_box,,,,,2019-12-20T14:53:34,POINT(9.036995 48.668132)
https://www.openstreetmap.org/node/7072314296,Bücherschrank am AWO-Haus,metal_cabinet,,,,2024-03-19,2024-03-27T19:10:58,POINT(9.004819 48.677465)
https://www.openstreetmap.org/node/7076329112,,,Gemeinde Schnakenbek,,24/7,2026-05-17,2026-05-17T12:58:04,POINT(10.504128 53.382850)
https://www.openstreetmap.org/node/7082730814,,,,,,2025-08-16,2025-08-16T07:29:38,POINT(6.726993 51.433861)
https://www.openstreetmap.org/node/7085980228,,,,,,2022-08-26,2022-08-26T08:21:11,POINT(11.831746 47.788108)
https://www.openstreetmap.org/node/7087052799,,wooden_cabinet,,,,2025-08-28,2025-08-28T12:24:58,POINT(7.613320 52.091007)
https://www.openstreetmap.org/node/7096148488,,,,,,,2019-12-30T17:02:53,POINT(8.998068 50.233114)
https://www.openstreetmap.org/node/7099749890,,,,,,,2025-11-08T20:33:38,POINT(7.814765 47.945387)
https://www.openstreetmap.org/node/7102743966,Kressbronner Lesepavillon,,,,,,2020-01-02T21:01:50,POINT(9.595875 47.588432)
https://www.openstreetmap.org/node/7105155425,,wooden_cabinet,,,,2024-07-14,2024-07-14T15:51:07,POINT(9.391810 52.380627)
https://www.openstreetmap.org/node/7105160695,,,,,,2025-03-25,2025-03-25T15:34:13,POINT(9.570547 52.272220)
https://www.openstreetmap.org/node/7106829468,Bücherschrank,,,,,,2021-04-07T21:23:35,POINT(8.193503 49.937526)
https://www.openstreetmap.org/node/7107780150,Bücherschrank,,,,,,2024-07-03T15:29:51,POINT(10.338934 54.116732)
https://www.openstreetmap.org/node/7107825802,,,,,,,2024-09-17T05:24:19,POINT(10.278697 54.238960)
https://www.openstreetmap.org/node/7108553688,,,,,24/7,2024-12-25,2024-12-25T18:28:02,POINT(6.324117 51.516560)
https://www.openstreetmap.org/node/7108612955,Offenes Bücherregal,wooden_cabinet,Zusammen in der Postsiedlung e.V.,https://www.postsiedlung.de/blog/2019/12/15/neuer-buecherschrank-fuer-die-postsiedlung-eingeweiht/,24/7,2024-07-24,2024-07-24T16:28:31,POINT(8.638781 49.857475)
https://www.openstreetmap.org/node/7111517440,,phone_box,,,,2024-08-11,2025-05-15T18:22:21,POINT(14.806013 50.896107)
https://www.openstreetmap.org/node/7111722089,,,,,,2024-10-26,2024-10-26T16:03:26,POINT(11.496642 49.931911)
https://www.openstreetmap.org/node/7111742344,,,,,,,2024-01-04T08:59:40,POINT(11.389409 50.025536)
https://www.openstreetmap.org/node/7112956150,,,,,24/7,,2020-03-26T16:01:36,POINT(14.658883 51.196792)
https://www.openstreetmap.org/node/7116266266,,phone_box,,,,2026-04-14,2026-04-14T17:04:23,POINT(8.486640 49.751350)
https://www.openstreetmap.org/node/7116266267,,phone_box,,,,2024-08-06,2024-08-06T20:55:31,POINT(8.488238 49.733498)
https://www.openstreetmap.org/node/7117999840,,,,,,2025-10-29,2025-10-29T06:47:48,POINT(7.013461 51.459199)
https://www.openstreetmap.org/node/7125120548,,,,,,2024-09-25,2024-09-25T07:46:20,POINT(7.017009 51.065192)
https://www.openstreetmap.org/node/7125946782,,,,,,,2024-11-05T20:24:44,POINT(6.882016 51.429576)
https://www.openstreetmap.org/node/7126088570,,,,,,2023-10-07,2023-10-08T09:35:43,POINT(6.440457 51.198524)
https://www.openstreetmap.org/node/7129489451,,,,,,2024-05-11,2024-05-11T12:14:20,POINT(8.333096 54.963218)
https://www.openstreetmap.org/node/7135829077,Offener Bücherschrank Schnatgang,phone_box,Wüsteninitiative e.V. und Rheinhard Richter,,Mo-Su 09:00-19:00,2026-05-17,2026-05-17T17:32:33,POINT(8.037617 52.270518)
https://www.openstreetmap.org/node/7136838532,,metal_cabinet,,,24/7,2022-08-31,2022-08-31T17:05:02,POINT(8.692986 48.899053)
https://www.openstreetmap.org/node/7137309823,,,,,24/7,2024-10-29,2025-04-13T15:24:38,POINT(8.437047 48.797978)
https://www.openstreetmap.org/node/7141751694,,reading_box,,https://webopac.winbiap.de/thannhausen/index.aspx,24/7,,2020-01-18T21:43:22,POINT(10.469907 48.282464)
https://www.openstreetmap.org/node/7141886818,,,,,,2025-06-26,2025-06-26T12:29:24,POINT(9.441980 51.313848)
https://www.openstreetmap.org/node/7149543635,,,,,,2025-08-13,2025-08-13T10:46:19,POINT(8.053798 49.975359)
https://www.openstreetmap.org/node/7155773492,,,,,"PH,Mo-Su 07:00-21:00",2025-05-20,2025-05-20T14:31:23,POINT(10.112958 54.326119)
https://www.openstreetmap.org/node/7156739332,,phone_box,,,,2023-03-20,2025-12-13T15:01:08,POINT(10.239191 53.569738)
https://www.openstreetmap.org/node/7156850618,,phone_box,,,24/7,,2020-01-24T15:58:41,POINT(9.728712 51.803047)
https://www.openstreetmap.org/node/7158553304,,shelf,,,,2025-08-06,2025-08-06T13:00:47,POINT(7.207057 50.793340)
https://www.openstreetmap.org/node/7158553305,,shelf,RSAG AöR,,,,2022-07-07T19:16:39,POINT(7.206201 50.791067)
https://www.openstreetmap.org/node/7158553307,,shelf,Lais Espressostudio,,,2024-07-24,2024-07-24T15:19:02,POINT(7.209778 50.798015)
https://www.openstreetmap.org/node/7161216732,Öffentliches Bücherregal,shelf,,,,,2023-01-19T13:52:55,POINT(8.695262 49.411601)
https://www.openstreetmap.org/node/7167096891,,phone_box,,,,2023-09-20,2023-09-25T16:54:54,POINT(6.778175 51.365385)
https://www.openstreetmap.org/node/7175613430,,,,,,,2020-01-31T17:50:19,POINT(8.919919 49.298973)
https://www.openstreetmap.org/node/7175951274,,,,,,,2024-11-29T20:13:41,POINT(9.902615 52.055619)
https://www.openstreetmap.org/node/7178916079,,,,,,2025-08-10,2025-08-10T18:26:00,POINT(8.621498 50.105581)
https://www.openstreetmap.org/node/7178940338,,,,,,2025-06-15,2025-06-15T15:21:00,POINT(8.626894 50.098301)
https://www.openstreetmap.org/node/7179536170,öffentlicher Bücherschrank,phone_box,,,,2025-05-04,2025-05-04T18:05:54,POINT(8.616826 50.227119)
https://www.openstreetmap.org/node/7182389402,Bücherkiste,reading_box,,,,,2020-02-03T19:32:28,POINT(13.672398 51.048753)
https://www.openstreetmap.org/node/7182399104,Bücherkiste,phone_box,,,,2026-04-27,2026-04-27T13:15:10,POINT(13.738539 51.029352)
https://www.openstreetmap.org/node/7188338137,,,,,,2026-04-06,2026-04-06T13:17:08,POINT(9.818080 52.199827)
https://www.openstreetmap.org/node/7196715287,,phone_box,,,24/7,2025-11-18,2025-11-18T10:50:39,POINT(13.353346 50.954505)
https://www.openstreetmap.org/node/7197124432,,,Bügerverein Karlsruhe-Beiertheim,https://www.beiertheim.de/,,2026-01-24,2026-01-24T13:15:13,POINT(8.390224 48.993896)
https://www.openstreetmap.org/node/7205889132,,,,,,2024-08-11,2025-07-26T08:35:44,POINT(7.633633 51.962214)
https://www.openstreetmap.org/node/7211288297,,,,,,2024-08-03,2024-08-03T10:01:48,POINT(8.116058 49.979562)
https://www.openstreetmap.org/node/7231498399,,wooden_cabinet,,,,,2020-02-20T21:53:54,POINT(9.861254 53.794472)
https://www.openstreetmap.org/node/7236523841,,phone_box,,,,2022-10-28,2024-08-19T12:45:42,POINT(8.485587 51.354605)
https://www.openstreetmap.org/node/7244591224,,,,,,2026-02-28,2026-02-28T15:36:51,POINT(9.773586 52.350602)
https://www.openstreetmap.org/node/7244591225,,,,,24/7,2024-08-23,2026-05-17T20:55:55,POINT(9.746988 52.358175)
https://www.openstreetmap.org/node/7258001791,,phone_box,,,,,2024-11-10T02:23:14,POINT(7.313590 51.217874)
https://www.openstreetmap.org/node/7258326965,Buchtausch-Pavillon,,,,Th 14:00-16:00,,2026-01-23T13:14:27,POINT(9.978957 48.394685)
https://www.openstreetmap.org/node/7261713968,Bücherbox,phone_box,Bürgerstiftung Neubrandenburg,,24/7,2025-10-14,2025-10-14T19:08:14,POINT(13.269320 53.555103)
https://www.openstreetmap.org/node/7266615772,,phone_box,,,,,2024-06-16T16:29:44,POINT(12.579138 52.480563)
https://www.openstreetmap.org/node/7291527243,,wooden_cabinet,,,,2025-12-27,2025-12-27T13:37:36,POINT(8.216145 50.073623)
https://www.openstreetmap.org/node/7292332990,,,,,,2024-09-25,2024-09-25T09:50:04,POINT(8.663321 50.118313)
https://www.openstreetmap.org/node/7295058127,,phone_box,,,,2024-08-10,2024-08-18T21:44:59,POINT(6.976098 50.934083)
https://www.openstreetmap.org/node/7295058128,,,,,,2025-04-13,2025-04-13T18:35:22,POINT(6.972955 50.934097)
https://www.openstreetmap.org/node/7296428937,,phone_box,,,,,2024-06-16T16:52:07,POINT(13.699079 52.369308)
https://www.openstreetmap.org/node/7297771092,,,,,,,2025-12-10T14:57:25,POINT(9.247500 48.726055)
https://www.openstreetmap.org/node/7311826900,,,,,,,2020-03-20T08:37:08,POINT(9.126907 50.170412)
https://www.openstreetmap.org/node/7313011986,,,,,,2024-05-10,2024-05-10T09:08:52,POINT(13.460942 50.973428)
https://www.openstreetmap.org/node/7319622643,,,,,,2023-06-04,2023-06-04T12:25:26,POINT(8.511381 50.087892)
https://www.openstreetmap.org/node/7319743292,,,,,,2023-06-20,2023-06-20T15:28:25,POINT(13.379083 52.580866)
https://www.openstreetmap.org/node/7325819050,,phone_box,,,,,2020-03-24T15:52:44,POINT(9.225569 50.209464)
https://www.openstreetmap.org/node/7327702872,,phone_box,,,,2023-05-16,2026-07-08T08:46:14,POINT(8.528133 50.154587)
https://www.openstreetmap.org/node/7329450164,Lese-Kiosk,wooden_cabinet,BürgerGenossenschaft Südstern e.V.,,,2026-03-13,2026-03-13T17:58:24,POINT(13.407116 52.489454)
https://www.openstreetmap.org/node/7333002890,,,,,,2024-07-15,2026-05-06T11:00:01,POINT(8.257164 49.987024)
https://www.openstreetmap.org/node/7334537909,,wooden_cabinet,,,,,2025-07-22T18:56:24,POINT(12.451450 47.778149)
https://www.openstreetmap.org/node/7335067699,Tauschbox,phone_box,,,24/7,,2025-12-26T12:54:12,POINT(13.817192 52.832737)
https://www.openstreetmap.org/node/7343698085,Lese-Futter-Häuschen,wooden_cabinet,,,24/7,2026-04-06,2026-04-05T22:05:22,POINT(9.933874 53.576495)
https://www.openstreetmap.org/node/7346847968,,wooden_cabinet,,,24/7,,2020-03-30T16:16:54,POINT(9.091450 49.080446)
https://www.openstreetmap.org/node/734687668,,phone_box,,,,2025-08-15,2025-08-15T12:47:35,POINT(11.936668 50.221526)
https://www.openstreetmap.org/node/7350429118,,,,,,2026-01-31,2026-01-31T18:52:03,POINT(7.378687 51.487389)
https://www.openstreetmap.org/node/7351818424,,phone_box,Gemeinde Leutenbach,,24/7,2022-12-08,2022-12-08T13:06:17,POINT(9.373749 48.900063)
https://www.openstreetmap.org/node/7359954655,Offener Bücherschrank,,,,,,2020-04-02T19:40:14,POINT(10.619021 47.778050)
https://www.openstreetmap.org/node/7368529904,,,,,24/7,,2025-04-06T17:02:23,POINT(8.942519 49.458963)
https://www.openstreetmap.org/node/7369383485,,glass_cabinet,Katholische Erwachsenenbildung Heilbronn,,24/7,2025-07-14,2025-07-15T05:35:33,POINT(9.211933 49.140926)
https://www.openstreetmap.org/node/7369454608,,,,,,2024-08-30,2024-08-30T22:46:09,POINT(11.071178 49.641059)
https://www.openstreetmap.org/node/7369457411,,,,,,2023-10-30,2023-10-30T14:34:47,POINT(8.773340 50.806970)
https://www.openstreetmap.org/node/7369764048,,,,,,2025-06-23,2025-06-22T22:57:58,POINT(8.572013 50.167809)
https://www.openstreetmap.org/node/7375329161,,,,,,,2025-07-09T08:13:23,POINT(8.309423 51.835238)
https://www.openstreetmap.org/node/7376605981,,,,,,,2020-04-07T19:24:03,POINT(13.171432 53.073533)
https://www.openstreetmap.org/node/7390320980,,,,,,,2020-04-10T18:16:28,POINT(8.497877 50.097101)
https://www.openstreetmap.org/node/7392737665,,metal_cabinet,,,24/7,2025-02-03,2025-02-03T08:33:36,POINT(11.755602 48.176559)
https://www.openstreetmap.org/node/7394163560,Tharandter Bücherzelle,phone_box,Tharandter Verschönerungsverein e.V.,,,2025-04-27,2025-04-27T14:03:01,POINT(13.582235 50.983672)
https://www.openstreetmap.org/node/7394550054,Bücherschrank,,,,24/7,2025-08-17,2025-08-17T10:32:40,POINT(9.111940 48.714998)
https://www.openstreetmap.org/node/7395181713,Bücherschrank Friedenskirche,,,,24/7,2025-05-11,2025-05-11T10:45:08,POINT(8.481008 49.477919)
https://www.openstreetmap.org/node/7399315865,,,,,,,2020-04-13T18:06:12,POINT(7.206594 49.174218)
https://www.openstreetmap.org/node/7399474979,MiNiBiB Wallstadt,,,,24/7,2025-03-28,2025-03-28T09:59:01,POINT(8.550362 49.496065)
https://www.openstreetmap.org/node/7399798254,,phone_box,,,,,2024-06-16T17:30:04,POINT(13.648344 52.317953)
https://www.openstreetmap.org/node/7399895129,,,,,,2026-03-06,2026-03-06T07:14:47,POINT(9.533468 48.805721)
https://www.openstreetmap.org/node/7401648867,,wooden_cabinet,,,24/7,2025-09-29,2025-09-29T17:25:20,POINT(8.809588 48.494734)
https://www.openstreetmap.org/node/7401648868,,phone_box,,,24/7,2024-02-16,2024-02-16T01:08:18,POINT(8.833169 48.521536)
https://www.openstreetmap.org/node/7401717754,,phone_box,,,,2025-04-15,2025-04-15T14:38:21,POINT(8.192077 51.351933)
https://www.openstreetmap.org/node/7403184484,Bücherschrank Herzogenried,,,,24/7,2025-12-07,2025-12-07T11:57:33,POINT(8.484254 49.505534)
https://www.openstreetmap.org/node/7407497890,Bücherschrank Feudenheim,,Kulturtreff Altes Radhaus,,24/7,2026-01-05,2026-01-05T10:35:09,POINT(8.533675 49.486640)
https://www.openstreetmap.org/node/7414190090,,phone_box,,,,2026-07-05,2026-07-05T12:50:53,POINT(9.695393 52.866202)
https://www.openstreetmap.org/node/7415001869,,,,,,2026-05-26,2026-05-26T14:53:31,POINT(12.825099 52.403495)
https://www.openstreetmap.org/node/7416381504,,,,,,,2020-04-18T06:54:11,POINT(8.298331 50.015231)
https://www.openstreetmap.org/node/7419074209,,,,,,2025-05-22,2025-08-12T09:31:42,POINT(8.637686 49.754570)
https://www.openstreetmap.org/node/7419760711,LeseEule,sculpture,Kulturamt Germering,,,,2020-04-19T16:41:17,POINT(11.362156 48.134198)
https://www.openstreetmap.org/node/7419944233,,shelter,,,,2025-02,2025-02-05T10:51:54,POINT(7.761373 51.647631)
https://www.openstreetmap.org/node/7422024479,LeseEi,sculpture,Kulturamt Germering,,,2023-07-17,2023-07-17T19:17:55,POINT(11.368409 48.125950)
https://www.openstreetmap.org/node/7424539701,,refrigerator,,,,2024-12-18,2024-12-18T17:37:54,POINT(11.382439 48.068976)
https://www.openstreetmap.org/node/7426469770,,metal_cabinet,Stadtbücherei Kaltenkirchen,,,2024-05-20,2024-05-20T11:41:13,POINT(9.965949 53.834774)
https://www.openstreetmap.org/node/7427560580,,phone_box,,,,2024-07-24,2024-07-24T11:48:56,POINT(12.496239 50.721240)
https://www.openstreetmap.org/node/7439252042,,shelf,,,24/7,2024-09-29,2024-09-29T15:53:46,POINT(9.359573 48.844001)
https://www.openstreetmap.org/node/7443495547,,shelter,,,,,2020-05-22T23:00:47,POINT(11.181141 49.558057)
https://www.openstreetmap.org/node/7449611686,Bücherbox,phone_box,,,,,2024-05-27T00:18:49,POINT(8.637925 53.036299)
https://www.openstreetmap.org/node/7454747835,,,,,,2026-04-06,2026-04-06T15:03:46,POINT(7.203023 51.437676)
https://www.openstreetmap.org/node/7460813927,,phone_box,,,,,2020-04-28T22:30:30,POINT(7.478030 49.210292)
https://www.openstreetmap.org/node/7464769082,,reading_box,,,,2024-08-04,2024-08-04T11:10:31,POINT(13.766263 51.011480)
https://www.openstreetmap.org/node/7470905941,,,,,,2023-09-09,2023-09-09T14:49:58,POINT(8.021850 52.258609)
https://www.openstreetmap.org/node/7471676386,,,,,,,2020-05-01T16:58:44,POINT(9.899902 51.502967)
https://www.openstreetmap.org/node/7475191659,,,,,24/7,2025-01-18,2025-01-18T15:54:21,POINT(6.966191 50.564058)
https://www.openstreetmap.org/node/7476256788,Offener Bücherschrank Berg am Laim,metal_cabinet,Bürgerkreis Berg am Laim e.V.,,24/7,2025-01-25,2025-01-25T12:56:18,POINT(11.631535 48.129508)
https://www.openstreetmap.org/node/7478345779,,phone_box,,,,,2024-09-08T09:51:18,POINT(13.148906 52.895613)
https://www.openstreetmap.org/node/7478966857,Bücherzelle Seifersbach,phone_box,,,24/7,,2024-05-31T00:34:39,POINT(13.037097 50.974519)
https://www.openstreetmap.org/node/7482060298,,glass_cabinet,,,,2022-11-06,2022-11-06T15:12:02,POINT(11.542375 48.137106)
https://www.openstreetmap.org/node/7492314349,,,,,,,2022-12-06T16:39:11,POINT(9.601059 48.792723)
https://www.openstreetmap.org/node/7496674035,Bücherschrank,,,,,2022-10-09,2026-06-12T15:33:48,POINT(8.682883 50.225797)
https://www.openstreetmap.org/node/7500540042,,metal_cabinet,Bürgerstiftung Nürnberg,https://www.buergerstiftung-nuernberg.de/projekte/eigene-projekte/oeffentliche-buecherschraenke.html,24/7,2025-06-22,2025-06-22T13:10:09,POINT(11.167270 49.463213)
https://www.openstreetmap.org/node/7501893727,,,,,,,2020-05-09T21:13:11,POINT(9.138396 48.903074)
https://www.openstreetmap.org/node/7502649015,,phone_box,,,,,2020-05-10T07:36:29,POINT(8.530811 49.443297)
https://www.openstreetmap.org/node/7504399657,,,,,,2026-02-07,2026-02-07T12:36:16,POINT(11.476237 48.164241)
https://www.openstreetmap.org/node/7507655765,,reading_box,,,,2023-06-08,2023-06-08T15:13:25,POINT(7.216870 51.460500)
https://www.openstreetmap.org/node/7514307695,,,Altstadtfreunde Lauf e.V.,,,2025-07-28,2025-07-28T17:24:23,POINT(11.280846 49.510286)
https://www.openstreetmap.org/node/7515663684,,,,,,,2020-06-09T19:27:29,POINT(7.326841 50.815047)
https://www.openstreetmap.org/node/7517021368,,,,,,,2020-05-14T07:56:14,POINT(8.835961 50.216352)
https://www.openstreetmap.org/node/7517437299,,wooden_cabinet,,,24/7,,2024-08-26T07:09:03,POINT(6.465105 51.172934)
https://www.openstreetmap.org/node/7528199150,,metal_cabinet,,,,2025-03-21,2026-01-15T11:50:54,POINT(7.126894 50.697840)
https://www.openstreetmap.org/node/7528659839,,glass_cabinet,,,,2025-06-15,2025-06-15T10:48:28,POINT(8.637433 50.125157)
https://www.openstreetmap.org/node/7529437589,Offener Bücherschrank Garching-Hochbrück,,Rotary-Club Garching-Ismaning,,,2022-08-02,2022-08-02T11:53:18,POINT(11.612218 48.247734)
https://www.openstreetmap.org/node/7531534812,,wooden_cabinet,,,,,2020-05-18T08:20:32,POINT(13.874773 52.884301)
https://www.openstreetmap.org/node/7533222611,,,,,,2025-01-13,2026-03-08T10:24:19,POINT(9.665353 50.542628)
https://www.openstreetmap.org/node/7533967586,,,,,"Mo-Fr 08:00-12:30,14:00-18:00; We,Sa 08:00-12:30; PH off",2025-03-03,2025-03-10T22:24:21,POINT(11.143297 49.682421)
https://www.openstreetmap.org/node/7539079957,,phone_box,Gemeinde Bargstedt,,24/7,,2025-04-20T19:54:26,POINT(9.445952 53.459855)
https://www.openstreetmap.org/node/7541624239,Bücherschrank,phone_box,,,,,2021-01-15T14:35:26,POINT(8.409450 49.232700)
https://www.openstreetmap.org/node/7548065095,,,,,24/7,2026-03-23,2026-03-26T18:21:16,POINT(8.641656 49.412101)
https://www.openstreetmap.org/node/7550103902,,shelter,,,,,2020-05-22T23:00:47,POINT(11.173176 49.560507)
https://www.openstreetmap.org/node/7550775822,,,,,,2026-03-29,2026-03-29T11:05:38,POINT(8.669884 48.869934)
https://www.openstreetmap.org/node/7551352935,,metal_cabinet,,,24/7,2025-05-30,2025-05-30T21:01:44,POINT(6.977683 51.446799)
https://www.openstreetmap.org/node/7551679858,,wooden_cabinet,,,,2026-06-07,2026-06-07T09:30:40,POINT(9.744993 52.381584)
https://www.openstreetmap.org/node/7553319087,,wooden_cabinet,,,24/7,2026-06-26,2026-06-26T07:07:05,POINT(13.139677 53.186731)
https://www.openstreetmap.org/node/7554375530,,,,,,2025-07-07,2025-07-07T18:51:43,POINT(13.416811 52.474681)
https://www.openstreetmap.org/node/7555873853,,shelter,,,24/7,2023-10-28,2023-10-28T12:40:56,POINT(11.118759 49.596286)
https://www.openstreetmap.org/node/7556975571,,,,,,,2020-05-25T19:07:50,POINT(7.693406 50.972981)
https://www.openstreetmap.org/node/7567371365,,phone_box,,,,2025-07-07,2025-07-07T10:16:55,POINT(11.728138 50.837138)
https://www.openstreetmap.org/node/7572674010,,,,,,2024-09-20,2024-09-20T16:27:28,POINT(8.681598 49.381973)
https://www.openstreetmap.org/node/7573079395,Öffentliches Bücherregal,,Theater in der Nussschale,,24/7,,2020-05-30T17:08:31,POINT(8.937608 48.892250)
https://www.openstreetmap.org/node/7577621302,,phone_box,,,2477,,2020-06-01T11:23:59,POINT(9.087413 50.308575)
https://www.openstreetmap.org/node/7577958899,,,,,,2024-08-12,2024-08-12T12:02:28,POINT(8.046596 52.283636)
https://www.openstreetmap.org/node/7578629934,,,,,,2026-05-02,2026-05-02T10:27:41,POINT(8.786095 50.805571)
https://www.openstreetmap.org/node/7581249839,,shelter,,,24/7,2025-06-12,2025-06-12T17:02:18,POINT(11.165750 49.573982)
https://www.openstreetmap.org/node/7589802546,,metal_cabinet,Die Gabel,,,,2023-04-24T06:41:55,POINT(6.848499 51.298284)
https://www.openstreetmap.org/node/7591387113,,,,,,2025-04-29,2025-04-29T15:09:30,POINT(9.099362 48.455445)
https://www.openstreetmap.org/node/759554381,,phone_box,Stadt Heusenstamm,,,2024-06-17,2025-03-10T18:37:31,POINT(8.806902 50.061701)
https://www.openstreetmap.org/node/7596433227,,shelter,,,24/7,,2020-06-05T19:01:17,POINT(11.076648 49.748928)
https://www.openstreetmap.org/node/7599640860,BOKX,,,,,2024-12-16,2024-12-29T14:43:40,POINT(8.550338 50.102393)
https://www.openstreetmap.org/node/7603767796,,wooden_cabinet,,,24/7,,2022-11-22T19:54:40,POINT(7.179118 51.514823)
https://www.openstreetmap.org/node/7609336943,,phone_box,,,,2025-01-06,2025-01-06T15:35:28,POINT(7.236400 51.291273)
https://www.openstreetmap.org/node/7610881291,,,,,,2025-09-08,2025-09-10T18:37:48,POINT(6.092099 50.762927)
https://www.openstreetmap.org/node/7621535448,,,,,,2026-03-20,2026-03-20T08:51:44,POINT(8.242708 49.991498)
https://www.openstreetmap.org/node/7627073201,,glass_cabinet,,,,2022-12-27,2022-12-27T14:38:29,POINT(7.357260 51.203033)
https://www.openstreetmap.org/node/7634603508,,,,,,,2020-06-19T08:25:30,POINT(7.201101 51.226335)
https://www.openstreetmap.org/node/7635079306,,,,,,,2020-06-19T10:49:12,POINT(8.361592 51.934169)
https://www.openstreetmap.org/node/7635864881,Little Free Library,wooden_cabinet,Sibylle Ströbele,https://littlefreelibrary.org,24/7,,2020-06-19T15:44:36,POINT(9.237751 48.094788)
https://www.openstreetmap.org/node/7636146490,,,,,,,2025-11-01T15:27:16,POINT(9.025266 51.795457)
https://www.openstreetmap.org/node/7640639823,,wooden_cabinet,,,,,2026-01-12T00:03:45,POINT(6.982471 49.290419)
https://www.openstreetmap.org/node/7644285774,,shelter,,,24/7,,2020-06-22T19:10:49,POINT(8.834808 49.241818)
https://www.openstreetmap.org/node/7644459744,,wooden_cabinet,,,24/7,,2020-06-22T20:48:19,POINT(7.651793 50.614480)
https://www.openstreetmap.org/node/7647465119,,,,,24/7,2023-10-05,2023-10-05T09:44:36,POINT(11.556006 48.124613)
https://www.openstreetmap.org/node/7650127440,,,,,,,2020-06-24T17:32:26,POINT(7.532681 50.027589)
https://www.openstreetmap.org/node/7650751557,Tauschbibliothek,phone_box,,,,,2024-06-24T00:52:45,POINT(13.179418 51.065309)
https://www.openstreetmap.org/node/7655342585,,,Sozialdienst katholischer Frauen,,,2024-12-14,2024-12-14T22:20:58,POINT(6.674400 50.905802)
https://www.openstreetmap.org/node/7655375970,,,,,,2022-12-04,2022-12-04T07:33:59,POINT(7.129850 50.042669)
https://www.openstreetmap.org/node/765583987,,,,,Apr-Oct: Mo-Su 08:00-21:00,2023-10-12,2026-05-01T18:46:33,POINT(10.893506 48.372537)
https://www.openstreetmap.org/node/7656235550,,,,,,,2026-05-25T19:48:14,POINT(8.317364 51.776622)
https://www.openstreetmap.org/node/7658683959,,,Gemeinde Wörthsee,,,,2020-06-27T15:10:22,POINT(11.184283 48.069069)
https://www.openstreetmap.org/node/7661785964,,,,,,2024-11-02,2024-11-02T12:52:22,POINT(6.497747 50.574282)
https://www.openstreetmap.org/node/7662054944,,,,,24/7,2026-07-23,2026-07-25T16:37:52,POINT(6.270225 50.819474)
https://www.openstreetmap.org/node/7668719547,,shelf,,,24/7,,2020-06-30T07:00:07,POINT(9.268184 49.792121)
https://www.openstreetmap.org/node/7670771300,,,,,,2026-05-24,2026-05-24T15:26:49,POINT(8.604725 51.671260)
https://www.openstreetmap.org/node/7680707266,,,,,,,2025-06-24T18:21:20,POINT(13.794152 53.128726)
https://www.openstreetmap.org/node/7682688974,,shelf,,,,,2020-07-04T12:46:44,POINT(11.036829 48.067638)
https://www.openstreetmap.org/node/7683988391,,,,,24/7,,2020-07-04T22:40:39,POINT(9.432402 51.131487)
https://www.openstreetmap.org/node/7684621724,,,,,,,2022-10-07T09:06:28,POINT(9.792025 54.718750)
https://www.openstreetmap.org/node/7684906451,Offener Bücherschrank,,,,,,2020-07-05T13:25:24,POINT(8.746947 50.400246)
https://www.openstreetmap.org/node/7687779657,,,,,,,2020-07-06T13:01:21,POINT(10.971281 49.941327)
https://www.openstreetmap.org/node/7692349315,Entschleunigungs-Terminal,wooden_cabinet,,,,,2023-08-15T16:43:00,POINT(9.611837 51.088427)
https://www.openstreetmap.org/node/7695783618,,metal_cabinet,,,,2023-09-11,2026-01-26T05:20:05,POINT(7.017797 49.217135)
https://www.openstreetmap.org/node/7704522374,,phone_box,,,,,2021-08-26T18:26:02,POINT(11.155047 52.855345)
https://www.openstreetmap.org/node/7704522375,,,,,,2025-05-03,2025-05-03T04:18:11,POINT(10.889645 52.868977)
https://www.openstreetmap.org/node/7704522376,,,,,,2022-08-19,2022-08-19T07:16:05,POINT(10.960657 52.890692)
https://www.openstreetmap.org/node/7704871144,,metal_cabinet,,,24/7,2023-01-03,2023-01-03T09:04:44,POINT(6.909171 50.948012)
https://www.openstreetmap.org/node/7704935855,Kinder-Bücherbox,phone_box,,,,,2020-07-11T13:43:43,POINT(13.473180 52.465475)
https://www.openstreetmap.org/node/7706489477,,,,,,,2020-07-12T05:34:51,POINT(14.602500 52.565212)
https://www.openstreetmap.org/node/7707396043,,metal_cabinet,,,24/7,2026-07-10,2026-07-10T04:26:53,POINT(7.457925 50.310712)
https://www.openstreetmap.org/node/7708082072,Bücher Ecke,phone_box,,,,,2024-01-12T01:57:05,POINT(7.708579 47.840403)
https://www.openstreetmap.org/node/7710392385,,,,,,2023-05-19,2023-05-19T13:46:16,POINT(7.771167 49.150648)
https://www.openstreetmap.org/node/7710441282,Bücherbox Maria-Thann,,Hergatz liest,,,,2021-08-20T10:39:06,POINT(9.875574 47.655887)
https://www.openstreetmap.org/node/7710454831,Bücherbox Höhenweg,,Hergatz liest,,,,2020-07-13T11:30:58,POINT(9.826505 47.649088)
https://www.openstreetmap.org/node/7710454957,Bücherbox Wohmbrechts,,Hergatz liest,,,,2020-07-13T11:33:00,POINT(9.854398 47.657474)
https://www.openstreetmap.org/node/7710976601,Bücherbaum,sculpture,,,,2024-09-07,2024-09-07T13:35:42,POINT(13.379155 52.558272)
https://www.openstreetmap.org/node/7711706535,,,,,,2026-01-03,2026-01-03T13:07:22,POINT(13.197181 53.246453)
https://www.openstreetmap.org/node/7713605519,,reading_box,Bürgerschaft Margarethenhöhe e.V.,,,2026-05-14,2026-05-14T15:41:03,POINT(6.975704 51.424575)
https://www.openstreetmap.org/node/7717465081,,phone_box,,,,2026-03-09,2026-03-09T11:29:52,POINT(8.992559 50.187574)
https://www.openstreetmap.org/node/7717465082,,glass_cabinet,,,,2026-05-09,2026-05-09T16:34:34,POINT(8.991989 50.190612)
https://www.openstreetmap.org/node/7717675371,,shelf,REWE Daniela Ketzscher oHG,https://booksharing-dresden.com/buechertausch-im-rewe,Mo-Sa 09:00-21:00,,2023-11-18T19:23:43,POINT(13.735371 51.048110)
https://www.openstreetmap.org/node/7719754492,Tausch.Bücher.Box.,reading_box,Gemeinde Gröbenzell,,,2024-10-21,2024-10-21T13:21:10,POINT(11.363399 48.204409)
https://www.openstreetmap.org/node/7719754493,Tausch.Bücher.Box.,reading_box,Gemeinde Gröbenzell,,,2024-10-21,2024-10-21T13:31:24,POINT(11.364940 48.200233)
https://www.openstreetmap.org/node/7720766100,Bücherschrank Heddernheim,metal_cabinet,Ortsbeirat 8,,24/7,2024-09-19,2024-09-19T21:43:38,POINT(8.645644 50.160394)
https://www.openstreetmap.org/node/7720905466,,,,,,,2020-07-16T11:50:00,POINT(9.305639 51.707263)
https://www.openstreetmap.org/node/7726505756,,,,,,2025-09-14,2025-09-14T09:29:20,POINT(8.064142 51.396225)
https://www.openstreetmap.org/node/7727449284,Mögglinger Bücherschränkle,wooden_cabinet,,,,2026-03-09,2026-03-09T15:21:42,POINT(9.961087 48.821768)
https://www.openstreetmap.org/node/7728150520,,,,,Mo-Su 00:00-23:59,,2023-12-26T18:37:46,POINT(13.748053 50.828899)
https://www.openstreetmap.org/node/7728898081,,shelf,,,24/7,2024-06-02,2026-02-10T23:18:53,POINT(9.022603 52.568450)
https://www.openstreetmap.org/node/7728966763,,metal_cabinet,Stadt Frankfurt,,,,2023-07-01T06:50:29,POINT(8.684348 50.154306)
https://www.openstreetmap.org/node/7734189614,,,,,,2023-02-17,2023-02-17T21:20:30,POINT(9.730056 52.176947)
https://www.openstreetmap.org/node/7737826383,,glass_cabinet,,,,2025-10-26,2025-10-26T11:37:17,POINT(8.742524 50.365552)
https://www.openstreetmap.org/node/7746249940,EuropaboXX,phone_box,BücherboXX,,,2024-07-30,2024-07-30T15:43:36,POINT(13.319599 52.489171)
https://www.openstreetmap.org/node/7746579119,,,,,,,2020-07-25T13:00:09,POINT(7.860740 48.341848)
https://www.openstreetmap.org/node/7747213574,,wooden_cabinet,Initiative für Wichmannsdorf e.V.,,24/7,2024-03-30,2024-03-30T15:38:47,POINT(11.736504 54.113224)
https://www.openstreetmap.org/node/7751949894,,metal_cabinet,Stadt Frankfurt,,24/7,2026-04-03,2026-04-03T14:15:30,POINT(8.755340 50.143044)
https://www.openstreetmap.org/node/7751976665,Bücherschrank Mertonviertel,metal_cabinet,Stadt Frankfurt,,24/7,2025-03-11,2025-03-11T18:09:45,POINT(8.640518 50.166988)
https://www.openstreetmap.org/node/7752495855,,phone_box,,,,,2024-06-24T00:59:13,POINT(6.996710 49.433747)
https://www.openstreetmap.org/node/7752508190,,wooden_cabinet,,,,,2022-11-07T18:39:05,POINT(8.468135 51.983113)
https://www.openstreetmap.org/node/7758311529,,,,,,,2022-08-28T19:00:20,POINT(8.913616 48.583355)
https://www.openstreetmap.org/node/7761885353,,,,,,2025-10-10,2025-10-10T16:21:43,POINT(6.870374 51.407279)
https://www.openstreetmap.org/node/7772840194,,phone_box,,,,2026-03-22,2026-03-22T17:07:59,POINT(8.583892 50.200284)
https://www.openstreetmap.org/node/7778790198,,phone_box,,,24/7,,2020-08-02T18:26:19,POINT(12.555355 48.025034)
https://www.openstreetmap.org/node/7783616129,,,,,,2024-08-17,2024-08-17T16:52:06,POINT(8.094065 52.477763)
https://www.openstreetmap.org/node/7785243836,Bücherschrank Mohrvilla,wooden_cabinet,Mohrvilla,,,2025-03-23,2026-06-16T13:14:26,POINT(11.618415 48.193896)
https://www.openstreetmap.org/node/7788081287,,,,,,,2020-08-05T18:45:40,POINT(7.810389 48.265561)
https://www.openstreetmap.org/node/779352904,Bücherzelle,phone_box,,,,2024-02-17,2024-02-17T19:01:16,POINT(11.012761 49.412659)
https://www.openstreetmap.org/node/7794250431,Büchertausch,phone_box,,,,2025-11-09,2025-11-09T15:08:00,POINT(12.145368 54.087494)
https://www.openstreetmap.org/node/7798170599,,wooden_cabinet,,,24/7,2024-05-30,2024-05-30T10:00:44,POINT(11.039699 48.106132)
https://www.openstreetmap.org/node/7798403310,,,,,24/7,,2023-01-04T22:26:49,POINT(8.584327 49.151885)
https://www.openstreetmap.org/node/7798945407,Bücherschrank Weißer Stein,phone_box,,,24/7,,2025-07-07T12:40:59,POINT(6.372932 50.409273)
https://www.openstreetmap.org/node/7801448863,,,,,,,2020-08-10T15:48:17,POINT(9.703475 48.586492)
https://www.openstreetmap.org/node/7801464060,,metal_cabinet,,,,,2025-10-16T18:37:33,POINT(9.680105 48.578865)
https://www.openstreetmap.org/node/7801836560,,reading_box,Lions Hilfswerk Ettlingen e.V.,,24/7,2026-03-11,2026-03-11T21:05:25,POINT(8.409402 48.939141)
https://www.openstreetmap.org/node/7803881764,Öffentlicher Bücherschrank,,,,24/7,,2020-08-11T12:42:11,POINT(9.215601 52.437780)
https://www.openstreetmap.org/node/7806173390,Bücherregal im REWE,,REWE,,Mo-Sa 07:00-20:00,,2026-07-19T05:45:42,POINT(9.152586 49.985044)
https://www.openstreetmap.org/node/7807233596,,,,,,2023-01-27,2023-01-27T21:25:01,POINT(7.292101 51.283858)
https://www.openstreetmap.org/node/7811816060,Offener Bücherschrank Hadern,,Kultur in Hadern e.V.,https://kultur-in-hadern.de,,2026-07-10,2026-07-27T10:29:56,POINT(11.478751 48.115626)
https://www.openstreetmap.org/node/7812737710,,phone_box,,,,,2025-06-13T19:31:46,POINT(13.354334 52.339569)
https://www.openstreetmap.org/node/7817506465,,wooden_box,,,,,2020-08-16T16:09:06,POINT(13.075873 52.578518)
https://www.openstreetmap.org/node/7825269370,,shelf,,,,2025-09-21,2025-09-21T15:56:15,POINT(6.889791 51.090880)
https://www.openstreetmap.org/node/7826841755,,shelf,,,,2026-03-29,2026-03-29T12:36:50,POINT(6.657491 53.588001)
https://www.openstreetmap.org/node/7826841756,,shelf,,,,2025-08-21,2025-08-21T07:04:09,POINT(6.657396 53.587987)
https://www.openstreetmap.org/node/7832708153,Bücherschrank,phone_box,,,,,2020-08-21T14:41:41,POINT(10.715711 48.426392)
https://www.openstreetmap.org/node/7834155402,,,,,,2025-05-21,2025-05-21T12:44:28,POINT(10.563917 47.565910)
https://www.openstreetmap.org/node/7836629514,,,,,,2022-10-21,2022-10-21T12:00:23,POINT(8.201212 52.523708)
https://www.openstreetmap.org/node/7837846007,Rotary Cliub Hattingen,glass_cabinet,Rotary Club Hattingen,,24/7,,2022-08-11T07:42:03,POINT(7.180540 51.415494)
https://www.openstreetmap.org/node/7849863167,,,,,,2024-10-06,2024-10-06T12:44:08,POINT(8.720441 50.140977)
https://www.openstreetmap.org/node/7850719083,Lese-Stall,,,,,2025-02-27,2025-03-08T13:54:03,POINT(10.835577 47.981231)
https://www.openstreetmap.org/node/7857000714,,,,,,,2024-01-28T19:58:14,POINT(9.914651 51.547272)
https://www.openstreetmap.org/node/7858131396,,wooden_cabinet,,,,2023-10-12,2023-10-12T20:10:12,POINT(9.616551 52.678393)
https://www.openstreetmap.org/node/7859536843,Ludwigsluster Bücherbox,phone_box,Stadt Ludwigslust,,,,2023-08-19T23:23:17,POINT(11.485373 53.333346)
https://www.openstreetmap.org/node/7859585663,Bücherzelle,phone_box,,,,,2024-06-16T02:06:24,POINT(12.979797 52.519505)
https://www.openstreetmap.org/node/7866019793,,,,,,,2020-09-01T18:23:54,POINT(7.303284 50.507333)
https://www.openstreetmap.org/node/7871124234,1. Lauterbacher Tauschkiste,,,,,,2020-09-03T06:01:51,POINT(12.155011 50.401737)
https://www.openstreetmap.org/node/7873544656,Bücheroase,phone_box,Kiezoase Schöneberg,,,2024-04-02,2024-11-08T16:19:42,POINT(13.352728 52.491931)
https://www.openstreetmap.org/node/7873573803,,,,,,,2020-09-03T19:50:23,POINT(7.541791 47.659566)
https://www.openstreetmap.org/node/7876555458,,glass_cabinet,,,24/7,2025-01-05,2025-01-20T19:03:48,POINT(10.991237 49.472959)
https://www.openstreetmap.org/node/7877197635,,,,,,,2020-09-05T04:53:32,POINT(14.050135 50.873638)
https://www.openstreetmap.org/node/7877227219,,,,,,2025-12-01,2025-12-01T07:57:47,POINT(13.127769 52.318778)
https://www.openstreetmap.org/node/7878230452,,metal_cabinet,,,,,2020-09-05T12:13:06,POINT(8.674615 50.255402)
https://www.openstreetmap.org/node/7879394721,Schmökerkiste,,,,24/7,,2020-09-05T18:34:32,POINT(9.299264 50.303668)
https://www.openstreetmap.org/node/7882036842,Bücherschrank,,Otschaftsverwaltung Auernheim/Steinweiler,,24/7,,2020-09-06T21:08:34,POINT(10.294389 48.729619)
https://www.openstreetmap.org/node/7882059008,,,,,,,2020-09-06T21:21:38,POINT(12.511678 51.105479)
https://www.openstreetmap.org/node/7900030793,Bücherhüsli,phone_box,,,,,2024-01-12T01:51:51,POINT(7.652696 47.671418)
https://www.openstreetmap.org/node/7902383823,,,,,,2024-05-22,2024-05-22T12:06:33,POINT(8.567759 49.654123)
https://www.openstreetmap.org/node/7902537227,,,,,,2026-04-15,2026-04-15T18:27:51,POINT(8.180798 49.609477)
https://www.openstreetmap.org/node/7906156167,Bücherboxx,phone_box,,,,,2023-10-04T10:47:19,POINT(14.804382 50.892775)
https://www.openstreetmap.org/node/7912717568,,,,,24/7,2023-10-17,2023-10-17T10:12:05,POINT(9.449607 52.480413)
https://www.openstreetmap.org/node/7913130421,,,,,,,2020-09-16T13:12:09,POINT(11.228347 49.554654)
https://www.openstreetmap.org/node/7913994121,,,,,,2024-12-08,2024-12-08T12:07:27,POINT(8.550983 50.508168)
https://www.openstreetmap.org/node/7914391677,,,,,,2025-11-16,2025-11-16T19:24:52,POINT(6.126594 50.795378)
https://www.openstreetmap.org/node/7922825356,,phone_box,,,,,2024-05-26T00:57:10,POINT(6.410178 50.519318)
https://www.openstreetmap.org/node/7923069684,,metal_cabinet,,,,2024-04-17,2024-04-17T10:02:45,POINT(8.169364 50.020958)
https://www.openstreetmap.org/node/7923461493,,building,,,24/7,,2023-08-03T00:16:45,POINT(11.911034 47.964852)
https://www.openstreetmap.org/node/7925889517,,wooden_cabinet,DRK,,24/7,,2020-09-20T18:34:50,POINT(8.945027 53.696396)
https://www.openstreetmap.org/node/7925889524,Bücherzelle SB,phone_box,,,,2023-06-28,2024-05-12T18:50:43,POINT(8.989159 53.784676)
https://www.openstreetmap.org/node/7925889525,,,DRK und DRK-Kindergarten Otterndorf,,,,2020-09-20T18:34:50,POINT(8.903976 53.806085)
https://www.openstreetmap.org/node/7927676444,FfE public bookcase,phone_box,Forschungsstelle für Energiewirtschaft e.V.,https://www.ffe.de/news/openbook-ffe-de-der-oeffentliche-buechertauschschrank-der-ffe/,24/7,,2023-08-15T00:13:32,POINT(11.510300 48.200850)
https://www.openstreetmap.org/node/7928995601,,metal_cabinet,Gemeinde Welver;innogy,,24/7,,2020-09-21T17:57:12,POINT(7.957730 51.618356)
https://www.openstreetmap.org/node/7933655324,,shelter,,,,,2020-09-23T07:40:15,POINT(11.159154 49.535027)
https://www.openstreetmap.org/node/7934746212,,,,,,2025-09-24,2025-09-24T15:43:59,POINT(9.240610 50.477963)
https://www.openstreetmap.org/node/7938696964,,glass_cabinet,,,,,2020-09-24T16:06:12,POINT(11.916497 50.319924)
https://www.openstreetmap.org/node/7945024964,,wooden_cabinet,,,,2025-06-12,2025-10-30T13:00:49,POINT(9.596216 52.418594)
https://www.openstreetmap.org/node/7945633351,Bücherzelle,phone_box,,,,2024-09-14,2024-09-14T05:29:43,POINT(9.945229 54.761751)
https://www.openstreetmap.org/node/7955535410,Bücherbox,phone_box,Lebenshilfe Neubrandenburg e.V.,,24/7,,2023-08-19T22:11:37,POINT(13.295220 53.555900)
https://www.openstreetmap.org/node/7955841901,Bücherbox,phone_box,Albert-Einstein-Gymnasium,,,,2020-09-29T17:26:12,POINT(13.267900 53.565877)
https://www.openstreetmap.org/node/7959640687,Bücherbox,wooden_cabinet,,,,,2020-09-30T12:51:31,POINT(9.740879 54.727609)
https://www.openstreetmap.org/node/7966721623,Büchertankstelle Lesse,wooden_cabinet,,,,,2026-01-02T12:26:09,POINT(10.259559 52.161632)
https://www.openstreetmap.org/node/7968686993,,phone_box,,,,2024-07-19,2024-07-19T19:06:46,POINT(13.678201 51.156902)
https://www.openstreetmap.org/node/7974891801,Büchergrotte,shelter,,,24/7,,2023-03-12T21:56:34,POINT(8.669831 47.908531)
https://www.openstreetmap.org/node/7975188172,Schmerzer Wortschatz,,,,,,2024-12-09T10:18:18,POINT(12.463918 51.671764)
https://www.openstreetmap.org/node/7980527656,Bücherkiste,movable_cabinet,,,,2026-03-07,2026-03-07T17:30:02,POINT(6.246879 51.083209)
https://www.openstreetmap.org/node/7994473897,,,,,,2024-05-31,2024-05-31T13:55:12,POINT(8.192131 50.391876)
https://www.openstreetmap.org/node/7994875374,,glass_cabinet,,,,2025-05-17,2025-05-18T16:25:30,POINT(9.158213 48.808895)
https://www.openstreetmap.org/node/7995675083,,metal_cabinet,,,,2025-12-11,2025-12-11T12:44:53,POINT(11.066935 49.463854)
https://www.openstreetmap.org/node/7999066035,,,,,,2025-12-02,2025-12-02T14:37:11,POINT(9.201591 48.974695)
https://www.openstreetmap.org/node/8002776686,,,,,,2024-12-28,2024-12-28T22:49:42,POINT(11.718600 50.237444)
https://www.openstreetmap.org/node/8003744668,,,,,,2024-10-30,2024-11-22T17:16:49,POINT(9.111445 50.178153)
https://www.openstreetmap.org/node/8004616000,,,,,24/7,2026-04-26,2026-04-26T07:30:56,POINT(7.657022 47.626975)
https://www.openstreetmap.org/node/8006002008,,reading_box,,,24/7,,2020-10-14T09:11:14,POINT(8.947713 48.349768)
https://www.openstreetmap.org/node/8007718036,,,,,,,2025-08-06T07:57:40,POINT(6.829790 50.198066)
https://www.openstreetmap.org/node/8018833484,,phone_box,,,,2025-12-14,2025-12-14T14:07:27,POINT(8.970535 50.053011)
https://www.openstreetmap.org/node/8021294973,,metal_cabinet,,,24/7,2025-01-16,2025-01-16T18:20:29,POINT(8.635065 50.153437)
https://www.openstreetmap.org/node/8024285296,Bücherschrank für den Aachener Norden,glass_cabinet,IG Aachener Portal e.V.,,,2025-06-11,2025-06-11T08:00:26,POINT(6.114601 50.789240)
https://www.openstreetmap.org/node/8024336890,,,,,,2026-01-03,2026-01-05T09:20:17,POINT(6.060450 50.765960)
https://www.openstreetmap.org/node/8024338277,,,,,,2026-05-25,2026-05-25T19:33:12,POINT(6.089681 50.722987)
https://www.openstreetmap.org/node/8024349730,,,,,,2025-11-07,2025-11-07T13:50:01,POINT(6.060997 50.810992)
https://www.openstreetmap.org/node/8041507936,,wooden_cabinet,Jörg Mangold,https://bookcase.mangold.net/,24/7,,2024-08-13T12:15:44,POINT(9.102210 47.710571)
https://www.openstreetmap.org/node/8042292521,Bücherkiste,,,,,,2020-10-24T14:27:38,POINT(8.012506 51.782148)
https://www.openstreetmap.org/node/8044455942,,phone_box,Markt Großostheim,,24/7,,2023-08-15T01:04:03,POINT(9.071745 49.920042)
https://www.openstreetmap.org/node/8044775928,Bücherzelle,phone_box,Bücherei Laufach,,24/7,2025-08-19,2025-09-03T21:08:00,POINT(9.297907 50.012178)
https://www.openstreetmap.org/node/8047630612,,metal_cabinet,,,,2026-04-01,2026-04-01T21:42:05,POINT(12.149159 48.535839)
https://www.openstreetmap.org/node/8051273651,,shelf,,,,,2020-10-27T18:26:27,POINT(11.654099 48.107243)
https://www.openstreetmap.org/node/8057472511,Bücherbox,phone_box,,,,2023-10-31,2024-05-27T00:16:36,POINT(8.641770 53.060304)
https://www.openstreetmap.org/node/8062557178,,phone_box,,,24/7,,2024-06-16T20:46:34,POINT(7.758620 51.695825)
https://www.openstreetmap.org/node/8066416625,,metal_cabinet,Jugendbeirat Hemelingen,,24/7,,2023-01-02T08:47:08,POINT(8.945269 53.038827)
https://www.openstreetmap.org/node/8068879010,,,,,,,2020-10-31T13:53:22,POINT(9.386514 48.825863)
https://www.openstreetmap.org/node/8069037467,,metal_cabinet,,,,2026-03-11,2026-03-11T10:20:47,POINT(10.513661 52.291582)
https://www.openstreetmap.org/node/8071315527,,,,,,,2022-07-30T18:21:04,POINT(9.289912 50.257792)
https://www.openstreetmap.org/node/8073651244,,glass_cabinet,Rotary Club Hattingen,,24/7,,2025-05-04T12:06:17,POINT(7.185458 51.396665)
https://www.openstreetmap.org/node/8075467573,Das Büchernest,phone_box,,,08:00-18:00,2024-03-04,2024-06-16T16:41:40,POINT(13.442648 52.454627)
https://www.openstreetmap.org/node/8078003626,Bücherbox,phone_box,,,,,2025-03-19T16:57:13,POINT(9.426582 52.796313)
https://www.openstreetmap.org/node/8078561770,,,,,,,2020-11-03T17:24:34,POINT(11.838822 50.371746)
https://www.openstreetmap.org/node/8084676350,,,,,,,2020-11-05T13:22:42,POINT(11.844831 52.598155)
https://www.openstreetmap.org/node/8087000269,,glass_cabinet,,,,2024-03-26,2026-04-30T15:30:58,POINT(8.868616 48.595438)
https://www.openstreetmap.org/node/8091190812,,,,,,,2020-11-07T16:24:52,POINT(9.684753 47.925757)
https://www.openstreetmap.org/node/8091509053,Bücherschrank Grüntaler,phone_box,,,24/7,2026-04-09,2026-04-09T00:07:02,POINT(13.393606 52.556487)
https://www.openstreetmap.org/node/8099565265,Bücherhäusle,,,,,2026-03-08,2026-03-08T09:27:40,POINT(9.941858 48.464988)
https://www.openstreetmap.org/node/8101161655,Mini-BIBO,phone_box,Stadt- und Kreisbibliothek Sömmerda,,24/7,,2025-06-19T14:11:29,POINT(11.117737 51.161926)
https://www.openstreetmap.org/node/8103963465,Bücherzelle,phone_box,,,,,2022-05-25T14:18:35,POINT(8.958892 48.214098)
https://www.openstreetmap.org/node/8104036915,,,,,,2024-11-21,2026-06-22T07:47:48,POINT(8.091418 49.237318)
https://www.openstreetmap.org/node/8104148627,CD & DVD Tauschbox,phone_box,,,,,2024-06-16T01:21:26,POINT(7.528079 51.737739)
https://www.openstreetmap.org/node/8112654649,,,,,,2025-09-10,2025-09-10T13:11:45,POINT(8.095717 49.243833)
https://www.openstreetmap.org/node/8117220799,,,,,,,2020-11-13T21:33:44,POINT(8.381046 48.951654)
https://www.openstreetmap.org/node/8119317251,,wooden_cabinet,,,24/7,,2020-11-14T20:26:15,POINT(13.052282 52.556289)
https://www.openstreetmap.org/node/8119556302,,shelf,,https://www.asb-falkensee.de/familiencafe,"Mo,We,Fr 11:00-17:00; Tu,Th 08:00-17:00; Sa,Su ""private events""",,2020-11-14T22:10:33,POINT(13.077173 52.561826)
https://www.openstreetmap.org/node/8121039231,Tauschbox Schäferstraße,wooden_cabinet,,,24/7,2025-05-25,2025-05-25T11:58:18,POINT(9.966091 53.568196)
https://www.openstreetmap.org/node/8121806875,,,,,,,2020-11-15T19:52:52,POINT(8.045365 52.157719)
https://www.openstreetmap.org/node/8124405351,,metal_cabinet,,,,2023-09-05,2023-09-06T18:10:01,POINT(9.202513 51.232134)
https://www.openstreetmap.org/node/8125157123,,,,,,,2020-11-16T16:47:59,POINT(11.911635 48.167903)
https://www.openstreetmap.org/node/8126069722,,,,,,,2023-01-13T08:12:55,POINT(11.776229 48.186358)
https://www.openstreetmap.org/node/8127220466,,,,,24/7,2024-03-16,2024-03-16T19:54:32,POINT(9.486474 48.756584)
https://www.openstreetmap.org/node/8138774749,,phone_box,,,,2026-03-29,2026-03-29T14:16:23,POINT(12.143023 48.523815)
https://www.openstreetmap.org/node/8146491275,,wooden_cabinet,,,,,2023-09-23T13:58:43,POINT(10.388427 50.612991)
https://www.openstreetmap.org/node/8150961656,Starnberger Bücherschrank,,,,,,2026-05-16T19:53:08,POINT(11.353599 47.998712)
https://www.openstreetmap.org/node/8167881417,,,,,,,2025-02-15T21:36:42,POINT(7.343566 51.437322)
https://www.openstreetmap.org/node/8171457019,,,Arbeitsgemeinschaft Ahrberger Vereine e.V.,,,2024-10-07,2024-10-07T14:46:03,POINT(9.877625 52.221521)
https://www.openstreetmap.org/node/8171852195,,phone_box,,https://www.sandkasten.tu-braunschweig.de/projekte/buecherzellen,Mo-Fr 09:00-19:00; Sa 10:00-14:00,2026-02-10,2026-02-10T16:25:18,POINT(10.528960 52.273644)
https://www.openstreetmap.org/node/8173650330,,metal_cabinet,Haus Hörn,https://www.haus-hoern.de/2016/04/11/ein-buecher-tausch-schrank-auf-der-hoern/,24/7,2025-12-16,2026-05-18T17:08:00,POINT(6.058709 50.779743)
https://www.openstreetmap.org/node/8174132118,Lotsenpunkt für Leseratten,sculpture,,,24/7,,2021-12-13T11:08:22,POINT(9.159447 49.245775)
https://www.openstreetmap.org/node/8192083218,Bücherbox,phone_box,,,,,2023-12-20T14:19:33,POINT(13.385305 52.537723)
https://www.openstreetmap.org/node/8194592573,,,,,,,2020-12-04T16:05:36,POINT(7.116304 51.520350)
https://www.openstreetmap.org/node/8195125225,,metal_cabinet,,,,2026-05-31,2026-05-31T19:45:14,POINT(13.761736 51.055315)
https://www.openstreetmap.org/node/8210250623,Büchertausch,movable_cabinet,Stadtbibliothek Rosenheim,,,,2026-01-20T14:42:03,POINT(12.127204 47.857656)
https://www.openstreetmap.org/node/8210250624,Bücherschrank,wooden_cabinet,,,,,2020-12-09T16:01:43,POINT(12.092228 47.741779)
https://www.openstreetmap.org/node/8214320641,,phone_box,,,,,2024-06-19T01:39:59,POINT(14.031150 51.383882)
https://www.openstreetmap.org/node/8222700929,Alte Telefonzelle,phone_box,Gemeinde Ratekau,,24/7,,2022-05-25T13:17:44,POINT(10.733797 53.920239)
https://www.openstreetmap.org/node/8223202704,,metal_cabinet,,,,2026-07-05,2026-07-05T13:35:31,POINT(8.478685 50.191522)
https://www.openstreetmap.org/node/8224536301,Offener Bücherschrank für Schafhausen,wooden_cabinet,,,,,2020-12-13T16:33:20,POINT(8.153343 49.758183)
https://www.openstreetmap.org/node/8234562162,Bücherschrank LaTü,phone_box,,,,,2026-03-27T13:05:43,POINT(8.932673 50.138086)
https://www.openstreetmap.org/node/8234620072,,phone_box,,,24/7,2025-12-23,2025-12-23T10:57:19,POINT(8.959044 50.121465)
https://www.openstreetmap.org/node/8235733171,Offener Bücherschrank Ecke Glauburgstr Eckenheimer Landstr,,,https://frankfurt.de/service-und-rathaus/verwaltung/aemter-und-institutionen/amt-fuer-strassenbau-und-erschliessung/buecherschraenke,,2025-06-11,2025-06-11T08:48:45,POINT(8.685506 50.126563)
https://www.openstreetmap.org/node/8237701162,,metal_cabinet,Stadt Freising,,24/7,2025-06-19,2025-06-19T10:25:17,POINT(11.744009 48.395612)
https://www.openstreetmap.org/node/8240330358,,shelter,,,,2025-08-15,2025-08-15T16:30:11,POINT(9.184922 49.764426)
https://www.openstreetmap.org/node/8240929496,Bücherschrank Taufkirchen,metal_cabinet,"""Wir in Taufkirchen"" und ""Soziale Stadt""",,24/7,,2026-01-20T14:57:03,POINT(11.606837 48.051573)
https://www.openstreetmap.org/node/8241042018,Büchertauschschrank,,,,,,2026-07-16T21:28:27,POINT(13.605884 51.112223)
https://www.openstreetmap.org/node/8244842805,,,Anja & Joerg,,24/7,,2025-02-26T14:59:39,POINT(12.861367 50.798797)
https://www.openstreetmap.org/node/8247758426,,metal_cabinet,,,,2025-01-24,2025-01-24T17:20:51,POINT(8.706913 50.128628)
https://www.openstreetmap.org/node/8262089978,,,,,,,2020-12-26T17:04:21,POINT(8.551429 50.159446)
https://www.openstreetmap.org/node/8262116565,,,,,,2025-03-11,2025-03-10T23:23:47,POINT(8.562915 50.140684)
https://www.openstreetmap.org/node/8262373325,,wooden_cabinet,,,,,2020-12-26T18:48:29,POINT(8.273160 49.271434)
https://www.openstreetmap.org/node/8262416245,,,,,,,2020-12-26T19:38:01,POINT(8.117859 53.256892)
https://www.openstreetmap.org/node/8262470234,,phone_box,,,24/7,,2020-12-26T19:36:48,POINT(8.186725 53.337939)
https://www.openstreetmap.org/node/8262619227,Bücherschrank Niedwiesenstraße,metal_cabinet,Stadt Frankfurt,,24/7,2023-04-11,2023-04-11T16:58:17,POINT(8.651083 50.155293)
https://www.openstreetmap.org/node/8266300598,Bücherzelle Planegg,phone_box,Gemeinde Planegg,,,2025-02-06,2025-02-06T11:08:11,POINT(11.420206 48.103500)
https://www.openstreetmap.org/node/8266944544,,,,,,2022-10-31,2022-10-31T09:10:40,POINT(11.016496 49.400645)
https://www.openstreetmap.org/node/8274016019,,,,,,,2024-09-19T18:27:09,POINT(7.386353 50.707067)
https://www.openstreetmap.org/node/8275216851,,metal_cabinet,,,24/7,,2020-12-30T20:47:38,POINT(8.148360 48.658755)
https://www.openstreetmap.org/node/8279901854,Bücher-Tauschzelle,,,,,,2022-12-06T15:19:36,POINT(9.818163 51.356670)
https://www.openstreetmap.org/node/8281406490,,glass_cabinet,,,24/7,2026-04-08,2026-04-08T18:37:33,POINT(6.924817 50.992554)
https://www.openstreetmap.org/node/8281755757,LiteraTurm,,Arbeiter-Samariter-Bund Ortsverband Illingen,,,,2021-01-01T20:19:00,POINT(7.051191 49.375350)
https://www.openstreetmap.org/node/8283785099,,,,,,,2021-01-02T15:06:04,POINT(7.220653 50.329426)
https://www.openstreetmap.org/node/8284969987,,,,,24/7,2023-04-15,2023-04-15T12:12:29,POINT(7.469482 51.396048)
https://www.openstreetmap.org/node/8285793271,,wooden_cabinet,,,24/7,,2021-01-03T09:40:16,POINT(7.889108 51.690229)
https://www.openstreetmap.org/node/8286564291,,,,,,,2021-01-03T15:31:29,POINT(9.832954 52.214784)
https://www.openstreetmap.org/node/8287474140,,,,,,,2024-09-03T16:19:29,POINT(9.919356 51.540114)
https://www.openstreetmap.org/node/8293800199,Bücherschrankerl bei der Stadtbücherei,,Stadtbücherei,,24/7,,2021-01-05T14:14:44,POINT(12.677788 48.228525)
https://www.openstreetmap.org/node/8294075160,,wooden_cabinet,,,,2025-12-24,2025-12-24T11:38:27,POINT(8.335063 49.516055)
https://www.openstreetmap.org/node/8304623804,,shelter,,,24/7,,2021-01-08T23:33:33,POINT(8.176281 47.893203)
https://www.openstreetmap.org/node/8305268425,Neubokeler Bücherhäuschen,phone_box,,,,,2021-01-09T09:51:53,POINT(10.475162 52.491856)
https://www.openstreetmap.org/node/8306631488,,,,,Mo-Su 08:00-22:00,2023-05-06,2023-05-06T08:53:47,POINT(6.949319 50.624213)
https://www.openstreetmap.org/node/8306817425,,,,,24/7,,2023-12-14T09:41:35,POINT(6.929579 50.601399)
https://www.openstreetmap.org/node/8306818309,,shelf,Bürgerstiftung Wir für Rheinbach,,Mo-Su 08:00-22:00,2025-09-13,2025-09-13T14:58:59,POINT(6.948536 50.626248)
https://www.openstreetmap.org/node/8306882334,,phone_box,,,,2026-05-14,2026-05-14T13:18:19,POINT(13.239495 50.921988)
https://www.openstreetmap.org/node/8308757066,,wooden_cabinet,"Stadt Hannover, Fachbereich Kultur",,24/7,,2026-03-31T12:13:50,POINT(9.856302 52.388792)
https://www.openstreetmap.org/node/8313044707,Bücherhäusel,phone_box,,,24/7,,2021-01-11T21:06:35,POINT(14.810323 51.251216)
https://www.openstreetmap.org/node/8314263160,,,,,,2025-10-14,2025-10-14T15:57:30,POINT(13.107726 54.279527)
https://www.openstreetmap.org/node/8314964865,,,,,,,2021-01-12T12:39:10,POINT(7.517930 49.799108)
https://www.openstreetmap.org/node/8316361982,Kaulsdorfer Bücherzelle,phone_box,MITTENDRIN leben e.V.,https://www.ev-mittendrin.de/kindercafe/buecherzelle/,,,2024-07-04T18:01:54,POINT(13.588332 52.510110)
https://www.openstreetmap.org/node/8316902576,,,,,,2025-10-16,2025-10-16T11:15:52,POINT(10.216385 54.039256)
https://www.openstreetmap.org/node/8335733540,,reading_box,,,,,2021-01-18T20:26:56,POINT(13.596283 52.494533)
https://www.openstreetmap.org/node/8348495602,Offene Bibliothek,glass_cabinet,,,24/7,2025-11-16,2025-11-16T13:36:42,POINT(9.944777 49.802575)
https://www.openstreetmap.org/node/8353962550,,phone_box,,,,2025-06-04,2025-06-04T11:29:18,POINT(8.353871 48.729247)
https://www.openstreetmap.org/node/8354932944,May Tausch-Eck,shelf,,,24/7,2025-08-28,2025-08-28T17:23:06,POINT(13.809435 51.042278)
https://www.openstreetmap.org/node/8355228058,Offener Bücherschrank,,,,24/7,,2021-01-23T17:14:51,POINT(10.648576 53.854708)
https://www.openstreetmap.org/node/8355300249,,,,,,2025-07-20,2025-07-20T18:24:23,POINT(11.312523 50.940678)
https://www.openstreetmap.org/node/8355478077,,wooden_cabinet,Hof Rehders,,,2024-06-19,2024-06-19T18:33:26,POINT(10.044720 53.698810)
https://www.openstreetmap.org/node/8355820086,Bücherbox Lesebänkle,reading_box,,,,2023-05-31,2023-05-31T12:41:18,POINT(8.152068 48.468674)
https://www.openstreetmap.org/node/8370562407,Bücher-Telefonzelle,phone_box,Verein für Gartenbau und Landespflege Wehringen e.V.,,,,2026-06-06T13:35:38,POINT(10.801981 48.245014)
https://www.openstreetmap.org/node/8371889999,Tauschbox,wooden_cabinet,,,24/7,,2021-01-30T15:25:54,POINT(8.674456 49.386004)
https://www.openstreetmap.org/node/8375952517,,wooden_cabinet,,https://www.bookcrossing.com/mybookshelf/OBCZ-LeseStoff/,24/7,2026-05-08,2026-05-08T14:17:25,POINT(10.539924 52.233219)
https://www.openstreetmap.org/node/8375952518,,phone_box,,https://www.sandkasten.tu-braunschweig.de/projekte/buecherzelle-am-campus-nord,,2026-06-28,2026-06-28T15:35:30,POINT(10.539505 52.285082)
https://www.openstreetmap.org/node/8375952519,Bücherschrank Saarplatz,metal_cabinet,,,24/7,,2021-01-29T16:42:15,POINT(10.479497 52.274057)
https://www.openstreetmap.org/node/8375952520,Bücherschrank Tostmannplatz,metal_cabinet,,,24/7,2026-06-01,2026-06-01T14:07:29,POINT(10.540304 52.296170)
https://www.openstreetmap.org/node/8375952521,Bücherschrank Alsterplatz,metal_cabinet,,,24/7,2026-07-17,2026-07-17T20:11:44,POINT(10.478293 52.250632)
https://www.openstreetmap.org/node/8375952522,Bücherschrank Frankfurter Platz,phone_box,,,24/7,2025-12-12,2025-12-12T12:26:30,POINT(10.510504 52.253448)
https://www.openstreetmap.org/node/8375952523,Bücherschrank Lamme,metal_cabinet,,,24/7,2025-05-01,2025-06-08T20:18:28,POINT(10.445498 52.266167)
https://www.openstreetmap.org/node/8380677586,,,,,,,2021-11-13T19:31:01,POINT(11.339440 49.454921)
https://www.openstreetmap.org/node/8384971812,,,,,,2026-05-16,2026-05-16T16:02:08,POINT(9.637652 47.804588)
https://www.openstreetmap.org/node/8384971813,,,,,,2026-04-26,2026-04-26T18:46:37,POINT(9.642483 47.808572)
https://www.openstreetmap.org/node/8386995158,,metal_cabinet,,,,2025-12-26,2025-12-26T14:37:11,POINT(8.363567 49.642247)
https://www.openstreetmap.org/node/8387575249,,wooden_cabinet,,,,,2021-02-02T14:12:02,POINT(8.103641 50.911339)
https://www.openstreetmap.org/node/8388380733,Traiser Bücherhäuschen,wooden_cabinet,,,,,2021-02-02T19:46:35,POINT(8.787679 50.465071)
https://www.openstreetmap.org/node/8391191266,,sculpture,,,24/7,2025-10-10,2025-10-10T14:47:20,POINT(7.565724 51.441737)
https://www.openstreetmap.org/node/8397464184,,phone_box,,,,2026-03-14,2026-03-14T12:43:27,POINT(12.351932 52.602970)
https://www.openstreetmap.org/node/8401113118,,metal_cabinet,,,24/7,2025-10-17,2025-10-17T13:41:39,POINT(8.467907 48.971779)
https://www.openstreetmap.org/node/8402216718,,,,,,,2025-07-16T07:59:16,POINT(7.006090 51.145277)
https://www.openstreetmap.org/node/8405377856,Bücherbox,phone_box,,,24/7,,2021-11-25T04:02:53,POINT(6.822423 52.035226)
https://www.openstreetmap.org/node/8406176717,,,,,,2025-07-13,2025-07-13T17:22:16,POINT(8.295907 49.981808)
https://www.openstreetmap.org/node/8408294438,Dossenheimer Bucherzelle,phone_box,,,24/7,,2025-02-11T13:43:41,POINT(8.672475 49.450843)
https://www.openstreetmap.org/node/8411861544,Mengeder Bücherschrank,metal_cabinet,,,,2024-10-19,2024-10-19T12:23:28,POINT(7.383528 51.570552)
https://www.openstreetmap.org/node/8416036443,,,,,24/7,2023-07-01,2025-10-30T21:27:32,POINT(9.220996 48.911037)
https://www.openstreetmap.org/node/8420984157,,metal_cabinet,Literaturkreis Weilerswist,,24/7,,2022-04-10T11:27:33,POINT(6.844760 50.752272)
https://www.openstreetmap.org/node/8422053028,,,,,,2026-05-10,2026-05-10T13:26:23,POINT(10.557759 52.278882)
https://www.openstreetmap.org/node/8423102003,,wooden_cabinet,,,,,2026-03-29T17:38:39,POINT(9.466473 51.233304)
https://www.openstreetmap.org/node/8423552563,,,,,,2025-04-15,2025-04-15T10:35:26,POINT(11.131201 49.397981)
https://www.openstreetmap.org/node/8429031692,,metal_cabinet,Stadt Aachen,,24/7,2024-08-27,2024-08-27T19:15:47,POINT(6.153515 50.781058)
https://www.openstreetmap.org/node/8434930072,,,,,,2024-01-21,2024-01-21T16:55:20,POINT(8.008709 49.998849)
https://www.openstreetmap.org/node/8435307428,,,Junge Arbeit Neuperlach,,,2025-10-14,2025-10-14T13:12:49,POINT(11.638781 48.087855)
https://www.openstreetmap.org/node/8440580722,,phone_box,Stadt Wasserburg a. Inn,,24/7,2025-11-15,2025-11-15T16:49:36,POINT(12.185588 48.061322)
https://www.openstreetmap.org/node/8451790605,,,,,,,2021-02-24T05:10:09,POINT(13.827366 50.968715)
https://www.openstreetmap.org/node/8454138522,,phone_box,Wohnungsbaugenossenschaft Einheit eG,,,,2022-09-21T20:22:45,POINT(11.055352 50.964680)
https://www.openstreetmap.org/node/8457018925,Katholische öffentliche Bücherei,metal_cabinet,Katholische öffentliche Bücherei,,24/7,2024-04-28,2024-04-28T20:53:20,POINT(6.683621 51.121607)
https://www.openstreetmap.org/node/8458688144,,reading_box,,,,2025-10-12,2025-10-12T11:35:37,POINT(10.016115 53.649113)
https://www.openstreetmap.org/node/8461232563,,,,,,,2021-02-26T13:29:02,POINT(6.472293 50.875377)
https://www.openstreetmap.org/node/8461364917,,,,,,2024-03-31,2024-03-31T14:31:41,POINT(8.061928 50.012479)
https://www.openstreetmap.org/node/8461655492,,,,,,,2021-02-26T16:49:39,POINT(7.004234 50.876249)
https://www.openstreetmap.org/node/8461970082,Bücherbaum,wooden_cabinet,Seelsorgeeinheit Gammertingen-Trochtelfingen,,24/7,2026-04-26,2026-04-26T09:20:21,POINT(9.243071 48.306922)
https://www.openstreetmap.org/node/8467928590,,,,,,,2024-11-15T00:16:15,POINT(9.285741 49.151237)
https://www.openstreetmap.org/node/8473537256,Schökerzelle,phone_box,,,,,2021-02-28T20:34:14,POINT(7.741566 52.621385)
https://www.openstreetmap.org/node/8476149802,,,,,,,2021-03-01T14:55:40,POINT(7.170148 51.046235)
https://www.openstreetmap.org/node/8476371188,,phone_box,,,,2023-08-13,2024-05-26T00:41:21,POINT(6.344620 51.586804)
https://www.openstreetmap.org/node/8478813499,Büchergondel Sindelsdorf,ski_gondola,Nachbarschaftshilfe Sindelsdorf e.V.,,09:00-18:00,,2023-06-27T14:44:03,POINT(11.331481 47.723570)
https://www.openstreetmap.org/node/8485853282,,,,,24/7,,2025-06-10T01:37:49,POINT(8.842583 50.043287)
https://www.openstreetmap.org/node/848594531,Bücherschrank,phone_box,Bücherfreunde Riesa e.V.,,24/7,2024-06-08,2024-08-14T10:07:55,POINT(13.303610 51.305042)
https://www.openstreetmap.org/node/8487056254,,metal_cabinet,,,24/7,,2021-03-04T20:36:49,POINT(8.615083 51.902096)
https://www.openstreetmap.org/node/8488921062,Bücherbox Kaskelkiez,metal_cabinet,,,,2026-04-20,2026-04-20T16:23:55,POINT(13.479715 52.503263)
https://www.openstreetmap.org/node/8491438260,,,,,,,2024-11-16T14:08:10,POINT(9.390355 49.402876)
https://www.openstreetmap.org/node/8491450660,,,,,,2024-10-15,2024-10-15T06:16:43,POINT(8.639532 50.101488)
https://www.openstreetmap.org/node/8491649443,,,,,,,2021-03-06T15:27:16,POINT(6.358358 50.846031)
https://www.openstreetmap.org/node/8491887203,,,,,24/7,2024-08-21,2024-08-21T11:43:02,POINT(8.547036 49.319135)
https://www.openstreetmap.org/node/8493270905,Baumbibliothek,,"Landeshauptstadt Stuttgart, Garten-Friedhofs-und-Forst-Amt",,,2026-02-11,2026-02-11T18:19:18,POINT(9.094159 48.732800)
https://www.openstreetmap.org/node/8493545520,,shelter,,,24/7,,2021-03-07T07:55:48,POINT(8.165244 48.474749)
https://www.openstreetmap.org/node/8494351811,KunoBox,phone_box,Kuno15,,Mo-Su 09:00-17:00,2025-12-21,2025-12-21T10:48:24,POINT(13.291134 52.503866)
https://www.openstreetmap.org/node/8494442005,Bücherarche St. Martin,,,,24/7,2026-04-18,2026-04-18T08:45:41,POINT(7.249858 51.456430)
https://www.openstreetmap.org/node/8496143466,,wooden_cabinet,,,24/7,,2021-03-08T08:21:40,POINT(9.876654 48.848492)
https://www.openstreetmap.org/node/8496698924,,,,,,2023-06-03,2025-10-28T18:21:23,POINT(9.899005 50.716440)
https://www.openstreetmap.org/node/8504093665,,,,,,2023-03-24,2023-03-24T19:16:29,POINT(6.244105 51.498180)
https://www.openstreetmap.org/node/8507772120,Bücherschrank Charlottenstraße,wooden_cabinet,,,24/7,2025-09-13,2025-09-13T15:04:07,POINT(9.718100 52.360392)
https://www.openstreetmap.org/node/8510020756,Bücherschrank Reckendorf,,,,,,2024-11-09T13:21:49,POINT(10.827150 50.020303)
https://www.openstreetmap.org/node/8518858741,,,,,,2024-12-27,2025-09-01T16:09:56,POINT(7.041224 51.183521)
https://www.openstreetmap.org/node/8522472113,,,,,24/7,,2021-03-15T23:16:48,POINT(8.566354 49.810806)
https://www.openstreetmap.org/node/8536914480,,metal_cabinet,,,24/7,,2021-06-01T23:55:17,POINT(6.647867 50.612216)
https://www.openstreetmap.org/node/8538088344,Cooler Bücherschrank,metal_cabinet,,,,2026-02-28,2026-02-28T17:04:46,POINT(8.618946 52.960822)
https://www.openstreetmap.org/node/8541113809,,,,,,2024-12-31,2026-01-02T11:25:03,POINT(6.524742 50.828355)
https://www.openstreetmap.org/node/8541124187,Bücherschrank Stockheim,,,,,,2025-05-06T11:42:33,POINT(6.527804 50.756421)
https://www.openstreetmap.org/node/8541473076,,,,,,,2021-03-20T17:58:38,POINT(9.940734 52.133827)
https://www.openstreetmap.org/node/8541473096,,,,,,,2021-03-20T17:58:38,POINT(9.937462 52.139439)
https://www.openstreetmap.org/node/8543878089,Kinderbücher-Gondel,,,,,,2021-03-21T12:14:59,POINT(11.375878 47.747215)
https://www.openstreetmap.org/node/8543878098,Bücherhunt,,,,,,2021-03-27T23:11:20,POINT(11.377181 47.751372)
https://www.openstreetmap.org/node/8550815895,Baumbibliothek,,"Landeshauptstadt Stuttgart, Garten-Friedhofs-und-Forst-Amt",,,2025-08-25,2025-08-25T18:44:33,POINT(9.091901 48.737904)
https://www.openstreetmap.org/node/8558411253,Waldbücherei,reading_box,,,,,2026-05-09T16:33:46,POINT(8.569930 47.656481)
https://www.openstreetmap.org/node/8561854979,,metal_cabinet,,,,,2025-06-19T15:50:06,POINT(8.298436 49.899642)
https://www.openstreetmap.org/node/8565408088,,wooden_cabinet,,,24/7,2024-11-16,2024-11-16T14:08:20,POINT(11.369490 48.204813)
https://www.openstreetmap.org/node/8565593209,,building,,,24/7,,2021-03-26T19:13:46,POINT(6.351645 50.666094)
https://www.openstreetmap.org/node/8566559165,,metal_cabinet,Bürgerverein Dillweißenstein,,24/7,2023-06-10,2023-06-10T16:56:10,POINT(8.677313 48.877631)
https://www.openstreetmap.org/node/8569108301,,,,,,2025-04-01,2026-07-18T21:25:47,POINT(11.630209 48.164037)
https://www.openstreetmap.org/node/8569491214,,,,,24/7,,2024-06-03T07:57:31,POINT(7.434235 51.753307)
https://www.openstreetmap.org/node/8570090335,,wooden_cabinet,,,,2026-02-08,2026-02-08T19:11:06,POINT(13.726105 51.054603)
https://www.openstreetmap.org/node/8570474688,,metal_cabinet,Frankfurter Programm Aktive Nachbarschaft,,24/7,,2023-08-15T01:21:01,POINT(8.662225 50.138163)
https://www.openstreetmap.org/node/8577056587,,phone_box,,,24/7,,2024-06-24T00:30:12,POINT(14.985076 51.149919)
https://www.openstreetmap.org/node/8578245258,Bücherboxxl,phone_box,,,,,2024-07-05T11:49:53,POINT(13.560031 52.487561)
https://www.openstreetmap.org/node/8578693631,,metal_cabinet,,,,,2021-03-31T10:00:40,POINT(7.012829 51.216551)
https://www.openstreetmap.org/node/8579037079,,,,,,,2024-06-23T15:26:34,POINT(11.378354 48.203640)
https://www.openstreetmap.org/node/8579469914,Die Schmökerstube,phone_box,,,,,2024-05-26T01:53:38,POINT(8.349109 53.021013)
https://www.openstreetmap.org/node/8580517770,Tauschrausch,,,,,2026-04-04,2026-04-04T14:06:59,POINT(9.935377 51.528974)
https://www.openstreetmap.org/node/8581624373,Bücherzelle,phone_box,Gemeinde Waldböckelheim,,,2023-10-22,2023-10-24T17:39:07,POINT(7.720000 49.815719)
https://www.openstreetmap.org/node/8582384992,,,,,,,2024-11-29T20:56:39,POINT(6.601638 50.742319)
https://www.openstreetmap.org/node/8582705673,,metal_cabinet,,,,2024-10-08,2024-10-08T15:57:51,POINT(6.576560 50.997218)
https://www.openstreetmap.org/node/8586034321,Büchertauschbaum,shelf,,,,2023-06-10,2023-06-16T07:18:12,POINT(11.976437 50.661977)
https://www.openstreetmap.org/node/8592388454,,phone_box,,,24/7,,2022-08-24T11:29:14,POINT(8.864398 50.272597)
https://www.openstreetmap.org/node/8592482836,,,,,,2025-05-24,2025-05-24T14:05:32,POINT(9.471217 50.065205)
https://www.openstreetmap.org/node/8593259174,Dettinger Bücherhäusle,building,,,24/7,,2021-04-04T20:54:05,POINT(10.124879 48.599672)
https://www.openstreetmap.org/node/8593456918,,phone_box,,,,,2021-04-04T21:30:49,POINT(11.291912 49.939326)
https://www.openstreetmap.org/node/8594665056,Bücherbox Altenhof,phone_box,,,,,2021-04-05T11:25:03,POINT(13.716393 52.917087)
https://www.openstreetmap.org/node/860448118,,phone_box,,,,,2025-11-03T16:15:32,POINT(11.277736 50.680027)
https://www.openstreetmap.org/node/8605759257,,phone_box,,,,,2021-09-29T14:07:26,POINT(6.549741 51.262888)
https://www.openstreetmap.org/node/8609672553,,,,,,2026-04-01,2026-04-01T17:56:52,POINT(11.372786 48.201018)
https://www.openstreetmap.org/node/8610812029,,phone_box,,,,,2022-05-25T14:16:17,POINT(11.828617 51.574222)
https://www.openstreetmap.org/node/8612108677,,wooden_cabinet,Demokratie vor Ort Erpel e.V.,https://demokratievororterpel.de/buecherschrank-in-erpel-laedt-zum-lesen-und-tauschen-ein/,,2025-08-24,2025-08-24T13:16:56,POINT(7.237578 50.582636)
https://www.openstreetmap.org/node/8612118497,Tausch Bücherei,phone_box,,,,,2025-05-23T09:53:28,POINT(7.214958 50.598997)
https://www.openstreetmap.org/node/861295167,,shelter,,,,,2023-08-21T10:13:10,POINT(9.383671 52.471300)
https://www.openstreetmap.org/node/8613423016,,,,,24/7,,2021-04-09T21:39:05,POINT(7.195269 50.961588)
https://www.openstreetmap.org/node/8614321689,Bücherschrank Markt Großheubach,metal_cabinet,,,,2023-08-23,2023-08-23T10:30:38,POINT(9.220680 49.726598)
https://www.openstreetmap.org/node/8615451945,Bücher-Telefonzelle,phone_box,,,,,2022-09-18T15:28:20,POINT(10.759574 48.143012)
https://www.openstreetmap.org/node/8621412700,,wooden_cabinet,,,24/7,,2021-04-12T09:56:29,POINT(9.753941 52.523727)
https://www.openstreetmap.org/node/8623589301,,wooden_cabinet,,,,2024-11-03,2024-11-09T10:20:59,POINT(13.820150 51.063102)
https://www.openstreetmap.org/node/8623667807,,metal_cabinet,,,,,2022-04-06T14:36:54,POINT(11.523634 48.056769)
https://www.openstreetmap.org/node/8625007292,,phone_box,,,24/7,2025-11-02,2025-11-02T10:44:45,POINT(12.059966 51.535888)
https://www.openstreetmap.org/node/8625007293,Bücherzelle,phone_box,,,24/7,,2022-09-07T21:49:01,POINT(12.048605 51.520024)
https://www.openstreetmap.org/node/8625866716,,,,,,,2022-08-03T14:52:11,POINT(7.750642 51.038473)
https://www.openstreetmap.org/node/8626089693,Junginger Bücherschrank,,,,,2023-07-19,2023-07-19T05:58:21,POINT(9.986996 48.442932)
https://www.openstreetmap.org/node/8630199698,,phone_box,,,,,2024-11-27T12:26:07,POINT(7.460316 50.428569)
https://www.openstreetmap.org/node/8631910204,,,,,,2026-04-01,2026-04-01T17:37:08,POINT(11.373271 48.197132)
https://www.openstreetmap.org/node/8631910205,,,,,,2026-02-24,2026-02-24T22:41:51,POINT(11.373064 48.196182)
https://www.openstreetmap.org/node/8635855167,,,,,,2025-08-05,2025-08-04T22:49:55,POINT(9.387534 48.805906)
https://www.openstreetmap.org/node/8638092780,,phone_box,,,,,2022-07-31T08:00:58,POINT(8.646272 49.931443)
https://www.openstreetmap.org/node/8638092781,,phone_box,,,,2025-10-13,2025-10-13T13:08:49,POINT(8.650579 49.925481)
https://www.openstreetmap.org/node/8638329513,,,USB,,,,2022-05-12T17:18:32,POINT(7.259210 51.515224)
https://www.openstreetmap.org/node/8639377473,,wooden_cabinet,,,24/7,,2025-06-18T14:11:42,POINT(13.060076 52.409142)
https://www.openstreetmap.org/node/8639856759,,,,,,,2026-02-17T09:48:20,POINT(9.479649 48.798990)
https://www.openstreetmap.org/node/8640180865,,phone_box,,,,,2025-06-12T19:12:55,POINT(7.615994 50.401033)
https://www.openstreetmap.org/node/8640208695,,phone_box,,,24/7,,2021-04-18T15:35:19,POINT(9.491569 51.453263)
https://www.openstreetmap.org/node/8640502719,Bücherkonsulat,reading_box,,,24/7,2026-06-26,2026-06-26T15:09:31,POINT(9.996512 53.597448)
https://www.openstreetmap.org/node/8641858375,,wooden_cabinet,Ortsrat Stadtmitte Neustadt,,,2026-03-16,2026-03-16T10:05:52,POINT(9.947428 52.144194)
https://www.openstreetmap.org/node/8642411179,Götzenheiner offener Bücherschrank,,,,,2025-03-04,2025-03-04T12:55:14,POINT(8.732144 49.999948)
https://www.openstreetmap.org/node/8643435995,,,,,,,2021-04-19T11:36:29,POINT(9.429766 51.426249)
https://www.openstreetmap.org/node/8643514185,,metal_cabinet,,,,2025-05-26,2025-05-26T20:33:49,POINT(8.256975 50.005570)
https://www.openstreetmap.org/node/8644172507,1 holen 1 bringen,wooden_cabinet,Ev. Kirchengemeinde,,,,2024-03-31T13:30:56,POINT(9.489119 47.669669)
https://www.openstreetmap.org/node/8650931983,,phone_box,Öffentliche Bücherei Kissing,,,,2023-09-05T20:10:24,POINT(10.988062 48.295756)
https://www.openstreetmap.org/node/8652860782,,wooden_cabinet,,,,,2021-04-21T17:54:41,POINT(11.411578 47.827879)
https://www.openstreetmap.org/node/8656738399,,,,,,2026-04-24,2026-04-24T16:34:23,POINT(6.094522 50.867233)
https://www.openstreetmap.org/node/8660690423,Büchertausch,,,,,,2021-04-23T23:54:35,POINT(9.892377 51.423325)
https://www.openstreetmap.org/node/8662771149,,phone_box,,,,2025-06-18,2025-06-18T19:08:58,POINT(11.485949 48.019434)
https://www.openstreetmap.org/node/8663955386,,phone_box,Öffentliche Bücherei Kissing,,,,2021-04-29T15:40:55,POINT(10.977003 48.305047)
https://www.openstreetmap.org/node/8664633387,Offener Bücherschrank,metal_cabinet,,,24/7,,2024-05-08T18:49:52,POINT(8.660418 50.177737)
https://www.openstreetmap.org/node/8664680771,,glass_cabinet,,,,2025-12-09,2025-12-09T06:33:00,POINT(8.446077 49.484537)
https://www.openstreetmap.org/node/8665326629,,phone_box,,,,,2024-08-21T12:43:58,POINT(14.177393 52.020260)
https://www.openstreetmap.org/node/8667163692,,,,,,2023-05-13,2023-06-08T05:52:10,POINT(9.999192 49.724995)
https://www.openstreetmap.org/node/8677302952,Bücher- und Infozelle,phone_box,,,,,2024-05-30T23:37:13,POINT(10.051936 51.488771)
https://www.openstreetmap.org/node/8677588805,Bücherhäuschen,phone_box,Freunde der Gemeindebibliothek Elsenfeld e.V.,,,2025-11-15,2025-11-15T22:32:41,POINT(9.160138 49.844065)
https://www.openstreetmap.org/node/8682557085,,,,,,2024-05-22,2024-05-26T16:18:26,POINT(9.790888 52.166886)
https://www.openstreetmap.org/node/8682732887,,,,,24/7,2023-08-16,2023-10-26T17:47:49,POINT(9.065522 48.959299)
https://www.openstreetmap.org/node/8682911343,,,,,,,2024-11-15T00:16:15,POINT(14.645717 51.743677)
https://www.openstreetmap.org/node/8683048488,,,,,,2025-11-01,2025-11-01T08:31:31,POINT(12.734846 51.367951)
https://www.openstreetmap.org/node/868347992,,phone_box,,,,,2022-04-25T10:23:08,POINT(10.944763 48.354232)
https://www.openstreetmap.org/node/8684367867,,,,,,,2021-04-30T14:07:42,POINT(8.408856 51.946697)
https://www.openstreetmap.org/node/8685304072,,glass_cabinet,,,24/7,2024-05-18,2024-05-18T16:10:19,POINT(7.711171 51.577873)
https://www.openstreetmap.org/node/8687226521,,,,,,,2025-12-04T11:17:43,POINT(6.515224 51.738873)
https://www.openstreetmap.org/node/8688526679,BücherZelle,phone_box,,,24/7,,2024-05-26T00:49:17,POINT(7.809626 52.825230)
https://www.openstreetmap.org/node/8688657619,,reading_box,,,24/7,2023-10-06,2023-10-06T15:44:25,POINT(11.626997 48.111501)
https://www.openstreetmap.org/node/8689303425,,metal_cabinet,,,,2025-07-13,2025-07-13T18:49:50,POINT(11.672031 48.080752)
https://www.openstreetmap.org/node/8689970129,Bücherbox,,,,,2026-05-14,2026-05-14T17:00:31,POINT(11.090188 48.052806)
https://www.openstreetmap.org/node/8689979504,Bücherschrank Neuried,,Bündnis 90/Die Grünen Neuried;Gemeindebücherei Neuried,,24/7,,2024-07-28T11:34:03,POINT(11.465346 48.093062)
https://www.openstreetmap.org/node/8690351139,,,,,,2026-05-03,2026-05-03T18:04:49,POINT(11.195561 48.073015)
https://www.openstreetmap.org/node/8690376939,,,,,,2024-04-18,2024-04-18T14:37:25,POINT(7.846157 51.029357)
https://www.openstreetmap.org/node/8690398791,,,,,,2023-06-26,2024-01-18T15:54:14,POINT(8.750218 50.113306)
https://www.openstreetmap.org/node/8690605258,,,,,,,2021-05-02T13:10:42,POINT(9.300601 47.690786)
https://www.openstreetmap.org/node/8690836001,Bücherwurm-Zelle,phone_box,,,,,2021-07-18T23:25:43,POINT(10.830779 48.158906)
https://www.openstreetmap.org/node/8690986938,,shelf,,,,2024-06-05,2024-06-04T22:22:50,POINT(12.151813 48.268549)
https://www.openstreetmap.org/node/8690986939,,glass_cabinet,,,,2024-08-11,2024-08-11T18:45:43,POINT(12.154471 48.266608)
https://www.openstreetmap.org/node/8690986940,,,,,,,2024-06-16T10:38:50,POINT(12.148155 48.282405)
https://www.openstreetmap.org/node/8691071066,,phone_box,Junge Arbeit Neuperlach,,,2026-03-11,2026-03-11T12:19:45,POINT(11.644395 48.108584)
https://www.openstreetmap.org/node/8694862302,Longebränna Leselust,wooden_cabinet,,,24/7,,2021-05-03T19:34:51,POINT(8.362457 48.702933)
https://www.openstreetmap.org/node/8694904875,Bücher-Eck,phone_box,Verein Generationengerechtes Wohnen e.V gemeinsam mit Wohnungsgenossenschaft München-West eG,,,2025-08-20,2025-08-20T20:01:37,POINT(11.535584 48.137378)
https://www.openstreetmap.org/node/8696530741,,metal_cabinet,,,24/7,,2026-06-02T09:38:31,POINT(8.360163 48.721734)
https://www.openstreetmap.org/node/8703259297,,phone_box,,,,2024-04-15,2024-04-15T21:58:46,POINT(9.994022 53.708182)
https://www.openstreetmap.org/node/8703271946,Der kleine Büchertausch,phone_box,,,,2026-07-12,2026-07-12T11:22:22,POINT(9.853896 53.469824)
https://www.openstreetmap.org/node/8707022923,Einfach so,,Gasiorek,,,,2021-05-06T17:14:21,POINT(13.666989 50.896964)
https://www.openstreetmap.org/node/8707331948,,phone_box,,,,,2021-05-06T19:09:19,POINT(7.456754 50.416069)
https://www.openstreetmap.org/node/8707346221,,,,,,2026-04-12,2026-04-12T09:16:15,POINT(11.628347 48.082111)
https://www.openstreetmap.org/node/8710234866,,phone_box,,,,,2021-05-07T17:09:13,POINT(8.908599 52.396521)
https://www.openstreetmap.org/node/8710940352,,metal_cabinet,,,24/7,2025-07-06,2025-07-06T09:36:22,POINT(6.177220 50.729750)
https://www.openstreetmap.org/node/8712683228,,sculpture,,,,,2023-02-25T07:22:48,POINT(12.873751 48.776395)
https://www.openstreetmap.org/node/8713147721,,metal_cabinet,Münchenstift,,,2025-09-19,2025-09-19T07:26:22,POINT(11.578056 48.175771)
https://www.openstreetmap.org/node/8715079256,Bücherzelle,phone_box,,,,,2026-03-20T16:27:13,POINT(11.653260 48.249323)
https://www.openstreetmap.org/node/8715100394,Büchertausch,phone_box,Blickpunkt Hegge,,,,2022-04-05T11:15:51,POINT(10.317881 47.689422)
https://www.openstreetmap.org/node/8715106922,Dorfbücherei,phone_box,,https://web.archive.org/web/20180102191411/http://www.br.de/nachrichten/schwaben/inhalt/durach-telefonzelle-buecherei-100.html,,2026-01-25,2026-01-25T08:13:10,POINT(10.344818 47.697022)
https://www.openstreetmap.org/node/8715130927,Bücherschrank,wooden_cabinet,"Förderverein Beginenhaus Kempten e. V.,",,,2025-09-14,2025-09-14T12:16:19,POINT(10.322003 47.724561)
https://www.openstreetmap.org/node/8715219945,Offener Bücherschrank Haidhausen,metal_cabinet,AKA - Aktiv für interKulturellen Austausch e.V.,,,2025-11-20,2025-11-20T22:31:42,POINT(11.596107 48.131008)
https://www.openstreetmap.org/node/8715303416,,wooden_cabinet,,,,2023-09-03,2023-09-03T16:18:48,POINT(11.565644 48.119126)
https://www.openstreetmap.org/node/8715330880,Ohrwurm Bücherschrank,phone_box,Ohrwurm,,,2025-06-13,2025-06-13T18:54:13,POINT(11.565152 48.110896)
https://www.openstreetmap.org/node/8715343939,Büchertausch-Zelle,phone_box,,,,2025-04-26,2025-04-26T14:18:57,POINT(11.576776 48.118453)
https://www.openstreetmap.org/node/8715783973,,,Evangelisches Pfarrzentrum Unterhaching,,,2026-06-08,2026-06-08T11:08:14,POINT(11.604481 48.079082)
https://www.openstreetmap.org/node/8715803007,BücherZelle,phone_box,,,,2026-03-17,2026-03-17T15:25:56,POINT(13.293120 52.515527)
https://www.openstreetmap.org/node/8719599594,,phone_box,Markt Holzkirchen,,,,2025-10-20T10:19:59,POINT(11.716398 47.895666)
https://www.openstreetmap.org/node/8722058650,Bücher-Telefonzelle,phone_box,,,,,2021-05-11T15:26:16,POINT(12.770022 48.057791)
https://www.openstreetmap.org/node/8726080181,Unser / Euer / Ihr Bücherregal,shelf,Wallfahrtsseelsorger,,,,2021-05-12T18:38:53,POINT(11.408637 48.106573)
https://www.openstreetmap.org/node/8729251174,Gedankenstrom,metal_cabinet,Kempodium,,,2024-01-12,2024-01-12T14:28:18,POINT(10.320095 47.710316)
https://www.openstreetmap.org/node/8729430463,,metal_cabinet,,,,,2021-05-13T20:44:09,POINT(7.571040 51.417378)
https://www.openstreetmap.org/node/8732333844,,phone_box,,,24/7,2023-11-22,2024-05-27T02:05:05,POINT(8.778010 53.103517)
https://www.openstreetmap.org/node/8733869149,,shelf;metal_cabinet,,,24/7,2025-01-20,2025-01-21T05:30:18,POINT(6.780242 51.227216)
https://www.openstreetmap.org/node/8734302761,,,,,,,2025-04-19T13:00:15,POINT(13.827541 50.968380)
https://www.openstreetmap.org/node/8734431320,,,,,,,2024-11-14T14:36:56,POINT(11.942330 48.044652)
https://www.openstreetmap.org/node/8734448995,,,,,,,2021-05-15T17:00:40,POINT(11.961627 48.049927)
https://www.openstreetmap.org/node/8734494933,,,,,Mo-Su 08:00-21:00,,2021-10-26T22:15:14,POINT(11.966344 48.074678)
https://www.openstreetmap.org/node/8735461761,RixBücher,metal_cabinet,Berliner Büchertisch,https://www.buechertisch.de,24/7,2026-05-02,2026-07-18T01:45:19,POINT(13.437640 52.479140)
https://www.openstreetmap.org/node/8735731711,,metal_cabinet,Kolping Bildungsagentur,,,2025-12-05,2025-12-07T18:18:17,POINT(11.467104 48.189653)
https://www.openstreetmap.org/node/8736404396,,wooden_cabinet,,,,2025-07-01,2025-07-01T06:56:01,POINT(10.018047 53.626122)
https://www.openstreetmap.org/node/8738581064,,,,,,2026-03-12,2026-03-12T19:25:03,POINT(13.724393 51.075798)
https://www.openstreetmap.org/node/8742659958,,,,,,,2021-05-18T14:24:17,POINT(12.373891 47.813080)
https://www.openstreetmap.org/node/8744505131,,metal_cabinet,,,24/7,,2024-01-28T16:04:21,POINT(7.015724 51.467425)
https://www.openstreetmap.org/node/8745156153,BücherEgg,,,,,,2021-05-19T09:05:19,POINT(9.192099 47.691934)
https://www.openstreetmap.org/node/8746387396,Bücher-Tausch-Regal,,,,,2025-06-24,2025-06-24T17:51:10,POINT(8.996531 48.501550)
https://www.openstreetmap.org/node/8747340049,,metal_cabinet,,,24/7,2026-07-06,2026-07-06T09:05:57,POINT(11.345161 49.846158)
https://www.openstreetmap.org/node/8748428644,,metal_cabinet,Seniorennetzwerk 55 plus,,24/7,2024-06-26,2024-06-26T11:38:09,POINT(6.457735 51.100991)
https://www.openstreetmap.org/node/8750168674,,,,,24/7,2025-08-21,2025-08-21T19:56:35,POINT(10.690255 53.863997)
https://www.openstreetmap.org/node/8755766655,,metal_cabinet,,,24/7,2024-08-04,2026-01-02T11:34:40,POINT(6.374387 50.685594)
https://www.openstreetmap.org/node/8755776300,Bucherschrank Gey,metal_cabinet,,,24/7,,2025-05-10T21:06:37,POINT(6.420260 50.749105)
https://www.openstreetmap.org/node/8755869638,,,,,,2025-08-22,2025-08-22T13:08:10,POINT(11.757432 48.162507)
https://www.openstreetmap.org/node/8755870445,,,,,,,2021-05-22T16:46:37,POINT(11.730083 48.148772)
https://www.openstreetmap.org/node/8756475348,,shelf,CVJM Flacht e.V,,,2024-03-14,2024-03-14T20:32:36,POINT(8.911469 48.831661)
https://www.openstreetmap.org/node/8757468813,,phone_box,,,,,2024-06-16T16:43:13,POINT(12.966516 52.458647)
https://www.openstreetmap.org/node/8757646117,,,,,24/7,2024-10-05,2024-10-25T09:04:09,POINT(7.702964 48.141027)
https://www.openstreetmap.org/node/8757897237,,,,,,,2021-05-23T14:02:23,POINT(8.933062 49.192188)
https://www.openstreetmap.org/node/8758186201,Büchertankstelle,wooden_cabinet,,,,2025-03-04,2025-12-11T16:55:29,POINT(10.876061 48.351296)
https://www.openstreetmap.org/node/8758380672,,phone_box,,,,,2024-06-01T01:50:56,POINT(8.282295 52.991032)
https://www.openstreetmap.org/node/8758653457,,glass_cabinet,,,,,2025-08-09T14:28:23,POINT(10.779172 48.717499)
https://www.openstreetmap.org/node/8758941393,,phone_box,,,24/7,,2022-01-23T20:14:24,POINT(12.610062 50.871542)
https://www.openstreetmap.org/node/8758941394,,phone_box,,,24/7,,2022-01-23T20:14:24,POINT(12.608961 50.872092)
https://www.openstreetmap.org/node/8758941395,,phone_box,,,24/7,,2021-11-25T03:10:26,POINT(12.788231 50.855748)
https://www.openstreetmap.org/node/8760552846,,metal_cabinet,,,,2025-08-15,2025-08-15T17:24:21,POINT(7.002927 51.389187)
https://www.openstreetmap.org/node/8760894178,,,Stadtbücherei Lage,https://www.foerderverein-buecherei-lage.de,,,2024-11-15T00:16:15,POINT(8.793597 51.991145)
https://www.openstreetmap.org/node/8761467860,,metal_cabinet,Verein Mütterzentrum Sendling e.V.,,,2026-06-02,2026-06-02T17:18:04,POINT(11.549265 48.112829)
https://www.openstreetmap.org/node/8761635129,,phone_box,,,,2023-01-03,2024-05-26T01:12:43,POINT(6.478716 51.251931)
https://www.openstreetmap.org/node/8767994650,,,,,,2026-01-01,2026-01-01T09:15:31,POINT(7.539631 50.213977)
https://www.openstreetmap.org/node/8775248722,,phone_box,Markt Holzkirchen,,24/7,,2025-03-19T12:33:13,POINT(11.678506 47.846637)
https://www.openstreetmap.org/node/8778889969,,metal_cabinet,,,,2025-11-02,2025-11-02T01:08:43,POINT(8.014307 49.958857)
https://www.openstreetmap.org/node/8780546271,Bücherschränkchen Kunstschule Plattenhardt,wooden_cabinet,,,24/7,2025-05-09,2025-05-09T16:25:30,POINT(9.199413 48.654562)
https://www.openstreetmap.org/node/8782241403,Bücherzelle,phone_box,,,,2023-12-26,2023-12-26T16:28:58,POINT(10.837312 48.573455)
https://www.openstreetmap.org/node/8783122086,Bücherzelle Niedergurig,phone_box,,,,,2024-05-30T23:43:47,POINT(14.479067 51.226523)
https://www.openstreetmap.org/node/8784566288,,,,,,2024-09-01,2024-09-01T08:28:26,POINT(6.587281 50.926166)
https://www.openstreetmap.org/node/8789742094,,,Haus 97,,,,2025-11-15T12:29:21,POINT(9.891215 51.525195)
https://www.openstreetmap.org/node/8790405990,,,,,,,2021-06-01T21:08:23,POINT(6.670695 50.983090)
https://www.openstreetmap.org/node/8793042148,,phone_box,,,,2024-03-31,2024-03-31T16:50:23,POINT(12.166561 48.575410)
https://www.openstreetmap.org/node/8793042149,,phone_box,,,,2025-08-03,2025-08-03T17:57:43,POINT(12.169961 48.570829)
https://www.openstreetmap.org/node/8793042150,Buchhäusl,phone_box,,,,,2024-08-24T12:14:43,POINT(12.093058 48.659550)
https://www.openstreetmap.org/node/8796385967,,,,,,,2021-06-03T20:14:04,POINT(7.192072 51.281448)
https://www.openstreetmap.org/node/8806512400,,,,,,,2023-08-29T15:05:06,POINT(13.954153 50.966621)
https://www.openstreetmap.org/node/8806675694,Öffentliches Bücherzelle,phone_box,,,24/7,,2024-06-03T23:21:41,POINT(8.066196 52.511894)
https://www.openstreetmap.org/node/8807154264,Bücherbaum,,,,,,2021-06-05T16:01:28,POINT(13.141478 48.729342)
https://www.openstreetmap.org/node/8807561381,,shelter,,,24/7,2025-05-15,2025-05-15T20:47:06,POINT(7.874944 48.242494)
https://www.openstreetmap.org/node/8808916477,,wooden_cabinet,,,24/7,2025-08-29,2025-08-29T16:32:02,POINT(7.021805 49.917225)
https://www.openstreetmap.org/node/8809294546,,,,,,2026-03-21,2026-03-21T20:15:23,POINT(6.283149 50.895469)
https://www.openstreetmap.org/node/8809665577,,,,,,2023-08-13,2024-12-18T19:58:50,POINT(8.609265 50.136202)
https://www.openstreetmap.org/node/8809755308,,phone_box,,,,2024-09-16,2026-06-06T13:50:50,POINT(7.785036 49.802116)
https://www.openstreetmap.org/node/8809837850,,,,,,,2021-06-06T20:44:05,POINT(7.341003 49.753105)
https://www.openstreetmap.org/node/8814056668,,,,,,,2021-06-08T08:40:12,POINT(7.145196 49.586943)
https://www.openstreetmap.org/node/8818070166,,building,,,24/7,,2025-05-16T06:51:23,POINT(13.943705 52.127248)
https://www.openstreetmap.org/node/8826087878,,,Bürgerstiftung Köln,https://buergerstiftung-koeln.de/projekte/buecherschraenke/,,2025-04-15,2025-04-15T10:54:49,POINT(7.036210 50.925806)
https://www.openstreetmap.org/node/8826960580,,,,,,,2021-06-12T07:37:41,POINT(8.922619 50.597454)
https://www.openstreetmap.org/node/8827140703,,,,,,2026-04-17,2026-04-17T09:40:30,POINT(6.601159 51.547547)
https://www.openstreetmap.org/node/8828766199,,metal_cabinet,,,24/7,2024-08-25,2024-08-25T11:29:21,POINT(8.107497 51.573410)
https://www.openstreetmap.org/node/8829376877,Offener Bücherschrank Graurheindorf,movable_cabinet,,,24/7,2023-11-26,2023-11-26T07:24:41,POINT(7.080844 50.761747)
https://www.openstreetmap.org/node/8831621776,,metal_cabinet,,,,2026-07-26,2026-07-26T19:01:29,POINT(7.137182 50.813944)
https://www.openstreetmap.org/node/8831813639,,phone_box,,,,2023-11-02,2023-11-02T13:54:51,POINT(9.937220 48.334405)
https://www.openstreetmap.org/node/8831967862,Mauern liest,phone_box,Gemeinde Mauern,,,2025-10-24,2025-10-24T19:08:09,POINT(11.896902 48.516292)
https://www.openstreetmap.org/node/8832568528,Glasvitrine,,,,,2026-04-08,2026-04-08T16:08:20,POINT(11.923202 50.330000)
https://www.openstreetmap.org/node/8832857433,,,,,,,2021-06-14T16:56:16,POINT(7.345901 49.864314)
https://www.openstreetmap.org/node/8836230331,,metal_cabinet,,,,2025-03-04,2025-03-04T09:33:00,POINT(8.501834 50.143678)
https://www.openstreetmap.org/node/8836661249,,glass_cabinet,,,,,2022-08-23T17:37:12,POINT(6.973538 51.441335)
https://www.openstreetmap.org/node/8842080123,,phone_box,,,24/7,2026-07-11,2026-07-11T15:25:23,POINT(9.182079 49.783341)
https://www.openstreetmap.org/node/8844548241,,glass_cabinet,,,,2024-05-13,2026-07-06T09:53:16,POINT(9.034596 48.708306)
https://www.openstreetmap.org/node/8845848842,,,,,,,2025-03-19T22:11:18,POINT(6.740219 49.520303)
https://www.openstreetmap.org/node/8849839439,Treffpunkt Büchereien,phone_box,,,,,2024-06-19T01:57:14,POINT(7.072532 51.209188)
https://www.openstreetmap.org/node/8850504318,Bücherschrank,,,,,2024-04-08,2024-04-08T15:47:53,POINT(7.089587 51.239248)
https://www.openstreetmap.org/node/8850538253,Langerfelder Bücherschrank,,,,,2026-07-19,2026-07-19T18:51:51,POINT(7.245942 51.275221)
https://www.openstreetmap.org/node/8863628062,,,,,,2023-03-17,2023-03-17T17:17:31,POINT(6.946013 49.655225)
https://www.openstreetmap.org/node/8865570030,,phone_box,,,,2023-07-16,2023-07-16T11:37:12,POINT(6.478078 50.633789)
https://www.openstreetmap.org/node/8868803582,,,,,,,2024-01-28T19:58:14,POINT(9.960185 51.540901)
https://www.openstreetmap.org/node/8869462663,,,,,,,2021-06-27T09:40:19,POINT(7.055406 51.609651)
https://www.openstreetmap.org/node/8869733789,Schönbacher Bücherschrank,phone_box,Ortsbeirat Schönbach,,24/7,2026-06-21,2026-07-26T17:24:23,POINT(8.222086 50.666719)
https://www.openstreetmap.org/node/8869788156,,phone_box,,,,2023-12-14,2023-12-14T11:02:59,POINT(8.361196 52.059988)
https://www.openstreetmap.org/node/8871215060,,wooden_cabinet,,,,,2023-05-07T16:23:23,POINT(9.944469 52.152571)
https://www.openstreetmap.org/node/8873638535,,,,,,,2023-03-18T10:23:01,POINT(9.865789 51.520942)
https://www.openstreetmap.org/node/8874764578,,phone_box,,,,2023-10-22,2023-10-22T15:00:03,POINT(7.140495 50.780704)
https://www.openstreetmap.org/node/8875347289,,metal_cabinet,,,,,2021-06-29T14:44:10,POINT(6.627287 49.694573)
https://www.openstreetmap.org/node/8875515507,Harberner Bökerschapp,shelter,Bürgerverein Achternmeer-HarbernI e.V.,https://achternmeer.jimdofree.com/,24/7,,2023-08-15T18:26:35,POINT(8.096789 53.073296)
https://www.openstreetmap.org/node/888513973,,phone_box,,,24/7,2024-06-20,2024-06-24T19:32:01,POINT(9.517536 49.759873)
https://www.openstreetmap.org/node/8888380022,,metal_cabinet,,,24/7,2026-05-18,2026-05-18T14:49:37,POINT(7.033037 51.436830)
https://www.openstreetmap.org/node/8889686749,,metal_cabinet,,,,2025-04-05,2025-04-05T16:36:01,POINT(6.977676 50.682181)
https://www.openstreetmap.org/node/8890606470,,,,,,,2021-07-03T16:46:56,POINT(11.284309 49.297537)
https://www.openstreetmap.org/node/8890672201,,phone_box,,,,,2024-05-12T18:44:35,POINT(10.125303 53.851230)
https://www.openstreetmap.org/node/8893047918,,,,,,2023-07-25,2023-07-25T04:02:48,POINT(8.266893 49.980506)
https://www.openstreetmap.org/node/8893171556,,,,,,,2021-07-04T20:08:01,POINT(12.299213 51.278722)
https://www.openstreetmap.org/node/8894575372,,,der verein – subkulturelles hilfswerk e.V.;Weltladen Weinsberg,,,,2021-07-05T11:36:53,POINT(9.287977 49.151867)
https://www.openstreetmap.org/node/8894586518,Bücherbox,phone_box,,,24/7,,2023-08-19T21:35:18,POINT(10.233505 53.588177)
https://www.openstreetmap.org/node/8894645638,,,,,,2024-12-29,2024-12-29T11:10:05,POINT(10.192815 47.569591)
https://www.openstreetmap.org/node/8899258713,,glass_cabinet,,,24/7,2022-10-14,2023-08-15T16:02:29,POINT(7.455564 49.188400)
https://www.openstreetmap.org/node/8902364930,Bücherkiste,,,,,,2022-10-09T21:19:22,POINT(9.620005 53.964206)
https://www.openstreetmap.org/node/8904312743,,shelter,,,,,2021-07-08T12:10:42,POINT(9.238331 49.783650)
https://www.openstreetmap.org/node/8905042565,,,,,,2025-04-25,2025-04-25T09:04:59,POINT(8.544480 52.047157)
https://www.openstreetmap.org/node/8911512388,,,,,24/7,2025-07-25,2025-07-25T15:52:09,POINT(10.821051 53.967051)
https://www.openstreetmap.org/node/8911621529,Schmökerzelle,phone_box,,,,,2022-05-24T15:45:29,POINT(10.585336 54.103952)
https://www.openstreetmap.org/node/8911621531,,,,,,,2021-07-11T14:40:45,POINT(10.701983 54.013231)
https://www.openstreetmap.org/node/8911827766,,,,,,,2021-07-11T16:19:09,POINT(8.172898 51.735203)
https://www.openstreetmap.org/node/8919417336,De Bökerkist Verchen,,,,,2023-07-17,2023-07-17T10:52:42,POINT(12.901243 53.849444)
https://www.openstreetmap.org/node/8919875028,Bücher Tausch Haltestelle,,,,,,2021-07-14T14:59:36,POINT(12.842553 53.767226)
https://www.openstreetmap.org/node/8920500053,Bücherbäume Sielmingen,sculpture,,,24/7,2025-08-11,2025-08-23T16:01:05,POINT(9.237195 48.672036)
https://www.openstreetmap.org/node/8920500054,Bücherschrank am Herrlesbergladen,wooden_cabinet,Herrlesbergladen,,24/7,,2025-02-20T13:41:10,POINT(9.090816 48.532689)
https://www.openstreetmap.org/node/8920500055,Bücherregal der Auferstehungskirche Reutlingen,shelf,Ev. Auferstehungs-Kirchengemeinde,,24/7,2026-05-21,2026-05-21T13:39:27,POINT(9.204171 48.506590)
https://www.openstreetmap.org/node/8920500056,Literatüüt,movable_cabinet,Frauenliste Walddorfhäslach,,24/7,2025-06-12,2025-06-13T06:33:56,POINT(9.195811 48.597392)
https://www.openstreetmap.org/node/8926722480,,,,,,,2021-07-16T13:29:46,POINT(6.976137 51.036745)
https://www.openstreetmap.org/node/8926868176,,,,,,,2023-10-28T15:46:40,POINT(12.320340 52.325301)
https://www.openstreetmap.org/node/8928061055,,,,,,2026-01-03,2026-01-03T17:10:38,POINT(6.873996 51.163514)
https://www.openstreetmap.org/node/8929263272,,,,,24/7,,2021-07-17T19:40:24,POINT(7.271279 51.458006)
https://www.openstreetmap.org/node/8930646226,Europa Bücherboxx,phone_box,Bücherboxx,,,2026-04-15,2026-04-15T16:13:12,POINT(13.302278 52.516718)
https://www.openstreetmap.org/node/8930730009,,phone_box,,,,,2021-07-18T14:37:46,POINT(8.741354 50.195489)
https://www.openstreetmap.org/node/8930754469,,,,,,,2021-07-18T14:52:38,POINT(9.719156 47.702297)
https://www.openstreetmap.org/node/8930816674,,,,,,,2021-07-18T16:09:20,POINT(7.269366 50.560068)
https://www.openstreetmap.org/node/8933089380,Saunabibliothek,phone_box,Park Sauna,,24/7,,2021-07-19T13:05:08,POINT(6.621485 50.945452)
https://www.openstreetmap.org/node/8933389489,Bücherzelle,phone_box,,,,,2023-02-14T12:39:03,POINT(8.868324 54.507543)
https://www.openstreetmap.org/node/8938791763,,wooden_cabinet,,,24/7,2025-12-01,2025-12-01T06:18:47,POINT(9.725392 52.425016)
https://www.openstreetmap.org/node/8939564980,,,,,,,2021-07-21T19:02:51,POINT(8.112810 49.995162)
https://www.openstreetmap.org/node/8941360438,Bücherschrank Kleist 13,,,,,2026-02-15,2026-02-15T07:27:35,POINT(11.688124 48.066517)
https://www.openstreetmap.org/node/8941637970,,phone_box,,,,,2021-07-22T13:11:40,POINT(10.761707 48.180872)
https://www.openstreetmap.org/node/8942012301,,,,,,2024-07-21,2024-07-21T07:53:37,POINT(9.126836 48.727070)
https://www.openstreetmap.org/node/8946620806,,phone_box,,,,,2023-08-19T21:48:37,POINT(11.435415 53.691085)
https://www.openstreetmap.org/node/8946647119,,phone_box,,,,,2023-08-19T21:46:32,POINT(11.435094 53.702836)
https://www.openstreetmap.org/node/8946718315,,wooden_cabinet,,,24/7,2023-10-01,2023-10-01T13:43:03,POINT(11.700622 48.047757)
https://www.openstreetmap.org/node/8951667747,Telefonbuch,phone_box,,,24/7,2025-10-10,2025-10-11T20:38:45,POINT(10.099664 53.237216)
https://www.openstreetmap.org/node/8951799651,,,,,24/7,,2025-07-28T23:28:29,POINT(9.437317 48.972513)
https://www.openstreetmap.org/node/8951875305,,,,,,2025-10-05,2025-10-05T16:07:48,POINT(11.902585 54.104388)
https://www.openstreetmap.org/node/8951892742,Bücherzelle Gorkistraße,phone_box,WoBau Burg,,24/7,,2024-08-13T08:56:19,POINT(11.844123 52.270549)
https://www.openstreetmap.org/node/8951892744,,shelf,,,,,2021-07-26T16:55:29,POINT(11.845195 52.259813)
https://www.openstreetmap.org/node/8952732251,Hennigsdorfer Bücherschrank,phone_box,,,24/7,2024-09-25,2024-09-25T06:20:13,POINT(13.203963 52.637617)
https://www.openstreetmap.org/node/8953451737,Beetzer Bücherbox,phone_box,,,,,2026-06-24T05:16:12,POINT(13.018669 52.814273)
https://www.openstreetmap.org/node/8956731177,Bücherschrank an der Weststadtkirche,wooden_cabinet,Kirchengemeinde,,24/7,,2021-07-28T10:31:17,POINT(9.174343 48.896800)
https://www.openstreetmap.org/node/8956731178,,phone_box,,,,2024-08-17,2024-08-17T15:19:19,POINT(9.164064 48.769843)
https://www.openstreetmap.org/node/8956731179,,metal_cabinet,,,24/7,2025-11-25,2025-11-25T17:27:39,POINT(9.654954 48.704413)
https://www.openstreetmap.org/node/8956731182,Bücherzelle Notzingen,phone_box,Gemeinde Notzingen,,24/7,2024-08-13,2024-08-13T09:53:40,POINT(9.464303 48.672482)
https://www.openstreetmap.org/node/8956731183,Köngener Bücherzelle,phone_box,Gemeinde Köngen,,24/7,2026-07-07,2026-07-10T18:28:36,POINT(9.361204 48.685487)
https://www.openstreetmap.org/node/8957028276,Nimm- und Bring-Brett an der Viereckschanze,,,,,,2021-07-28T11:54:45,POINT(9.133376 48.563946)
https://www.openstreetmap.org/node/8957701693,Bücherbox,phone_box,,,24/7,2024-09-14,2024-09-14T18:57:55,POINT(9.891205 49.834672)
https://www.openstreetmap.org/node/8964453975,,glass_cabinet,,,24/7,,2021-07-31T00:09:10,POINT(7.360640 49.250346)
https://www.openstreetmap.org/node/8967641908,Bücherzelle Martinsried,phone_box,Gemeinde Planegg,,,,2024-06-03T21:30:15,POINT(11.448696 48.107533)
https://www.openstreetmap.org/node/8972257066,,phone_box,,,,,2024-06-16T18:46:55,POINT(13.379261 52.251593)
https://www.openstreetmap.org/node/8972405563,de lütte Bökerstuuv,phone_box,,,,2024-06-01,2024-06-01T12:22:29,POINT(9.517959 53.923332)
https://www.openstreetmap.org/node/8972805427,,metal_cabinet,,,,2024-03-25,2024-03-25T10:36:28,POINT(8.784313 53.069068)
https://www.openstreetmap.org/node/8973471637,,wooden_cabinet,,,,,2024-05-09T17:58:24,POINT(8.744547 48.659635)
https://www.openstreetmap.org/node/8974386480,,shelter,,,24/7,,2021-08-02T12:01:13,POINT(7.852277 53.488601)
https://www.openstreetmap.org/node/8975547643,,,,,,,2021-08-02T21:30:46,POINT(11.379262 48.185206)
https://www.openstreetmap.org/node/8977962981,,,,https://www.ovenhausen-digital.de/neue-dorfmitte/,,,2021-08-03T19:03:54,POINT(9.299182 51.777440)
https://www.openstreetmap.org/node/8983777503,Bücherturm Laupheim,phone_box,Stadt Laupheim,,24/7,,2021-11-02T19:02:34,POINT(9.880318 48.227870)
https://www.openstreetmap.org/node/8988091588,Bonstetter Bücherschrank,phone_box,,,,,2024-09-01T06:06:02,POINT(10.706174 48.439401)
https://www.openstreetmap.org/node/8989708285,Lesefon,phone_box,BetreuWo e.V. Kleve,,,2026-03-12,2026-03-12T13:48:01,POINT(6.141682 51.789643)
https://www.openstreetmap.org/node/8989738329,Offener Bücherschrank im Marienviertel,,,,,,2023-11-15T19:12:04,POINT(6.971983 51.679000)
https://www.openstreetmap.org/node/8990333301,,,,,,2024-05-27,2024-06-22T18:18:50,POINT(8.749834 50.801191)
https://www.openstreetmap.org/node/8990584808,,metal_cabinet,,,24/7,,2021-08-12T13:05:05,POINT(6.649081 50.661267)
https://www.openstreetmap.org/node/8992465220,Nordstadt I,wooden_cabinet,Werkstatt-Treff Mecklenheide,https://www.werkstatt-treff.de/html/buecherschrank.html,24/7,,2023-11-06T12:55:26,POINT(9.725799 52.382063)
https://www.openstreetmap.org/node/8992480981,Nordstadt II,wooden_cabinet,Werkstatt-Treff Mecklenheide,https://www.werkstatt-treff.de/html/buecherschrank.html,24/7,2025-11-15,2025-11-15T20:48:56,POINT(9.721391 52.386953)
https://www.openstreetmap.org/node/8995586915,,,,,,,2021-08-10T09:42:13,POINT(7.699066 47.968492)
https://www.openstreetmap.org/node/8996409865,,,Bücherstüberl Affing,,,,2023-05-08T15:20:11,POINT(10.936747 48.438585)
https://www.openstreetmap.org/node/9000339754,,,,,,,2021-08-12T06:04:46,POINT(10.803377 47.676444)
https://www.openstreetmap.org/node/9001498436,,,,,,,2021-08-12T13:09:55,POINT(7.653406 51.201753)
https://www.openstreetmap.org/node/9001531748,,phone_box,,,24/7,2026-02-15,2026-02-15T13:59:47,POINT(8.138033 50.719003)
https://www.openstreetmap.org/node/9001680949,,metal_cabinet,,,,,2026-03-16T08:26:36,POINT(8.805210 50.151997)
https://www.openstreetmap.org/node/9001697819,,,,http://www.ig-hasenberg.de/pages/buecherschrank.php,,,2025-01-17T10:33:20,POINT(7.268785 51.185059)
https://www.openstreetmap.org/node/9005140751,,window,,,,2026-01-05,2026-01-05T15:28:03,POINT(8.628740 49.160284)
https://www.openstreetmap.org/node/9007164547,,metal_cabinet,,,24/7,2025-09-26,2026-02-27T11:48:28,POINT(7.117496 50.748100)
https://www.openstreetmap.org/node/9008013975,Bus-ch-Häuschen,shelter,,,,,2021-08-15T13:50:17,POINT(8.080173 49.943703)
https://www.openstreetmap.org/node/9008739490,,,,,,2023-11-26,2024-11-10T10:36:11,POINT(9.181888 48.993834)
https://www.openstreetmap.org/node/9015395361,,phone_box,Radau e.V.,,24/7,2023-08-16,2025-02-26T14:58:11,POINT(12.911240 50.817155)
https://www.openstreetmap.org/node/9020189879,Bücherzelle,phone_box,,,,,2021-09-19T00:12:09,POINT(9.253338 48.780732)
https://www.openstreetmap.org/node/9021665864,,,,,,2026-05-02,2026-05-02T16:08:38,POINT(7.023469 50.692018)
https://www.openstreetmap.org/node/9022842374,,glass_cabinet,innogy; Stadtteilforum Oberaußem e.V.,,24/7,,2025-09-17T13:18:17,POINT(6.677122 50.973677)
https://www.openstreetmap.org/node/9024755176,,glass_cabinet,,,24/7,2026-05-07,2026-05-07T14:30:17,POINT(10.522117 52.213386)
https://www.openstreetmap.org/node/9025086351,Bücherstation,,,,,2024-11-26,2026-05-02T10:48:56,POINT(8.874128 48.754177)
https://www.openstreetmap.org/node/9025784200,,phone_box,,,,2026-07-04,2026-07-04T12:55:34,POINT(10.232694 52.085673)
https://www.openstreetmap.org/node/9025867599,,reading_box,,,,2025-09-26,2025-09-26T11:27:19,POINT(9.917892 53.549806)
https://www.openstreetmap.org/node/9025877128,,reading_box,,,,2026-07-10,2026-07-10T11:20:41,POINT(9.916110 53.548791)
https://www.openstreetmap.org/node/9026621548,,phone_box,,,,,2022-05-30T14:27:35,POINT(7.873597 51.214493)
https://www.openstreetmap.org/node/9026944445,Bücherzelle,phone_box,,,,,2024-05-30T03:28:39,POINT(11.655843 48.458088)
https://www.openstreetmap.org/node/9027045249,,phone_box,,,,2025-11-06,2025-11-07T15:43:22,POINT(9.712274 50.870275)
https://www.openstreetmap.org/node/9027181394,Bücher Tausch,phone_box,,,,,2021-11-20T15:08:14,POINT(12.929712 52.311246)
https://www.openstreetmap.org/node/9027657169,,,,,24/7,,2021-08-23T05:40:45,POINT(9.006349 54.507567)
https://www.openstreetmap.org/node/9029826857,,phone_box,,,,,2023-09-22T14:45:11,POINT(8.645053 49.817679)
https://www.openstreetmap.org/node/9029872408,,phone_box,,,,2024-05-29,2024-05-29T19:06:32,POINT(9.418616 51.518456)
https://www.openstreetmap.org/node/9033462889,Tauschbox,phone_box,,,,,2022-05-30T14:19:49,POINT(11.409771 53.612897)
https://www.openstreetmap.org/node/9033519170,Bücherbox,phone_box,,,,2026-04-11,2026-04-18T10:41:42,POINT(10.366537 50.891655)
https://www.openstreetmap.org/node/9033540508,Medienzelle,phone_box,,,,,2022-05-30T14:38:24,POINT(6.778009 49.307639)
https://www.openstreetmap.org/node/9034902355,,shelf,,,24/7,,2023-11-03T13:08:48,POINT(9.384445 49.169649)
https://www.openstreetmap.org/node/9034966480,,phone_box,,,,,2021-08-25T12:45:13,POINT(6.920953 50.933840)
https://www.openstreetmap.org/node/9035780939,,phone_box,,,24/7,,2024-06-03T23:09:51,POINT(11.753436 52.891115)
https://www.openstreetmap.org/node/9035804104,,phone_box,,,24/7,,2021-09-05T14:15:21,POINT(12.000667 52.612504)
https://www.openstreetmap.org/node/9036168406,,phone_box,"Förderverein der Stadt-, Kreis- und Gymnasialbibliothek Gardelegen",,24/7,2025-04-22,2025-04-22T14:47:21,POINT(11.392483 52.526045)
https://www.openstreetmap.org/node/9038649774,,phone_box,,,,2026-04-24,2026-04-25T17:40:53,POINT(11.969359 51.482175)
https://www.openstreetmap.org/node/9038997144,,,,,,,2023-10-30T13:33:03,POINT(8.688661 48.694735)
https://www.openstreetmap.org/node/9040848476,,glass_cabinet,,,,,2021-08-27T13:08:03,POINT(6.464430 50.961660)
https://www.openstreetmap.org/node/9042099956,,phone_box,,,,,2021-08-28T01:42:35,POINT(9.698686 52.358577)
https://www.openstreetmap.org/node/9042140432,,phone_box,,,,,2021-08-28T02:14:49,POINT(7.402992 52.513930)
https://www.openstreetmap.org/node/9045902847,,phone_box,,,24/7,,2024-06-16T18:02:38,POINT(13.064259 52.291683)
https://www.openstreetmap.org/node/9046375361,,phone_box,,,,2026-07-22,2026-07-22T20:54:50,POINT(14.044659 51.493590)
https://www.openstreetmap.org/node/9049111114,Büchertausch,wooden_cabinet,,,"We-Su,PH 14:00-18:00",2024-10-21,2025-01-18T18:15:32,POINT(13.994288 51.098535)
https://www.openstreetmap.org/node/9050005413,,,,,,2024-08-25,2024-08-25T15:31:34,POINT(8.550826 52.075083)
https://www.openstreetmap.org/node/9051840191,,wooden_cabinet,,,24/7,,2021-08-31T20:56:35,POINT(13.038601 52.559409)
https://www.openstreetmap.org/node/9052074288,,phone_box,,,,2024-06-03,2024-07-05T16:20:50,POINT(6.454931 51.186226)
https://www.openstreetmap.org/node/9052074943,,phone_box,,,,2026-05-28,2026-05-28T01:09:56,POINT(8.901005 52.027417)
https://www.openstreetmap.org/node/9052131641,,phone_box,,,,2026-06-04,2026-06-04T10:27:46,POINT(7.826182 50.660701)
https://www.openstreetmap.org/node/9056651153,Bücherschrank treff+tee,,,,,,2024-04-04T10:06:59,POINT(11.498272 48.093856)
https://www.openstreetmap.org/node/9057073655,,phone_box,,,24/7,,2021-09-02T20:00:54,POINT(11.102694 51.007538)
https://www.openstreetmap.org/node/9058098930,Bücherschrank,wooden_cabinet,Nachhalitg im Lumdatal,https://nachhaltig-im-lumdatal.de/?s=b%C3%BCcherschrank,24/7,2026-05-19,2026-05-19T09:58:26,POINT(8.788352 50.666136)
https://www.openstreetmap.org/node/9060189606,,metal_cabinet,,,,,2021-09-03T12:33:56,POINT(8.142376 51.657167)
https://www.openstreetmap.org/node/9060458091,,,,,,2026-07-24,2026-07-24T11:33:13,POINT(8.470681 49.468877)
https://www.openstreetmap.org/node/9060726584,,phone_box,,,,,2021-09-03T17:08:03,POINT(12.307472 52.630696)
https://www.openstreetmap.org/node/9061023446,,,,,,,2022-10-28T00:31:01,POINT(8.618114 50.167036)
https://www.openstreetmap.org/node/9061621392,,,,,,2024-03-25,2024-03-25T16:59:48,POINT(7.069117 49.915381)
https://www.openstreetmap.org/node/9063051909,,,,,,2024-08-11,2024-08-11T11:40:02,POINT(10.876758 48.049506)
https://www.openstreetmap.org/node/9063264718,Bücherzelle,,,,,,2021-09-04T23:34:10,POINT(9.863020 51.422576)
https://www.openstreetmap.org/node/9064011008,,phone_box,,,24/7,,2021-09-05T13:44:08,POINT(11.711224 52.644335)
https://www.openstreetmap.org/node/9064029391,,phone_box,,,24/7,,2024-06-16T01:30:05,POINT(11.659203 52.630546)
https://www.openstreetmap.org/node/9064040825,,phone_box,,,24/7,,2021-09-05T13:58:04,POINT(11.765876 52.627180)
https://www.openstreetmap.org/node/9064040975,,phone_box,,,24/7,,2021-09-05T14:11:04,POINT(11.729933 52.657195)
https://www.openstreetmap.org/node/9064049970,,phone_box,,,24/7,,2025-03-23T19:06:34,POINT(11.735084 52.616458)
https://www.openstreetmap.org/node/9064058822,,phone_box,,,24/7,,2025-04-11T14:09:18,POINT(10.934407 52.405086)
https://www.openstreetmap.org/node/9064061368,,phone_box,,,24/7,,2024-06-09T22:37:04,POINT(11.615116 52.643705)
https://www.openstreetmap.org/node/9064071350,,wooden_cabinet,,,24/7,2026-04-26,2026-05-13T21:47:02,POINT(10.856774 52.415052)
https://www.openstreetmap.org/node/9064076017,,wooden_cabinet,,,24/7,2026-06-21,2026-06-21T09:19:28,POINT(10.841194 52.420422)
https://www.openstreetmap.org/node/9068530101,,,,,,,2021-09-06T21:31:02,POINT(8.680457 49.930735)
https://www.openstreetmap.org/node/9070255891,,,,,,2026-03-15,2026-03-15T15:18:59,POINT(9.798352 52.413327)
https://www.openstreetmap.org/node/9077576338,,,,,,,2021-09-09T18:52:37,POINT(12.338648 52.528824)
https://www.openstreetmap.org/node/9081007233,,phone_box,,,,2024-06-12,2026-05-09T09:01:28,POINT(13.632741 52.312638)
https://www.openstreetmap.org/node/9081192999,,,,,,2023-10-13,2023-10-13T18:08:49,POINT(8.286325 49.511634)
https://www.openstreetmap.org/node/9081929247,,wooden_cabinet,,,Tu 14:00-19:00; Th 15:00-19:00; Sa 09:00-13:00,,2025-03-05T20:03:08,POINT(11.803101 48.196102)
https://www.openstreetmap.org/node/9082267752,,,,,,2024-03-29,2024-09-08T20:51:25,POINT(11.974594 52.542966)
https://www.openstreetmap.org/node/9083568500,Bücherschwarm,,,,,2024-03-20,2026-02-19T14:12:04,POINT(11.248896 48.178168)
https://www.openstreetmap.org/node/9084227706,,,,,,,2021-09-12T16:01:16,POINT(12.712981 52.675651)
https://www.openstreetmap.org/node/9084318419,,phone_box,,,24/7,,2021-09-12T16:40:19,POINT(11.012134 48.021393)
https://www.openstreetmap.org/node/9084509157,,wooden_cabinet,,,24/7,,2022-01-01T21:08:34,POINT(7.982651 51.664671)
https://www.openstreetmap.org/node/9088756836,,wooden_cabinet,,,,,2021-11-24T10:32:22,POINT(8.359458 49.581727)
https://www.openstreetmap.org/node/9089028517,,,,,,,2021-09-13T19:24:48,POINT(12.665372 48.956661)
https://www.openstreetmap.org/node/9089847240,,phone_box,,,,2024-07-18,2024-07-18T19:13:12,POINT(6.891631 50.822972)
https://www.openstreetmap.org/node/9091543673,,,,,,2024-07-31,2024-07-31T13:04:14,POINT(9.224556 48.896862)
https://www.openstreetmap.org/node/9091553599,,,,,,2024-07-30,2024-07-30T15:50:04,POINT(9.228127 48.892352)
https://www.openstreetmap.org/node/9091822456,,sculpture,,,24/7,,2021-09-14T18:02:54,POINT(8.047976 51.552725)
https://www.openstreetmap.org/node/9091830684,,shelter,,,24/7,,2021-09-14T18:02:54,POINT(7.953955 51.593713)
https://www.openstreetmap.org/node/9094554455,,,,,,2026-03-25,2026-07-26T20:34:01,POINT(11.582592 48.288163)
https://www.openstreetmap.org/node/9094586291,,wooden_cabinet,,,24/7,2026-04-10,2026-06-20T10:48:46,POINT(8.644681 49.872356)
https://www.openstreetmap.org/node/9095853413,Bücherzelle,phone_box,,,,2024-04-26,2024-04-26T12:39:24,POINT(7.165924 50.145874)
https://www.openstreetmap.org/node/9098027058,,glass_cabinet,,,24/7,2025-07-21,2025-07-20T22:46:44,POINT(7.442714 51.475859)
https://www.openstreetmap.org/node/9098578899,Öffentlicher Bücherschrank Hauptfriedhof,building,Marlies Behnke,,24/7,2024-06-17,2024-06-17T17:58:23,POINT(7.534576 51.510198)
https://www.openstreetmap.org/node/9098995366,,,,,,2024-10-19,2024-10-19T18:22:26,POINT(10.720324 48.423799)
https://www.openstreetmap.org/node/9103684512,,,Stadt Frankfurt am Main,,24/7,2025-10-20,2025-10-20T17:44:20,POINT(8.676913 50.127039)
https://www.openstreetmap.org/node/9104113088,Tauschhaus Grabau,phone_box,,,,2025-10-19,2025-10-19T06:44:30,POINT(10.274272 53.803025)
https://www.openstreetmap.org/node/9104113089,,wooden_cabinet,,,,,2021-09-18T19:02:24,POINT(9.750336 53.769240)
https://www.openstreetmap.org/node/9104243305,Bibliobox,,,,,,2024-11-12T17:33:15,POINT(6.557170 49.610328)
https://www.openstreetmap.org/node/9104394725,Öffentliche Bücher-Telefonzelle,phone_box,,,,2025-11-26,2025-11-25T23:20:38,POINT(7.806579 47.997293)
https://www.openstreetmap.org/node/9104401250,Bücherzelle,phone_box,,,,,2022-05-30T14:37:02,POINT(9.471832 49.457835)
https://www.openstreetmap.org/node/9104414511,,phone_box,,,,,2022-08-26T18:30:57,POINT(6.759158 51.213697)
https://www.openstreetmap.org/node/9104415482,Brüner Bücherkiste,phone_box,,,,,2025-06-01T07:10:00,POINT(6.680442 51.726203)
https://www.openstreetmap.org/node/9105832631,,,,,,,2024-07-20T07:11:58,POINT(9.667972 54.817706)
https://www.openstreetmap.org/node/9108259973,,phone_box,,,24/7,2025-10-09,2025-10-09T21:38:57,POINT(12.375570 50.826456)
https://www.openstreetmap.org/node/9108439136,,metal_cabinet,,,24/7,,2021-09-20T18:03:57,POINT(9.629307 54.064390)
https://www.openstreetmap.org/node/9108441732,,phone_box,,,,,2024-02-01T19:47:32,POINT(9.671320 54.070379)
https://www.openstreetmap.org/node/9108453264,,phone_box,,,24/7,,2025-10-26T13:34:10,POINT(9.700085 54.131790)
https://www.openstreetmap.org/node/9108540738,,wooden_cabinet,,,24/7,,2021-09-20T18:34:18,POINT(9.787092 54.083632)
https://www.openstreetmap.org/node/9110692712,,wooden_cabinet,,,24/7,,2021-09-21T11:12:02,POINT(6.255787 51.191356)
https://www.openstreetmap.org/node/9110875631,,,,,,,2021-09-21T12:14:42,POINT(13.345061 52.418181)
https://www.openstreetmap.org/node/9110876032,Leseglück Lankwitz,,,,,,2021-09-21T12:17:21,POINT(13.345194 52.421062)
https://www.openstreetmap.org/node/9110886120,Bines Bücherkiste,,,,,2024-09-27,2024-09-27T11:53:03,POINT(12.859348 52.231424)
https://www.openstreetmap.org/node/9111153211,,,,,,,2021-09-21T14:33:38,POINT(12.979796 52.341181)
https://www.openstreetmap.org/node/9111181415,,,,,,2025-08-01,2025-08-01T20:26:43,POINT(13.257861 52.372007)
https://www.openstreetmap.org/node/9111183686,,,,,,,2023-10-05T17:32:47,POINT(13.574751 52.576061)
https://www.openstreetmap.org/node/9111267991,,,,,,2026-04-04,2026-04-04T09:05:27,POINT(13.523653 51.453463)
https://www.openstreetmap.org/node/9112773812,,glass_cabinet,,,,2024-09-14,2026-02-07T02:29:27,POINT(13.522998 51.458974)
https://www.openstreetmap.org/node/9112783004,,,,,,,2021-09-22T07:17:49,POINT(11.861964 53.076319)
https://www.openstreetmap.org/node/9112837528,,,,,,,2024-08-03T08:17:40,POINT(13.574675 52.627320)
https://www.openstreetmap.org/node/9113088758,,,,,,2024-05-01,2024-05-01T13:09:20,POINT(13.674158 52.755333)
https://www.openstreetmap.org/node/9113373501,,,,,,2026-07-21,2026-07-21T10:14:46,POINT(13.423738 52.291739)
https://www.openstreetmap.org/node/9113375124,,,,,,,2024-06-03T10:09:08,POINT(14.464743 52.188494)
https://www.openstreetmap.org/node/9114034944,,metal_cabinet,,,24/7,2026-04-04,2026-04-04T12:20:03,POINT(7.274999 50.708805)
https://www.openstreetmap.org/node/9115101730,,,,,,,2021-09-22T19:00:22,POINT(12.549526 52.335951)
https://www.openstreetmap.org/node/9115101731,,,,,,,2021-09-22T19:00:22,POINT(12.568163 52.322811)
https://www.openstreetmap.org/node/9115190572,,,,,,,2024-10-04T16:23:21,POINT(8.881006 51.933763)
https://www.openstreetmap.org/node/9117244707,,reading_box,Gogelmoschhaus,,24/7,,2024-06-13T14:43:03,POINT(14.087764 51.048785)
https://www.openstreetmap.org/node/9122406054,,glass_cabinet,,,,,2023-04-08T16:06:17,POINT(8.839423 48.582989)
https://www.openstreetmap.org/node/9124196980,,,,,,,2025-03-01T15:05:28,POINT(9.254828 48.759917)
https://www.openstreetmap.org/node/9124232409,,phone_box,,,,,2026-06-06T16:03:51,POINT(8.380521 50.200916)
https://www.openstreetmap.org/node/9124667263,,,,,,,2021-09-26T18:06:52,POINT(7.115332 50.715762)
https://www.openstreetmap.org/node/9127724676,,glass_cabinet,,,,,2024-11-15T00:16:15,POINT(9.116753 48.718650)
https://www.openstreetmap.org/node/9127724677,,glass_cabinet,,,,,2024-11-15T00:16:15,POINT(9.116791 48.718652)
https://www.openstreetmap.org/node/9127724678,,glass_cabinet,,,,,2024-11-15T00:16:15,POINT(9.116827 48.718654)
https://www.openstreetmap.org/node/9130018080,,phone_box,,,,2024-05-09,2024-05-09T14:38:58,POINT(10.936454 50.920635)
https://www.openstreetmap.org/node/9138678240,Bücherschrank,,,,,,2021-10-01T19:35:58,POINT(11.722639 47.830744)
https://www.openstreetmap.org/node/9138770341,,,,,,2026-03-16,2026-03-16T19:39:34,POINT(9.684916 50.558546)
https://www.openstreetmap.org/node/9144645300,,phone_box,Stadt Bad Orb,,24/7,,2023-04-13T07:33:18,POINT(9.350704 50.223065)
https://www.openstreetmap.org/node/9152221625,,phone_box,,,,,2024-05-27T02:58:30,POINT(8.789645 53.093068)
https://www.openstreetmap.org/node/9155243904,Bibel Box,,,,,,2026-06-13T19:42:21,POINT(12.528992 50.565848)
https://www.openstreetmap.org/node/9160219320,,phone_box,,,24/7,2024-09-24,2024-09-24T17:19:44,POINT(8.866068 50.235015)
https://www.openstreetmap.org/node/9161589501,Die Tauschbibliothek,phone_box,,,24/7,,2025-08-07T13:59:56,POINT(9.995785 53.081658)
https://www.openstreetmap.org/node/9162887384,,phone_box,,,,,2022-10-08T00:23:10,POINT(13.588933 52.703190)
https://www.openstreetmap.org/node/9163438343,Weinsheimer Lesekiste,phone_box,,,24/7,,2022-09-21T20:42:26,POINT(8.326834 49.604609)
https://www.openstreetmap.org/node/9163438807,Offener Bücherschrank,phone_box,,,,,2021-10-10T21:06:02,POINT(7.561349 50.768787)
https://www.openstreetmap.org/node/9164803986,Buchtausch,,,,,2025-11-16,2025-11-19T14:03:14,POINT(13.744261 51.033388)
https://www.openstreetmap.org/node/9166191725,,,,,,2024-09-04,2024-09-04T15:39:55,POINT(11.361852 48.175628)
https://www.openstreetmap.org/node/9166209612,,,,,,2024-09-06,2024-09-06T13:54:48,POINT(11.371544 48.190687)
https://www.openstreetmap.org/node/916881774,Öffentliches Bücherregal,,Bürgerstiftung Kernen i.R.,,,2024-05-09,2024-05-09T19:24:42,POINT(9.341587 48.789119)
https://www.openstreetmap.org/node/9171590788,,phone_box,,,24/7,,2021-10-14T11:42:06,POINT(6.916921 50.670921)
https://www.openstreetmap.org/node/9175012434,,metal_cabinet,,,24/7,2026-05-02,2026-05-02T19:06:23,POINT(11.852639 49.444136)
https://www.openstreetmap.org/node/9176027503,,,,,,,2021-10-16T08:00:19,POINT(7.178240 51.281705)
https://www.openstreetmap.org/node/9176278807,,,,,,2025-07-12,2025-07-12T15:11:56,POINT(14.012827 53.922323)
https://www.openstreetmap.org/node/9176742003,,,,,,,2021-10-16T17:03:37,POINT(11.082386 48.070229)
https://www.openstreetmap.org/node/9177232909,Buchschrank,,,,,,2021-10-16T22:28:45,POINT(12.204081 48.063337)
https://www.openstreetmap.org/node/9177842128,,phone_box,,,,,2021-10-17T10:39:15,POINT(7.782562 50.053218)
https://www.openstreetmap.org/node/9182146891,,shelf,,,,2024-06-15,2024-06-16T12:31:30,POINT(9.359712 49.714185)
https://www.openstreetmap.org/node/9186882832,,,,,,,2021-10-20T10:49:54,POINT(8.142542 51.823518)
https://www.openstreetmap.org/node/9189788546,,,,,24/7,2024-07-17,2024-07-17T11:00:40,POINT(9.124957 48.717076)
https://www.openstreetmap.org/node/9190039104,Bücherzelle Bahnhof Burg,phone_box,WoBau Burg,,24/7,2026-03-05,2026-03-05T14:24:18,POINT(11.840867 52.274321)
https://www.openstreetmap.org/node/9191104382,,shelf,Bürgerstiftung Heidelberg,,24/7,2026-03-02,2026-03-07T12:36:37,POINT(8.671281 49.408151)
https://www.openstreetmap.org/node/9193553293,,,,,24/7,,2025-10-19T13:47:33,POINT(11.116612 51.725164)
https://www.openstreetmap.org/node/9195922834,Hierschder Bücherzelle,phone_box,,,,,2024-05-30T01:28:00,POINT(6.990999 49.397213)
https://www.openstreetmap.org/node/9196078847,,,Literaturbüros NRW e.V.,,,2024-01-15,2024-01-15T09:03:18,POINT(6.817884 51.189124)
https://www.openstreetmap.org/node/9197002804,Bücherschrank,wooden_cabinet,,,24/7,2026-07-18,2026-07-18T14:47:00,POINT(13.378285 52.662950)
https://www.openstreetmap.org/node/9197164087,,wooden_cabinet,Trägerverein Dorfgemeinschaftshaus Gielsdorf e.V.,,,,2023-11-19T11:58:58,POINT(7.013996 50.722494)
https://www.openstreetmap.org/node/9197764514,,,,,,,2021-10-24T15:36:54,POINT(8.414064 51.017790)
https://www.openstreetmap.org/node/9197782585,Waldbibliothek,,Internationales Waldkunstzentrum,,,2026-04-11,2026-04-11T06:28:10,POINT(8.653588 49.848768)
https://www.openstreetmap.org/node/9198024208,Bücher Tauschbörse,phone_box,,,,,2022-01-10T22:03:27,POINT(11.849102 48.434527)
https://www.openstreetmap.org/node/9199471682,,glass_cabinet,Westenergie,,24/7,2026-06-21,2026-06-21T08:51:39,POINT(6.686412 50.938257)
https://www.openstreetmap.org/node/9200035670,Hugo,,Heimatverein Seppenrade,,24/7,,2023-03-04T13:50:09,POINT(7.395667 51.762100)
https://www.openstreetmap.org/node/9202003790,,,,,,2024-07-06,2024-07-06T10:57:26,POINT(10.753800 52.392620)
https://www.openstreetmap.org/node/9203169427,,shelf,,,,2025-11-08,2025-11-08T19:13:05,POINT(9.180764 49.711853)
https://www.openstreetmap.org/node/9203368970,,wooden_cabinet,,,,2026-07-16,2026-07-16T15:12:11,POINT(9.378617 52.336101)
https://www.openstreetmap.org/node/9204265482,Zum gelben Bücherwurm,phone_box,,,,2023-10-29,2025-01-08T19:53:13,POINT(7.067071 51.409900)
https://www.openstreetmap.org/node/9204379390,,metal_cabinet,,,,2024-02-21,2024-02-21T06:42:05,POINT(7.067168 51.402400)
https://www.openstreetmap.org/node/9204473253,,,EDEKA,,,2024-07-15,2026-04-30T15:21:37,POINT(10.544858 52.255855)
https://www.openstreetmap.org/node/9204871054,,phone_box,Wohnungsbaugenossenschaft Einheit eG,,,2025-09-16,2025-09-16T11:54:47,POINT(11.050782 50.971394)
https://www.openstreetmap.org/node/9208293718,Marmer Bücherbox,phone_box,,,,,2026-06-06T09:57:22,POINT(7.948020 50.647842)
https://www.openstreetmap.org/node/9209792855,Bücher-Luise,,,,,,2024-11-15T00:16:15,POINT(13.047564 52.383521)
https://www.openstreetmap.org/node/9213173584,,phone_box,,,24/7,,2024-06-16T20:22:09,POINT(10.026124 51.869936)
https://www.openstreetmap.org/node/9214295887,,,,https://www.hannover.de/Kultur-Freizeit/Freizeit-Sport/Freizeiteinrichtungen/Stadtteilkultur/Offener-B%C3%BCcherschrank,,,2021-10-31T13:56:27,POINT(9.716205 52.400581)
https://www.openstreetmap.org/node/9214739530,,wooden_cabinet,,,,2025-11-19,2025-11-19T11:35:06,POINT(13.913603 51.003071)
https://www.openstreetmap.org/node/9214773660,,,,,24/7,,2021-10-31T18:34:59,POINT(8.430306 49.303779)
https://www.openstreetmap.org/node/9216267610,,phone_box,,,,2026-04-05,2026-04-05T16:29:09,POINT(7.452559 51.004092)
https://www.openstreetmap.org/node/9216843254,,glass_cabinet,,,24/7,2025-04-27,2025-04-27T12:36:41,POINT(7.706904 51.368599)
https://www.openstreetmap.org/node/9218215786,,,,,,,2021-11-02T10:35:48,POINT(13.423598 48.456654)
https://www.openstreetmap.org/node/9218409929,,wooden_cabinet,,,,,2021-11-02T11:49:56,POINT(13.588012 50.734527)
https://www.openstreetmap.org/node/9219144847,,phone_box,,,,,2025-11-29T12:35:08,POINT(6.700540 49.392787)
https://www.openstreetmap.org/node/9219191926,Bücherzelle,phone_box,,,,,2025-11-29T12:46:39,POINT(7.181493 49.343700)
https://www.openstreetmap.org/node/9219199722,,metal_cabinet,,,,,2021-11-03T16:49:23,POINT(6.783376 50.661279)
https://www.openstreetmap.org/node/9219238203,Bücherzelle,phone_box,,,,,2025-11-29T12:24:36,POINT(7.130432 49.370905)
https://www.openstreetmap.org/node/9220005841,Bücherzelle,phone_box,,,,2026-04-17,2026-04-17T11:08:00,POINT(10.669913 50.654732)
https://www.openstreetmap.org/node/9228818415,Bücherzelle,phone_box,,,,,2026-01-03T17:33:17,POINT(14.059774 52.239000)
https://www.openstreetmap.org/node/9230675266,,,,,,2024-08-06,2024-08-06T17:56:15,POINT(7.028781 51.460774)
https://www.openstreetmap.org/node/9232882511,,phone_box,,,,,2021-11-07T12:10:07,POINT(8.023391 51.383148)
https://www.openstreetmap.org/node/9232904729,,glass_cabinet,Quartiersmanagement Heuchelhof,,24/7,,2025-07-15T04:46:55,POINT(9.957675 49.748573)
https://www.openstreetmap.org/node/9233047938,,wooden_cabinet,Bürger helfen Bürgern Iserlohn,,24/7,2025-04-20,2025-04-20T15:53:57,POINT(7.721570 51.375727)
https://www.openstreetmap.org/node/9233516612,,,,,,2025-01-03,2025-08-20T22:05:33,POINT(9.695041 50.552301)
https://www.openstreetmap.org/node/9235183427,Immenröder Bücherzelle,phone_box,Bürgergemeinschaft Immenrode e.V.,,,,2025-02-06T14:14:45,POINT(10.480802 51.957627)
https://www.openstreetmap.org/node/9235840511,Bücher Ecke,phone_box,,,,2024-01-14,2024-01-14T14:28:25,POINT(7.706295 47.918691)
https://www.openstreetmap.org/node/9236612527,Tauschbox 2.0,reading_box,,,,,2021-11-09T00:11:25,POINT(13.331104 52.624023)
https://www.openstreetmap.org/node/9242686717,Bücherschrank Moosinning,wooden_cabinet,Gemeinde Moosinning,,,2021-11-11,2021-11-11T07:58:22,POINT(11.842999 48.276570)
https://www.openstreetmap.org/node/9242722717,Bücherschrank Eichenried,wooden_cabinet,Gemeinde Moosinning,,,2021-11-11,2021-11-11T08:15:03,POINT(11.782156 48.277928)
https://www.openstreetmap.org/node/9243545806,,shelf,"HVV, Netzwerk 55plus Wickrath",,,2024-04-04,2024-04-04T14:11:37,POINT(6.411212 51.126549)
https://www.openstreetmap.org/node/9246399802,,metal_cabinet,,,,2025-05-24,2025-05-24T16:05:35,POINT(8.683265 50.111659)
https://www.openstreetmap.org/node/9248142413,Bücherfisch,,,,,2026-05-12,2026-05-12T16:14:41,POINT(13.422523 52.540746)
https://www.openstreetmap.org/node/9250221932,,phone_box,Nachbarschaftshilfe Walpertskirchen,,,,2021-11-14T12:26:45,POINT(11.975341 48.258440)
https://www.openstreetmap.org/node/9250853093,,shelter,,,,2025-07-14,2025-07-14T09:27:48,POINT(11.030213 49.549603)
https://www.openstreetmap.org/node/9251191626,Grunower Bücherschuppen,building,privat,,,,2021-11-14T19:07:40,POINT(14.393166 52.157911)
https://www.openstreetmap.org/node/9265169441,NEW/Westenergie Bücherschrank,metal_cabinet,Stadt Tönisvorst,,24/7,,2021-11-18T22:48:59,POINT(6.428351 51.304435)
https://www.openstreetmap.org/node/9278665952,,phone_box,,,,,2021-11-23T19:35:24,POINT(9.323507 50.161752)
https://www.openstreetmap.org/node/9279072355,Buchzelle,phone_box,,,,,2022-05-24T14:49:47,POINT(10.712580 53.850147)
https://www.openstreetmap.org/node/9280992157,,,,,,,2021-11-24T17:07:43,POINT(7.336852 50.843830)
https://www.openstreetmap.org/node/9285630692,,shelf,,,,,2021-11-26T11:45:04,POINT(14.254540 53.689528)
https://www.openstreetmap.org/node/9285843768,,wooden_cabinet,,,,,2024-11-15T00:16:15,POINT(9.458695 54.800903)
https://www.openstreetmap.org/node/9288943288,,phone_box,,,,2024-07-24,2024-07-24T13:47:51,POINT(12.490171 50.719178)
https://www.openstreetmap.org/node/9289081361,Bücherschrank,phone_box,,,,,2021-11-27T22:39:16,POINT(7.872528 50.787425)
https://www.openstreetmap.org/node/9289086037,,phone_box,,,,,2021-11-27T23:21:19,POINT(7.969356 50.562075)
https://www.openstreetmap.org/node/9306738464,,,,,24/7,,2021-12-02T16:44:32,POINT(12.123741 47.929271)
https://www.openstreetmap.org/node/9307418324,,phone_box,,,,2023-12-13,2023-12-13T11:45:11,POINT(10.371169 53.435457)
https://www.openstreetmap.org/node/9308973090,,,,,,,2021-12-03T16:58:23,POINT(7.071532 51.632652)
https://www.openstreetmap.org/node/9309326489,,wooden_cabinet,,,,2024-06-08,2024-06-08T12:51:27,POINT(9.686430 52.358239)
https://www.openstreetmap.org/node/9309423178,,shelf,,,,,2021-12-03T21:11:30,POINT(7.040129 49.274288)
https://www.openstreetmap.org/node/9313113738,,,,,,,2021-12-05T20:56:28,POINT(7.082570 51.647813)
https://www.openstreetmap.org/node/9315777073,,,,,24/7; winter off,,2025-01-08T11:09:32,POINT(8.999872 50.058562)
https://www.openstreetmap.org/node/931625681,,phone_box,,,,,2025-08-05T11:41:12,POINT(6.891379 50.880682)
https://www.openstreetmap.org/node/9319409109,Offener Kinderbücherschrank,,,,24/7,2025-05-10,2025-05-10T10:35:08,POINT(10.571824 49.304188)
https://www.openstreetmap.org/node/9327157396,,,,,,,2021-12-10T12:30:07,POINT(6.567575 50.934105)
https://www.openstreetmap.org/node/9332032532,,phone_box,,,,,2021-12-12T13:42:48,POINT(7.521640 52.840486)
https://www.openstreetmap.org/node/9334201314,Bücherschrank Neuenhaus,shelter,,,24/7,,2026-03-20T08:06:56,POINT(9.205842 48.622679)
https://www.openstreetmap.org/node/9334201315,Bücherregal am Club Voltaire,shelf,Club Voltaire,,24/7,2023-10-27,2025-08-06T09:51:30,POINT(9.051051 48.520659)
https://www.openstreetmap.org/node/9334201316,Bücherregal unter der B296,shelf,,,,2025-08-07,2025-08-07T07:11:08,POINT(9.043090 48.520345)
https://www.openstreetmap.org/node/9334203317,Bücherregal der Kreativwerkstatt Steinach,shelter,Kreativwerkstatt Steinach,,24/7,2025-02-17,2025-02-17T17:02:39,POINT(9.355972 48.593261)
https://www.openstreetmap.org/node/9334203318,Bücherschrank Linsenhofen,wooden_cabinet,,,,2025-10-21,2025-10-22T08:00:04,POINT(9.369381 48.581426)
https://www.openstreetmap.org/node/9334203319,Bücherschrank Pfäffingen,metal_cabinet,Gemeindebibliothek,,24/7,2024-11-17,2024-11-17T17:01:37,POINT(8.961294 48.526190)
https://www.openstreetmap.org/node/9334775793,,,,,,,2021-12-13T15:48:04,POINT(6.950068 51.532166)
https://www.openstreetmap.org/node/9342179723,,,,,,2024-03-10,2024-03-10T13:15:22,POINT(7.370429 49.187652)
https://www.openstreetmap.org/node/9349541662,,phone_box,,,,,2021-12-18T21:37:24,POINT(7.521663 52.840479)
https://www.openstreetmap.org/node/9349616181,Tauschbörse,,,,,2021-12-18,2021-12-18T21:59:38,POINT(13.692617 52.108422)
https://www.openstreetmap.org/node/9351784699,,,,,,2024-03-07,2024-03-07T16:06:03,POINT(11.357292 48.175264)
https://www.openstreetmap.org/node/9358099262,,metal_cabinet,,,,2025-02-02,2025-11-23T14:13:01,POINT(8.962464 48.349483)
https://www.openstreetmap.org/node/9359411546,,,Jugendparlament Pullach,,24/7,2025-01-27,2025-01-27T14:23:17,POINT(11.531908 48.070751)
https://www.openstreetmap.org/node/9363260772,,metal_cabinet,Adventgemeinde Heilbronn,,24/7,2026-02-17,2026-02-17T14:45:06,POINT(9.229211 49.135606)
https://www.openstreetmap.org/node/9363696431,,phone_box,BHZ Roßdorf Soziale Dienste gGmbH,,,2025-06-18,2025-06-20T23:33:09,POINT(8.761313 49.856968)
https://www.openstreetmap.org/node/9364082566,,,,,,,2021-12-24T16:06:30,POINT(11.301527 47.967451)
https://www.openstreetmap.org/node/9366883985,,,,,,2026-02-21,2026-02-21T14:18:50,POINT(11.629463 48.163381)
https://www.openstreetmap.org/node/9366883986,,,,,,2026-02-21,2026-02-21T14:18:44,POINT(11.629729 48.164137)
https://www.openstreetmap.org/node/9370699381,,,,,,2025-03-26,2025-03-26T12:31:45,POINT(11.253267 48.074746)
https://www.openstreetmap.org/node/9371255505,Keusenhof Bücherregal,,,,,2024-05-04,2025-10-03T21:38:00,POINT(6.999176 51.169325)
https://www.openstreetmap.org/node/9373698938,,wooden_cabinet,,,24/7,,2021-12-28T17:46:35,POINT(9.392862 51.226292)
https://www.openstreetmap.org/node/9376212937,,,,,,,2021-12-29T12:45:24,POINT(8.142117 49.116678)
https://www.openstreetmap.org/node/9383306187,,metal_cabinet,Höllenwölfe Geroldsau e.V.,https://hwgeroldsau.de/aktuell?M=116599956,24/7,2025-10-07,2025-10-07T18:06:30,POINT(8.249194 48.727735)
https://www.openstreetmap.org/node/9384416887,,metal_cabinet,Gemeinde Lippetal;innogy,,24/7,,2022-04-14T08:57:27,POINT(8.038589 51.665468)
https://www.openstreetmap.org/node/9385475126,Offener Bücherschrank Kist,metal_cabinet,,,24/7,2026-03-19,2026-03-19T09:06:55,POINT(9.840240 49.741730)
https://www.openstreetmap.org/node/9385566470,,,,,,,2022-01-02T12:00:06,POINT(12.531656 48.835069)
https://www.openstreetmap.org/node/9386183996,,metal_cabinet,,,,,2022-01-02T17:52:52,POINT(11.262256 49.609869)
https://www.openstreetmap.org/node/9386183997,,wooden_cabinet,,,,2025-10-12,2025-10-12T15:20:15,POINT(11.246702 49.609322)
https://www.openstreetmap.org/node/9386912308,Public bookcase Stolberg-Donnerberg,phone_box,,,24/7,,2025-05-10T21:22:13,POINT(6.240906 50.778993)
https://www.openstreetmap.org/node/9386962348,Public bookcase Stolberg-Werth,phone_box,,,24/7,2024-04-01,2024-05-26T01:06:37,POINT(6.286381 50.781517)
https://www.openstreetmap.org/node/9387577662,,phone_box,,,,,2026-03-25T15:08:50,POINT(10.947647 50.998739)
https://www.openstreetmap.org/node/9391556901,,wooden_cabinet,,,,2024-01-11,2024-01-12T16:43:27,POINT(9.330579 49.701380)
https://www.openstreetmap.org/node/9391691242,,,,,,,2022-01-07T13:12:19,POINT(9.321598 49.146424)
https://www.openstreetmap.org/node/9394272744,,,,,,2024-05-03,2024-05-03T07:41:40,POINT(7.827078 47.966455)
https://www.openstreetmap.org/node/9397684870,,wooden_cabinet,,,,,2025-04-15T18:19:24,POINT(10.073645 53.840312)
https://www.openstreetmap.org/node/9399911742,,,,,,2024-05-23,2024-05-23T15:17:10,POINT(7.096039 50.737136)
https://www.openstreetmap.org/node/9400285559,,wooden_cabinet,,,,,2022-01-07T17:19:31,POINT(12.468004 47.677949)
https://www.openstreetmap.org/node/9404429317,DU liest! Bürgerstiftung Duisburg,phone_box,,,24/7,,2026-07-16T21:14:37,POINT(6.730130 51.358115)
https://www.openstreetmap.org/node/9405826750,Bücherzelle Obermylau,phone_box,,,24/7,,2024-05-31T00:37:59,POINT(12.268586 50.624967)
https://www.openstreetmap.org/node/9408656818,,,,,,2024-04-06,2024-04-06T15:09:58,POINT(9.490821 47.676390)
https://www.openstreetmap.org/node/9410564067,,,,,,,2022-01-11T16:28:26,POINT(9.964237 51.218894)
https://www.openstreetmap.org/node/9413055054,Lese-Box,phone_box,,,,,2026-01-18T17:38:28,POINT(13.068338 50.746644)
https://www.openstreetmap.org/node/9417777654,,,,,,,2022-01-14T11:50:50,POINT(7.117045 51.272237)
https://www.openstreetmap.org/node/9420174336,,metal_cabinet,,,,2024-01-23,2024-05-26T23:06:05,POINT(7.948585 52.555500)
https://www.openstreetmap.org/node/9421345251,,wooden_cabinet,,,24/7,,2022-01-15T21:14:36,POINT(8.629458 53.175670)
https://www.openstreetmap.org/node/9422303954,,,,,,,2022-01-16T11:00:40,POINT(8.234841 50.189082)
https://www.openstreetmap.org/node/9426220223,,phone_box,,,,,2024-06-16T18:38:55,POINT(14.574976 52.256446)
https://www.openstreetmap.org/node/9426556428,,,,,,2025-06-27,2025-06-27T17:22:17,POINT(9.382425 47.710415)
https://www.openstreetmap.org/node/9429552773,Kiez-Bibliothek Waldsassener Straße,metal_cabinet,,,Mo-Su 09:00-19:00,2024-10-18,2024-10-18T21:59:15,POINT(13.350470 52.408318)
https://www.openstreetmap.org/node/9429597385,Bücherbox Tilkeroder Weg,reading_box,,,,,2024-11-28T08:32:14,POINT(13.355845 52.400887)
https://www.openstreetmap.org/node/9431024821,,shelf,,,24/7,2025-08-30,2025-08-31T17:54:51,POINT(13.422445 52.477290)
https://www.openstreetmap.org/node/9442685317,,shelf,,,24/7,,2022-01-23T17:31:38,POINT(12.709190 50.871668)
https://www.openstreetmap.org/node/9444384703,,,,,,2024-02-27,2024-02-27T07:09:35,POINT(8.651707 49.527003)
https://www.openstreetmap.org/node/9445472108,,metal_cabinet,,,24/7,2026-07-09,2026-07-09T07:57:21,POINT(7.205255 50.803018)
https://www.openstreetmap.org/node/9445478261,Buisdorfer Bücherschrank,phone_box,,,24/7,2025-06-14,2025-06-14T20:07:32,POINT(7.233344 50.784146)
https://www.openstreetmap.org/node/9447461309,,,,,,2024-10-02,2024-10-02T16:41:18,POINT(9.198113 48.861343)
https://www.openstreetmap.org/node/9448482418,,,,,,,2024-07-15T21:17:24,POINT(9.680582 50.519047)
https://www.openstreetmap.org/node/9450495703,,,,,24/7,,2022-01-26T16:11:59,POINT(7.361311 51.501569)
https://www.openstreetmap.org/node/9451008623,Schatzkammer,phone_box,Gemeinnütziger Wohnungsverein zu Bochum eG,,24/7,,2024-11-02T13:59:25,POINT(7.160236 51.418312)
https://www.openstreetmap.org/node/9452102520,,metal_cabinet,,,,,2022-01-27T08:16:29,POINT(8.659877 51.820123)
https://www.openstreetmap.org/node/9452933218,,,Bürgerstiftung Detmold,,24/7,2024-07-07,2024-11-26T16:42:39,POINT(8.860622 51.954350)
https://www.openstreetmap.org/node/9453866274,,,,,,,2022-01-27T20:47:58,POINT(11.943578 52.581418)
https://www.openstreetmap.org/node/9453935059,,phone_box,,,,,2022-01-27T21:08:49,POINT(11.827005 52.590645)
https://www.openstreetmap.org/node/9453935060,,phone_box,,,,,2022-01-27T21:08:49,POINT(11.810761 52.618171)
https://www.openstreetmap.org/node/9453935061,,,,,,,2022-01-27T21:08:49,POINT(11.836617 52.643479)
https://www.openstreetmap.org/node/9453935062,,,,,,,2022-01-27T21:08:49,POINT(11.954001 52.687905)
https://www.openstreetmap.org/node/9453972483,,,,,,2025-10-19,2025-10-29T22:34:22,POINT(11.179945 53.130453)
https://www.openstreetmap.org/node/9453982966,,,,,,,2022-01-27T21:21:39,POINT(11.808069 52.685138)
https://www.openstreetmap.org/node/9454047499,,phone_box,,,,,2022-10-09T20:29:57,POINT(10.898408 52.381424)
https://www.openstreetmap.org/node/9454375287,,phone_box,,,,2024-05-18,2024-05-18T17:03:16,POINT(8.608001 49.471348)
https://www.openstreetmap.org/node/9458408331,,,,,,,2022-01-29T16:41:48,POINT(9.399051 48.872667)
https://www.openstreetmap.org/node/9458432966,Öffentlicher Buchschrank,phone_box,,,,,2026-03-13T10:01:55,POINT(11.800350 48.579458)
https://www.openstreetmap.org/node/9458965521,Bibliothek,,,,,,2022-01-29T20:48:08,POINT(9.876371 51.637774)
https://www.openstreetmap.org/node/9459382396,,,,,,,2022-01-30T02:21:17,POINT(10.275692 49.949816)
https://www.openstreetmap.org/node/9459382451,,,,,,,2022-01-30T02:21:17,POINT(10.262678 49.954388)
https://www.openstreetmap.org/node/9460412659,,,,,,,2022-07-29T19:46:23,POINT(7.976577 49.728980)
https://www.openstreetmap.org/node/9462885064,,wooden_cabinet,,,24/7,,2026-05-21T11:21:48,POINT(6.598126 51.428025)
https://www.openstreetmap.org/node/9464140221,,reading_box,,,,,2022-01-31T18:58:17,POINT(7.788287 51.581544)
https://www.openstreetmap.org/node/9465911585,,,,,,2024-12-31,2025-01-02T11:09:51,POINT(9.174298 47.709816)
https://www.openstreetmap.org/node/9465911586,,,,,,2024-12-28,2025-01-02T11:09:16,POINT(9.171502 47.713879)
https://www.openstreetmap.org/node/9469001713,,shelf,,,,2025-06-06,2025-06-06T14:39:01,POINT(7.199029 51.465690)
https://www.openstreetmap.org/node/9481263774,Martinhagener Bücherkiste,wooden_cabinet,,,24/7,,2023-08-15T15:14:58,POINT(9.286106 51.287405)
https://www.openstreetmap.org/node/9481428840,,,,,,,2024-04-18T22:03:15,POINT(8.583540 52.550977)
https://www.openstreetmap.org/node/9482651008,,,,,,2026-03-10,2026-03-15T08:57:57,POINT(6.641870 49.741498)
https://www.openstreetmap.org/node/9482675874,,,,,,2026-03-10,2026-03-15T08:57:57,POINT(6.633064 49.747348)
https://www.openstreetmap.org/node/9482806892,,,,,,2025-05-21,2025-05-21T09:15:22,POINT(9.061520 48.533578)
https://www.openstreetmap.org/node/9487099199,,shelf,Stadt Ilshofen,,,2024-02-25,2024-02-25T18:14:24,POINT(9.919774 49.170052)
https://www.openstreetmap.org/node/9487686893,,phone_box,,,,,2024-09-30T15:57:57,POINT(10.989803 49.816802)
https://www.openstreetmap.org/node/9487946251,Bücherzelle,,,,,2024-06-08,2024-06-08T16:03:07,POINT(11.588283 50.802851)
https://www.openstreetmap.org/node/9489547074,Bücherschrank Emmauskirche,,,,,,2022-02-08T11:15:38,POINT(9.415476 51.288699)
https://www.openstreetmap.org/node/9489995070,Bücherkühlschrank,reading_box,,,,2025-09-19,2025-09-19T09:21:11,POINT(11.404773 48.092470)
https://www.openstreetmap.org/node/9490013720,,wooden_cabinet,,,,2024-07-27,2024-07-27T20:29:10,POINT(11.402365 48.092244)
https://www.openstreetmap.org/node/9490276587,,shelter,,,24/7,,2026-05-06T18:35:10,POINT(9.663640 52.276814)
https://www.openstreetmap.org/node/9495112086,,,,,,2024-04-07,2024-04-28T01:11:05,POINT(7.038600 51.476467)
https://www.openstreetmap.org/node/9498572177,,metal_cabinet,Stadt Frankfurt am Main,,,2026-04-11,2026-04-11T14:29:51,POINT(8.726777 50.144617)
https://www.openstreetmap.org/node/9502125355,,,,,,,2025-11-05T13:54:46,POINT(13.200207 52.314624)
https://www.openstreetmap.org/node/9503051213,,,,,,2025-10-22,2025-10-22T07:49:54,POINT(6.966993 51.660368)
https://www.openstreetmap.org/node/9503224905,Kinder- und Jugendbücherschrank,metal_cabinet,,,,2026-06-29,2026-07-13T01:49:25,POINT(7.010473 49.244932)
https://www.openstreetmap.org/node/9503281692,,reading_box,,,,,2022-11-02T14:11:18,POINT(12.970744 50.745451)
https://www.openstreetmap.org/node/9503428483,,,,,,2025-08-24,2025-08-24T15:18:14,POINT(8.692480 50.142328)
https://www.openstreetmap.org/node/9507986195,,wooden_cabinet,,,,2024-02-22,2024-02-22T05:53:02,POINT(9.672138 52.401021)
https://www.openstreetmap.org/node/9508459508,,phone_box,,,,,2022-02-15T18:50:17,POINT(11.495676 53.663222)
https://www.openstreetmap.org/node/9508459509,,wooden_cabinet,,,,2025-06-19,2025-06-20T06:45:52,POINT(11.490569 53.675765)
https://www.openstreetmap.org/node/9508459512,,phone_box,,,,,2023-08-19T21:50:16,POINT(11.482571 53.685981)
https://www.openstreetmap.org/node/9514498867,Unterhausener Bücherbaum,wooden_cabinet,Gemeinde Lichtenstein,,24/7,2025-11-20,2025-11-21T08:01:32,POINT(9.255685 48.431153)
https://www.openstreetmap.org/node/9519570502,Bücherzelle Wallroda,phone_box,,,,2025-04-16,2025-04-16T11:23:10,POINT(13.955327 51.113394)
https://www.openstreetmap.org/node/9521066164,,metal_cabinet,,,,2026-06-05,2026-06-05T06:41:45,POINT(8.065181 49.736187)
https://www.openstreetmap.org/node/9521487162,,phone_box,,,,,2024-06-16T16:43:13,POINT(12.966518 52.458669)
https://www.openstreetmap.org/node/9530453703,,,,,,2026-05-19,2026-05-19T17:52:26,POINT(9.232128 48.668978)
https://www.openstreetmap.org/node/9536765218,,,,,24/7,2026-05-09,2026-05-09T04:37:47,POINT(8.244935 49.913450)
https://www.openstreetmap.org/node/9540502940,Geschenke,wooden_cabinet,,,,,2024-06-10T00:42:24,POINT(10.052028 53.631124)
https://www.openstreetmap.org/node/9543333499,,,Stadt Leinfelden-Echterdingen,,24/7,2025-09-08,2025-09-08T15:20:57,POINT(9.174953 48.694608)
https://www.openstreetmap.org/node/9543686021,,,Obstbau Wenz,,24/7,2023-11-05,2023-11-05T12:51:48,POINT(8.527941 48.985246)
https://www.openstreetmap.org/node/9544566858,,metal_cabinet,,,,2025-05-04,2025-09-13T14:01:26,POINT(11.646290 48.190448)
https://www.openstreetmap.org/node/9544587186,,,,,,2026-04-11,2026-04-11T16:29:56,POINT(6.838712 51.208153)
https://www.openstreetmap.org/node/9554726260,,wooden_cabinet,,,,,2024-01-01T13:19:15,POINT(8.299475 52.101946)
https://www.openstreetmap.org/node/9560387253,,phone_box,,,24/7,,2024-06-18T01:37:56,POINT(11.600917 50.932260)
https://www.openstreetmap.org/node/9562684095,Literatur im Park,,Stadtbücherei St. Kilian,,,,2022-03-08T13:58:44,POINT(10.872561 49.927149)
https://www.openstreetmap.org/node/9568469451,,,,,,,2022-03-10T11:05:28,POINT(10.659036 48.128968)
https://www.openstreetmap.org/node/9571485505,,shelf,,,24/7,,2022-03-11T19:23:01,POINT(8.623927 49.692805)
https://www.openstreetmap.org/node/9571748731,,,,,,,2022-03-11T21:42:48,POINT(9.395692 48.946268)
https://www.openstreetmap.org/node/9572289816,Offene Büchereien Mainz,metal_cabinet,Landeshauptstadt Mainz,,,,2026-03-15T05:57:00,POINT(8.272936 49.996891)
https://www.openstreetmap.org/node/9573492473,,,,,,,2025-03-19T20:40:29,POINT(9.311603 51.168977)
https://www.openstreetmap.org/node/9573897776,,phone_box,,,,2024-03-13,2024-03-13T22:08:41,POINT(8.530635 49.101656)
https://www.openstreetmap.org/node/9574134089,,,,,,2025-12-09,2025-12-09T12:15:47,POINT(7.840161 47.647360)
https://www.openstreetmap.org/node/9575450410,,phone_box,Heimatverein Happerschoß e. V.,http://www.heimatverein-happerschoss.de/,24/7,,2025-01-14T07:56:59,POINT(7.298781 50.799130)
https://www.openstreetmap.org/node/9576371560,,,,,,,2022-03-13T21:04:00,POINT(12.636982 51.252297)
https://www.openstreetmap.org/node/9576372700,,shelf,,,,,2022-03-13T21:20:01,POINT(10.261215 48.596000)
https://www.openstreetmap.org/node/9579377236,,phone_box,,,,,2024-06-16T20:54:48,POINT(8.638634 51.654434)
https://www.openstreetmap.org/node/9579437249,,glass_cabinet,Vauß-Hof,,,,2022-03-14T23:11:48,POINT(8.629175 51.713407)
https://www.openstreetmap.org/node/9582344665,,,,,,,2023-03-07T19:39:23,POINT(10.040182 52.102163)
https://www.openstreetmap.org/node/9583529766,,,,,24/7,2026-07-13,2026-07-13T14:30:19,POINT(9.153836 48.511305)
https://www.openstreetmap.org/node/9583646935,,,,,,2025-08-09,2025-11-12T09:40:37,POINT(6.821117 50.781624)
https://www.openstreetmap.org/node/9583991858,Kultur Raum,wooden_cabinet,Stern Center,,,,2025-08-31T20:23:34,POINT(8.999228 48.706413)
https://www.openstreetmap.org/node/9590257295,,metal_cabinet,BürgerStiftungLohmar,https://buergerstiftunglohmar.de,24/7,,2022-03-19T18:14:15,POINT(7.211739 50.841227)
https://www.openstreetmap.org/node/9593915553,,,,,,,2022-03-21T09:11:23,POINT(6.393472 50.990773)
https://www.openstreetmap.org/node/9594120384,,,,,,2026-02-25,2026-02-25T19:14:25,POINT(6.713501 51.298430)
https://www.openstreetmap.org/node/9598599548,,phone_box,,,,,2022-03-23T02:50:19,POINT(11.428030 51.564202)
https://www.openstreetmap.org/node/9600858080,,,,,24/7,2026-02-28,2026-02-28T13:14:11,POINT(11.697955 48.114961)
https://www.openstreetmap.org/node/9600935918,,shelter,,,24/7,2024-11-08,2024-11-08T17:20:03,POINT(11.659916 48.076498)
https://www.openstreetmap.org/node/9603450333,,metal_cabinet,,,,,2022-03-24T14:43:17,POINT(7.705452 49.765393)
https://www.openstreetmap.org/node/9605457640,offener Bücherschrank,metal_cabinet,,,,,2022-03-25T11:50:05,POINT(8.615237 52.432801)
https://www.openstreetmap.org/node/9605903467,Bücherbox,phone_box,,,,,2024-05-26T23:59:03,POINT(8.642043 53.054710)
https://www.openstreetmap.org/node/9609297288,,,Gemeinde Feldkirchen,,,2024-10-08,2024-10-09T12:57:16,POINT(11.730667 48.147661)
https://www.openstreetmap.org/node/9609484003,Bücherschrank,phone_box,,,24/7,2025-06-12,2025-06-14T17:26:48,POINT(10.821164 48.316525)
https://www.openstreetmap.org/node/9610574195,,,,,24/7,,2025-08-17T15:20:03,POINT(10.538626 52.280828)
https://www.openstreetmap.org/node/9610754755,,,,,,2024-10-08,2024-10-08T16:19:10,POINT(8.445541 51.937707)
https://www.openstreetmap.org/node/9611080686,,phone_box,,,,2026-03-19,2026-03-19T06:19:17,POINT(8.300647 50.134902)
https://www.openstreetmap.org/node/9615349187,,metal_cabinet,,,,2024-05-26,2024-05-27T16:03:46,POINT(8.472756 50.496515)
https://www.openstreetmap.org/node/9621432820,,shelf,Rewe,,Mo-Sa 07:00-20:00,2026-04-25,2026-05-21T20:35:14,POINT(11.632751 48.099361)
https://www.openstreetmap.org/node/9621572259,Bücher Tauschen Teilen Leihen,glass_cabinet,,,24/7,,2025-07-25T07:59:33,POINT(8.390144 50.514429)
https://www.openstreetmap.org/node/9622056540,,,,,,,2022-03-29T19:39:45,POINT(6.945442 50.832615)
https://www.openstreetmap.org/node/9623142511,,phone_box,Wohnungsbaugenossenschaft Einheit eG,,,2025-07-07,2025-07-07T15:36:38,POINT(11.049390 50.969457)
https://www.openstreetmap.org/node/9623855808,,,,,,,2022-03-30T13:00:22,POINT(6.514515 50.983646)
https://www.openstreetmap.org/node/9624467355,,wooden_cabinet,,,,,2022-03-30T17:54:02,POINT(7.764850 51.545764)
https://www.openstreetmap.org/node/9624467533,,phone_box,,,,,2024-10-07T20:51:02,POINT(7.731694 51.541457)
https://www.openstreetmap.org/node/9624658385,Hagellocher Bücherschrank,wooden_cabinet,Dorf- und Kulturverein Hagelloch e.V.,,24/7,2024-09-15,2025-06-13T21:40:37,POINT(9.008255 48.540358)
https://www.openstreetmap.org/node/9625369908,,,,,,2026-05-10,2026-05-10T17:36:24,POINT(6.834138 50.940499)
https://www.openstreetmap.org/node/9628035779,Bücherbaum,shelf,Söflinger Handel- und Gewerbeverein e.V. (HGV),,,,2022-04-01T06:20:28,POINT(9.954258 48.396546)
https://www.openstreetmap.org/node/9628520877,,phone_box,tegut,,Mo-Fr 07:00-21:00; Sa 07:00-20:00,2026-05-18,2026-05-18T16:49:02,POINT(11.024665 50.972009)
https://www.openstreetmap.org/node/9628590347,,phone_box,Wohnungsbaugenossenschaft Einheit eG,,,2025-09-16,2025-09-16T11:26:18,POINT(11.039155 50.964752)
https://www.openstreetmap.org/node/9628590348,,phone_box,Wohnungsbaugenossenschaft Einheit eG,,,,2022-04-01T09:49:35,POINT(11.048775 50.960593)
https://www.openstreetmap.org/node/9628590349,,phone_box,Wohnungsbaugenossenschaft Einheit eG,,,,2023-05-10T10:53:22,POINT(11.067188 50.956296)
https://www.openstreetmap.org/node/9628590351,,phone_box,Wohnungsbaugenossenschaft Einheit eG,,,2024-06-03,2024-06-19T20:51:07,POINT(11.062537 50.951740)
https://www.openstreetmap.org/node/9628590371,,phone_box,Wohnungsbaugenossenschaft Einheit eG,,,2025-03-08,2025-03-08T17:16:30,POINT(11.077607 50.951025)
https://www.openstreetmap.org/node/9630434430,,wooden_cabinet,,,24/7,,2023-03-21T21:31:16,POINT(13.262515 53.573315)
https://www.openstreetmap.org/node/9631696660,,,,,,,2022-04-02T17:00:34,POINT(8.530898 53.235272)
https://www.openstreetmap.org/node/9631957349,,,,,,2025-03-08,2025-03-08T07:35:48,POINT(8.888904 53.113495)
https://www.openstreetmap.org/node/9633901647,,glass_cabinet,,,24/7,,2022-04-03T17:13:29,POINT(6.945389 50.832758)
https://www.openstreetmap.org/node/9636058482,,metal_cabinet,,,,2024-04-03,2024-04-03T07:24:48,POINT(11.601171 48.121956)
https://www.openstreetmap.org/node/9637510111,,,,,,2025-04-26,2025-04-26T13:12:58,POINT(9.316418 48.830459)
https://www.openstreetmap.org/node/9642417781,,,,,,2025-07-12,2025-07-12T05:27:27,POINT(11.025720 50.228231)
https://www.openstreetmap.org/node/9643723248,Offener Bücherschrank Wetzlar,metal_cabinet,"Stadt Wetzlar, Diakonie Lahn Dill e.V.",,24/7,,2025-03-09T12:43:24,POINT(8.498176 50.556008)
https://www.openstreetmap.org/node/9644535976,Büchertreff,phone_box,Ortsrat Halchter,,,,2022-04-06T01:14:40,POINT(10.546251 52.142226)
https://www.openstreetmap.org/node/9651630794,,metal_cabinet,,,,2025-11-19,2025-11-19T12:19:20,POINT(10.516171 52.304614)
https://www.openstreetmap.org/node/9652558614,Bücherbox,,Zukunft Rheindahlen e.V.,,,2025-07-18,2025-07-19T05:47:44,POINT(6.363589 51.148795)
https://www.openstreetmap.org/node/9652675641,,wooden_cabinet,,,,2024-05-09,2024-05-09T12:45:46,POINT(9.959872 53.843014)
https://www.openstreetmap.org/node/9652713930,,glass_cabinet,,,,2026-04-01,2026-04-01T21:31:41,POINT(8.426022 51.806277)
https://www.openstreetmap.org/node/9653626216,,metal_cabinet,"Bürgerinitiative ""Nachbarn em Mauritiusveedel""",,24/7,2024-05-25,2024-05-25T09:47:08,POINT(6.943818 50.933106)
https://www.openstreetmap.org/node/9653648340,,,,,,,2022-04-09T11:25:33,POINT(8.558613 53.191301)
https://www.openstreetmap.org/node/9653832622,Jo's Bücherkasten,wooden_cabinet,,,,,2022-04-09T13:13:16,POINT(6.689876 50.870982)
https://www.openstreetmap.org/node/9656064251,,phone_box,Stadt Flörsheim am Main,,,2024-04-13,2024-04-13T11:16:35,POINT(8.401433 50.003309)
https://www.openstreetmap.org/node/9658797170,,refrigerator,,,,,2022-04-11T15:26:55,POINT(8.216586 50.001932)
https://www.openstreetmap.org/node/9658809859,,shelter,,,,,2022-04-11T17:56:30,POINT(9.666335 53.957744)
https://www.openstreetmap.org/node/9662232479,,phone_box,,,24/7,,2022-04-29T13:28:37,POINT(12.147812 47.904293)
https://www.openstreetmap.org/node/9663560881,,metal_cabinet,,,,2025-10-18,2025-10-18T14:25:29,POINT(7.946201 47.550620)
https://www.openstreetmap.org/node/9664035622,,,,,,2024-10-24,2024-10-24T21:28:40,POINT(7.200275 51.460733)
https://www.openstreetmap.org/node/9666492639,,wooden_cabinet,,,24/7,,2022-04-14T17:48:41,POINT(7.898654 51.580383)
https://www.openstreetmap.org/node/9669637270,,,,,,,2022-04-16T07:27:42,POINT(8.496606 49.174723)
https://www.openstreetmap.org/node/967008271,,phone_box,,,,,2026-06-13T23:32:29,POINT(12.138440 50.162854)
https://www.openstreetmap.org/node/9670443451,Schrattenbacher Leseecke,,,,,,2022-04-16T16:26:03,POINT(10.302351 47.839842)
https://www.openstreetmap.org/node/9674816923,,wooden_cabinet,,,,,2022-04-18T15:54:47,POINT(7.182719 50.660583)
https://www.openstreetmap.org/node/9675110825,Bücherzelle Blumenstraße,,,,,,2024-08-13T08:56:19,POINT(11.855671 52.276382)
https://www.openstreetmap.org/node/9675163092,,,,,,,2022-04-18T18:53:51,POINT(10.529037 54.334093)
https://www.openstreetmap.org/node/9675549510,,shelf,,,,2025-05-25,2025-05-25T18:15:43,POINT(10.295376 54.378890)
https://www.openstreetmap.org/node/9677941742,,wooden_cabinet,,,24/7,2025-06-14,2025-06-14T09:06:22,POINT(9.174868 48.522559)
https://www.openstreetmap.org/node/9679849823,,shelf,,,24/7,,2022-05-10T16:24:17,POINT(8.808738 49.436535)
https://www.openstreetmap.org/node/9682139203,,metal_cabinet,,,,2025-04-20,2025-04-21T15:53:06,POINT(10.915943 48.375924)
https://www.openstreetmap.org/node/9684676106,,,,,,2026-06-05,2026-06-05T16:13:21,POINT(9.541422 47.933862)
https://www.openstreetmap.org/node/9686000131,,,,,,2026-02-19,2026-02-19T09:01:50,POINT(11.384001 48.180770)
https://www.openstreetmap.org/node/9686344043,,wooden_cabinet,,,24/7,2025-08-26,2025-08-27T09:16:18,POINT(7.826802 51.843905)
https://www.openstreetmap.org/node/9686645301,,shelter,,,,,2022-04-22T20:55:54,POINT(8.044585 49.718660)
https://www.openstreetmap.org/node/9686816487,,,,,,,2022-04-22T22:39:37,POINT(11.757125 52.263819)
https://www.openstreetmap.org/node/9688520172,,,,,,,2022-04-23T19:52:53,POINT(8.573225 50.001451)
https://www.openstreetmap.org/node/9690154454,,wooden_cabinet,,,,2024-08-20,2024-08-20T15:16:55,POINT(8.485001 52.044258)
https://www.openstreetmap.org/node/9690264340,Oermter Mehrgenerationenplatz,,,,,,2025-02-05T20:50:50,POINT(6.454499 51.495151)
https://www.openstreetmap.org/node/9690468993,,wooden_cabinet,,,,,2022-10-03T15:20:54,POINT(11.337973 49.770803)
https://www.openstreetmap.org/node/9698602031,,,,,,,2022-04-27T18:39:07,POINT(8.573016 47.910927)
https://www.openstreetmap.org/node/9701179049,,,,,,,2022-04-28T17:42:12,POINT(8.728449 49.327383)
https://www.openstreetmap.org/node/9702596377,,,,,,2026-03-23,2026-03-23T17:16:53,POINT(9.766885 50.780600)
https://www.openstreetmap.org/node/9702728526,,glass_cabinet,,,24/7,2025-07-25,2025-07-25T13:15:18,POINT(10.958284 49.442404)
https://www.openstreetmap.org/node/9702739819,,metal_cabinet,Westnetz,,,,2022-04-29T10:58:02,POINT(6.685759 51.007698)
https://www.openstreetmap.org/node/9705128161,,metal_cabinet,,,,2024-08-19,2026-01-02T11:21:38,POINT(6.483445 50.802615)
https://www.openstreetmap.org/node/9708952329,,metal_cabinet,Stadt Königswinter,,24/7,2025-07-05,2025-07-05T20:19:39,POINT(7.181875 50.694825)
https://www.openstreetmap.org/node/9709005060,,phone_box,,,24/7,,2022-05-02T11:13:51,POINT(12.467845 50.824381)
https://www.openstreetmap.org/node/9711682586,,,,,,2025-10-15,2025-10-15T20:51:23,POINT(8.240360 50.043044)
https://www.openstreetmap.org/node/9713145079,Offener Bücherschrank,phone_box,,,,,2024-06-16T16:50:33,POINT(13.090824 52.391434)
https://www.openstreetmap.org/node/9718196137,,,,,,,2024-05-19T17:59:12,POINT(6.862385 51.236840)
https://www.openstreetmap.org/node/9724446230,,,,,,2024-08-02,2024-08-02T03:34:14,POINT(11.661140 48.316998)
https://www.openstreetmap.org/node/9727550117,,phone_box,Rotary Club Fürstenwalde,,,,2022-05-09T17:27:57,POINT(14.063075 52.358393)
https://www.openstreetmap.org/node/9727618400,,shelter,,,24/7,,2022-05-09T18:24:28,POINT(8.847659 49.472363)
https://www.openstreetmap.org/node/9730459787,,phone_box,,,24/7,,2022-05-10T16:23:45,POINT(8.827055 49.479966)
https://www.openstreetmap.org/node/9731715257,,,,,,2026-06-07,2026-06-09T10:40:32,POINT(8.118987 50.023122)
https://www.openstreetmap.org/node/9732882894,,,,,,2025-03-04,2025-03-04T17:05:42,POINT(11.421652 53.637849)
https://www.openstreetmap.org/node/9732890503,,,,,,,2022-05-11T14:56:26,POINT(11.392043 53.634441)
https://www.openstreetmap.org/node/9732893292,Tauschbox,phone_box,,,,,2023-08-19T21:58:54,POINT(11.449248 53.597222)
https://www.openstreetmap.org/node/9732930482,Tauschbox,phone_box,,,,,2023-08-19T22:01:02,POINT(11.393988 53.582421)
https://www.openstreetmap.org/node/9732933849,,phone_box,,,,,2023-08-19T23:23:17,POINT(11.487993 53.319739)
https://www.openstreetmap.org/node/9732935433,,phone_box,,,,,2023-08-19T23:10:24,POINT(11.390524 53.330949)
https://www.openstreetmap.org/node/9732947536,,phone_box,,,,,2023-08-19T23:15:22,POINT(11.491415 53.307950)
https://www.openstreetmap.org/node/9735460877,,metal_cabinet,,,,,2025-12-10T08:13:16,POINT(14.457904 52.136420)
https://www.openstreetmap.org/node/973616024,Eppelheimer Büchertreff,,,,24/7,2025-05-03,2025-05-30T11:16:14,POINT(8.629587 49.401693)
https://www.openstreetmap.org/node/9740954240,Bücherschrank,,,,,2026-05-30,2026-05-30T17:27:10,POINT(11.184796 48.735975)
https://www.openstreetmap.org/node/9741511765,,wooden_cabinet,,,,,2022-05-15T20:43:38,POINT(8.023193 49.782792)
https://www.openstreetmap.org/node/9742029242,,phone_box,,,,2024-09-08,2026-05-08T15:02:32,POINT(8.032639 49.757345)
https://www.openstreetmap.org/node/9746565460,Bücherbaum,,,,24/7,2025-03-16,2025-03-16T10:36:17,POINT(8.839650 49.713038)
https://www.openstreetmap.org/node/9746967072,,shelf,,,24/7,2025-11-22,2025-11-22T20:10:27,POINT(8.668295 49.989258)
https://www.openstreetmap.org/node/9746971096,,metal_cabinet,,,24/7,,2024-11-04T10:37:24,POINT(8.666330 49.990419)
https://www.openstreetmap.org/node/9746986320,Bücherschrank für Klein und Groß,wooden_cabinet,Kita Mittendrin,,24/7,2024-08-16,2024-08-16T16:51:39,POINT(8.668651 49.988796)
https://www.openstreetmap.org/node/9747005319,,phone_box,Stadt Reinheim,,24/7,,2022-05-16T20:02:36,POINT(8.846271 49.824474)
https://www.openstreetmap.org/node/9747006596,,phone_box,Stadt Reinheim,,24/7,2025-05-06,2025-05-06T15:23:16,POINT(8.833606 49.832201)
https://www.openstreetmap.org/node/9747033711,,phone_box,Stadt Reinheim,,24/7,,2022-05-16T20:21:35,POINT(8.827549 49.842627)
https://www.openstreetmap.org/node/9748768943,,,,,24/7,,2022-05-17T10:37:23,POINT(8.910699 50.225209)
https://www.openstreetmap.org/node/9749909181,Offener Bücherschrank,phone_box,,,,,2024-05-26T00:54:01,POINT(6.076107 50.981008)
https://www.openstreetmap.org/node/9750897747,,reading_box,,,,,2022-05-18T06:27:16,POINT(6.041210 51.017987)
https://www.openstreetmap.org/node/9754305977,,reading_box,,,,2025-10-25,2025-10-25T17:13:45,POINT(11.348371 48.147021)
https://www.openstreetmap.org/node/9754305978,,reading_box,,,,2025-12-10,2025-12-10T12:54:08,POINT(11.345565 48.149839)
https://www.openstreetmap.org/node/9755170465,Wehrda liest,cabinet,,,,2025-06-28,2025-06-28T08:41:05,POINT(8.756461 50.836348)
https://www.openstreetmap.org/node/9758829314,Öffentlicher Bücherschrank,phone_box,Bücherei Gärtringen,,24/7,2024-08-09,2026-06-06T13:27:14,POINT(8.897782 48.643050)
https://www.openstreetmap.org/node/9760627903,,,,,,,2022-05-21T21:59:15,POINT(11.700553 48.122982)
https://www.openstreetmap.org/node/9761425989,,phone_box,,,24/7,2025-05-30,2025-05-30T15:21:32,POINT(13.387659 52.784182)
https://www.openstreetmap.org/node/9761437926,,building,,,,,2022-05-22T10:14:46,POINT(9.430870 50.030810)
https://www.openstreetmap.org/node/9761773723,Offener Bücherschrank Brackel,metal_cabinet,Freundeskreis Brackeler Bücherschrank,,24/7,2025-05-12,2025-05-12T08:39:40,POINT(7.545499 51.522386)
https://www.openstreetmap.org/node/9762103472,,,,,,2026-06-25,2026-07-19T08:32:09,POINT(10.799689 53.887632)
https://www.openstreetmap.org/node/9767735947,,,,,,,2022-05-24T17:29:54,POINT(6.243164 51.536300)
https://www.openstreetmap.org/node/9768355519,,,,,,,2022-05-25T00:21:24,POINT(9.981955 51.467036)
https://www.openstreetmap.org/node/9769092885,,phone_box,,,,,2022-06-16T07:18:04,POINT(7.152725 50.998266)
https://www.openstreetmap.org/node/9772649221,Bücherzelle,phone_box,,,,,2022-09-21T20:31:49,POINT(12.200116 50.832129)
https://www.openstreetmap.org/node/9775273556,Gabis Bücherei,,,,,2026-04-04,2026-04-04T16:12:16,POINT(7.227123 51.740705)
https://www.openstreetmap.org/node/9776821473,Lese-Zeichen,phone_box,AWO,,24/7,,2024-06-17T23:04:58,POINT(7.447944 51.511622)
https://www.openstreetmap.org/node/9776849110,Öffentlicher Bücherschrank,phone_box,,,24/7,,2024-09-17T19:27:09,POINT(7.443085 51.510845)
https://www.openstreetmap.org/node/9779042001,Tauschbox Herderstraße,wooden_cabinet,,,24/7,,2025-05-19T13:17:09,POINT(8.233427 50.074579)
https://www.openstreetmap.org/node/9779886033,,wooden_cabinet,,,,,2024-05-26T12:42:07,POINT(6.475684 51.730263)
https://www.openstreetmap.org/node/9780018839,,,,,,,2022-05-29T20:09:31,POINT(6.490791 51.742771)
https://www.openstreetmap.org/node/9780231383,,,,,,,2022-05-29T22:21:14,POINT(8.784061 48.916996)
https://www.openstreetmap.org/node/9783731130,,,,,,2026-02-11,2026-02-11T07:00:48,POINT(6.079254 50.777973)
https://www.openstreetmap.org/node/9784781925,Bücherschrank im Bürgerpark,wooden_cabinet,,,Mo-Fr 09:00-18:00,2025-07-12,2025-07-11T22:53:01,POINT(10.780362 51.845869)
https://www.openstreetmap.org/node/9787103999,Bücher Box,phone_box,,,,,2022-06-01T01:30:40,POINT(6.628295 51.066195)
https://www.openstreetmap.org/node/9788241836,,metal_cabine,,,,,2022-06-01T12:05:42,POINT(6.433839 51.193347)
https://www.openstreetmap.org/node/9791989310,,metal_cabinet,,,24/7,,2022-06-03T08:59:48,POINT(8.709090 48.883961)
https://www.openstreetmap.org/node/9791989311,,metal_cabinet,,,24/7,,2022-06-03T08:59:48,POINT(8.718727 48.896665)
https://www.openstreetmap.org/node/9792246527,,,,,,2026-07-22,2026-07-22T19:56:48,POINT(7.268495 50.680056)
https://www.openstreetmap.org/node/9792348504,Offener Bücherschrank Jungferntal,wooden_cabinet,Vonovia Stiftung,,24/7,,2022-06-03T11:59:11,POINT(7.381092 51.528867)
https://www.openstreetmap.org/node/9792352854,MINIBIBLIOTHEK,phone_box,Spar- und Bauverein eG Dortmund,,24/7,,2024-06-17T23:09:04,POINT(7.419924 51.514350)
https://www.openstreetmap.org/node/9792393128,,phone_box,Victoria’s Café,,24/7,,2024-06-17T23:02:11,POINT(7.579480 51.560448)
https://www.openstreetmap.org/node/9792403361,Offener Bücherschrank für Dortmund Wickede,glass_cabinet,Kath. Kirchengemeinde Vom Göttlichen Wort,,24/7,2024-08-03,2024-08-02T22:46:46,POINT(7.606767 51.531384)
https://www.openstreetmap.org/node/9792420200,,shelf,Stiftung help and hope auf Gut Königsmühle,,24/7,2025-08-03,2025-08-03T13:18:41,POINT(7.415548 51.562693)
https://www.openstreetmap.org/node/9792434273,,wooden_cabinet,Stiftung Mercator,,24/7,,2022-06-03T12:44:22,POINT(7.313836 51.584799)
https://www.openstreetmap.org/node/9792438457,,metal_cabinet,Gemeinde Holzwickede & innogy,,24/7,2025-01-03,2025-01-03T09:48:25,POINT(7.618592 51.499579)
https://www.openstreetmap.org/node/9793355105,,metal_cabinet,,,24/7,,2022-06-03T17:55:31,POINT(7.980958 51.603707)
https://www.openstreetmap.org/node/9796584805,,shelter,,,,,2022-06-05T13:18:35,POINT(7.966003 51.623682)
https://www.openstreetmap.org/node/9797004513,,phone_box,,,,2025-01-07,2025-01-07T17:08:14,POINT(9.563085 50.674201)
https://www.openstreetmap.org/node/9801554150,Bücherschrank,,Mecklenburgischer Gemeinschaftsverband e.V. innerhalb der Evangelischen Landeskirche,,,,2022-06-07T12:26:47,POINT(13.062276 53.364872)
https://www.openstreetmap.org/node/9803903172,Bücherbox,phone_box,Trägerwerk Soziale Dienste in Thüringen GmbH,,,,2024-06-18T01:29:05,POINT(11.072307 50.956288)
https://www.openstreetmap.org/node/9803936082,,phone_box,Wohnungsbaugenossenschaft Einheit eG,,,,2022-09-21T20:21:49,POINT(11.035054 50.965283)
https://www.openstreetmap.org/node/9804088482,,metal_cabinet,,,,2025-02-22,2025-02-22T14:41:51,POINT(12.725526 52.337546)
https://www.openstreetmap.org/node/9804644444,,wooden_cabinet,,,24/7,,2022-06-08T19:27:07,POINT(10.224377 51.744071)
https://www.openstreetmap.org/node/9809411420,,glass_cabinet,,,24/7,2025-02-14,2025-02-14T14:17:23,POINT(9.020735 50.145028)
https://www.openstreetmap.org/node/9810431562,,,,,,2024-12-21,2024-12-21T15:10:39,POINT(12.462109 47.758695)
https://www.openstreetmap.org/node/9815510668,Bücherzelle Kurscheid,phone_box,Bürgerverein Westerhausen und Umgebung e.V.,,,,2022-09-21T20:37:02,POINT(7.307199 50.725479)
https://www.openstreetmap.org/node/9816618329,Bücherhäusel „Schatztruhe“,wooden_cabinet,,,,,2022-06-14T17:12:04,POINT(12.503790 50.539297)
https://www.openstreetmap.org/node/9817321824,Bücher Stadl,reading_box,Netzwerk Mitanand,https://netzwerk-mitanand.de/,,,2022-06-14T13:51:05,POINT(11.642869 47.808449)
https://www.openstreetmap.org/node/9817522009,Bücher Box,,Bürgerverein Katernberg-Eckbusch,,,2025-11-29,2025-11-29T07:49:41,POINT(7.119991 51.281387)
https://www.openstreetmap.org/node/9821918605,,,,,,,2022-06-16T07:59:03,POINT(10.064593 52.633988)
https://www.openstreetmap.org/node/9822191299,,shelter,,,,,2022-06-16T09:54:31,POINT(11.445259 49.005064)
https://www.openstreetmap.org/node/9823275707,,wooden_cabinet,,,,2026-04-06,2026-04-06T11:16:54,POINT(13.002833 47.632358)
https://www.openstreetmap.org/node/9828454168,,,,,,,2024-02-24T09:51:57,POINT(13.302283 52.586224)
https://www.openstreetmap.org/node/9828490421,Bücherzelle,phone_box,,,,,2023-08-19T21:05:56,POINT(9.074482 54.209401)
https://www.openstreetmap.org/node/9830288603,,phone_box,,,,2026-03-20,2026-03-20T06:42:47,POINT(8.336719 51.485780)
https://www.openstreetmap.org/node/9830877926,,,,,,,2022-06-19T12:07:19,POINT(12.442036 48.014738)
https://www.openstreetmap.org/node/9830941957,,phone_box,,,,,2025-02-26T08:17:43,POINT(8.173255 49.462466)
https://www.openstreetmap.org/node/9830944007,,phone_box,,,,2025-11-06,2025-11-06T11:43:47,POINT(8.163290 49.566024)
https://www.openstreetmap.org/node/9831486570,,metal_cabinet,,,24/7,,2026-06-02T12:46:17,POINT(8.738326 48.716027)
https://www.openstreetmap.org/node/9832629333,,wooden_cabinet,,,,,2022-06-20T08:20:51,POINT(8.820046 49.031728)
https://www.openstreetmap.org/node/9833710498,,wooden_cabinet,,,,,2023-07-31T13:41:01,POINT(9.856640 52.363471)
https://www.openstreetmap.org/node/9833710499,,wooden_cabinet,,,,2025-03-09,2025-09-24T09:16:21,POINT(9.746948 52.394789)
https://www.openstreetmap.org/node/9833710500,,,,,,,2024-07-28T15:38:13,POINT(9.793795 52.332288)
https://www.openstreetmap.org/node/9833710501,,,,,,2024-08-03,2025-07-21T18:58:47,POINT(9.777633 52.327868)
https://www.openstreetmap.org/node/9833710502,,,,,,,2022-06-20T14:48:11,POINT(9.684503 52.349997)
https://www.openstreetmap.org/node/9833710503,,,,,,,2022-06-20T14:48:11,POINT(9.659783 52.356490)
https://www.openstreetmap.org/node/9834831963,,,,,,,2022-06-21T01:04:11,POINT(9.938838 51.620032)
https://www.openstreetmap.org/node/9835202254,,,,,,2025-10-11,2025-10-12T10:22:17,POINT(7.192203 50.660868)
https://www.openstreetmap.org/node/9836309184,Bücherschrank am Kirchenplatz,phone_box,,,24/7,2024-09-29,2025-03-08T14:28:11,POINT(11.726343 48.109710)
https://www.openstreetmap.org/node/9836851138,,,,,,,2024-10-08T16:14:40,POINT(11.515563 48.224881)
https://www.openstreetmap.org/node/9837697593,,phone_box,,,,,2024-06-03T23:45:26,POINT(8.021308 48.493510)
https://www.openstreetmap.org/node/9839444588,,wooden_cabinet,,,,,2024-04-15T18:14:38,POINT(9.229643 52.474907)
https://www.openstreetmap.org/node/983950020,,phone_box,,,,,2019-04-08T17:44:13,POINT(7.132456 51.206671)
https://www.openstreetmap.org/node/9841386866,,glass_cabinet,,,,2025-08-16,2025-08-16T13:44:22,POINT(8.356537 52.495156)
https://www.openstreetmap.org/node/9841851830,,,,,,,2022-06-23T15:16:35,POINT(7.260738 51.639614)
https://www.openstreetmap.org/node/9846629660,Opa's Bücherschrank,metal_cabinet,,,,2025-02-14,2025-02-14T16:29:50,POINT(8.793298 52.008256)
https://www.openstreetmap.org/node/9851543875,,,,,,,2022-11-07T18:39:06,POINT(8.506770 51.990694)
https://www.openstreetmap.org/node/9851590681,,,,,,,2022-06-27T21:05:32,POINT(10.353186 48.857689)
https://www.openstreetmap.org/node/9854407043,,,,,,2025-09-01,2025-09-01T12:00:24,POINT(8.347565 49.012938)
https://www.openstreetmap.org/node/9855622862,,,,,,,2025-04-09T19:55:34,POINT(10.021113 47.554153)
https://www.openstreetmap.org/node/9855960494,Bücherbaum,,,,,,2026-05-11T16:16:12,POINT(9.908007 48.418400)
https://www.openstreetmap.org/node/9856412127,,,Stadtbücherei Boppard,,,2024-07-22,2024-07-22T15:28:09,POINT(7.587662 50.231974)
https://www.openstreetmap.org/node/9856536919,,wooden_cabinet,,,24/7,,2024-05-06T07:57:00,POINT(9.749603 52.372937)
https://www.openstreetmap.org/node/9862456313,,glass_cabinet,,,,,2022-07-02T15:38:26,POINT(10.058797 52.618026)
https://www.openstreetmap.org/node/9864460177,,,,,,,2022-07-03T19:49:32,POINT(7.370101 51.372164)
https://www.openstreetmap.org/node/9864795405,,glass_cabinet,,,,,2023-09-22T17:51:19,POINT(6.918115 50.931581)
https://www.openstreetmap.org/node/9867034867,,,,,,2026-05-18,2026-05-18T13:50:14,POINT(7.894936 48.540639)
https://www.openstreetmap.org/node/9871275505,,glass_cabinet,jahreszeiten regional erleben,,,2025-10-06,2026-06-21T22:16:06,POINT(8.624655 49.677379)
https://www.openstreetmap.org/node/9874801536,,,,,,,2023-10-27T19:53:24,POINT(11.597105 48.026000)
https://www.openstreetmap.org/node/9874904690,,phone_box,,,,2024-08-02,2024-08-02T19:04:24,POINT(6.750461 49.814472)
https://www.openstreetmap.org/node/9876980792,,,,,,,2022-07-09T17:45:50,POINT(13.987119 51.522471)
https://www.openstreetmap.org/node/9878575176,,phone_box,,,,,2024-05-26T00:43:03,POINT(6.744472 51.665319)
https://www.openstreetmap.org/node/9879548584,,,,,,,2023-02-09T18:20:28,POINT(7.077048 51.207460)
https://www.openstreetmap.org/node/9881562117,,glass_cabinet,,,,2025-08-16,2025-08-16T15:02:51,POINT(10.120291 49.637394)
https://www.openstreetmap.org/node/9881567483,,glass_cabinet,,,,,2022-07-11T17:57:27,POINT(10.012880 49.706689)
https://www.openstreetmap.org/node/9881701392,,reading_box,,,,,2024-04-17T21:58:19,POINT(8.733510 50.365814)
https://www.openstreetmap.org/node/9881701393,,reading_box,,,,,2022-07-11T19:24:11,POINT(8.729940 50.363254)
https://www.openstreetmap.org/node/9881723169,,,,,,,2022-07-11T19:31:45,POINT(9.147140 53.140456)
https://www.openstreetmap.org/node/9883681433,,,,,,,2022-07-13T19:01:46,POINT(7.083024 51.213447)
https://www.openstreetmap.org/node/9883752439,Offener Bücherschrank,,,,,2025-04-10,2025-04-10T13:25:16,POINT(9.544201 51.132210)
https://www.openstreetmap.org/node/9884267652,,metal_cabinet,,,,,2022-07-13T04:30:25,POINT(10.018729 49.705475)
https://www.openstreetmap.org/node/9884348739,,,,,,,2022-07-13T05:40:50,POINT(8.881805 50.595997)
https://www.openstreetmap.org/node/9884391695,,,,,,,2022-07-13T06:45:46,POINT(11.392185 52.880584)
https://www.openstreetmap.org/node/9885389372,,,,,,,2022-07-13T15:03:44,POINT(9.571848 51.237751)
https://www.openstreetmap.org/node/9885566619,,phone_box,,,,,2022-07-13T16:27:26,POINT(10.206465 50.099154)
https://www.openstreetmap.org/node/9886458949,,glass_cabinet,,,,2025-09-24,2025-09-24T12:20:05,POINT(10.063215 49.664542)
https://www.openstreetmap.org/node/9888075710,,,,,,2025-04-06,2025-04-06T11:47:27,POINT(11.682433 48.075956)
https://www.openstreetmap.org/node/9890212105,Bücherzelle,phone_box,Mien to Huus Lassahn e.V.,,,2024-08-10,2024-08-11T07:58:27,POINT(10.953377 53.606769)
https://www.openstreetmap.org/node/9891121743,Bücherhäusle,,,,,,2024-11-15T00:16:15,POINT(9.493377 48.433580)
https://www.openstreetmap.org/node/9891678805,Bücherbox,,,,,,2024-11-15T00:16:15,POINT(9.480488 48.359775)
https://www.openstreetmap.org/node/9891873954,,,Kolpingfamilie,,,2025-03-11,2025-03-11T15:40:57,POINT(9.226191 49.192068)
https://www.openstreetmap.org/node/9893413111,Öffentlicher Bücherschrank,glass_cabinet,,,,,2022-07-17T15:26:16,POINT(9.981810 49.760297)
https://www.openstreetmap.org/node/9893420258,Tauschbox,glass_cabinet,,,,,2022-07-17T15:05:08,POINT(9.933971 49.711920)
https://www.openstreetmap.org/node/9893420555,,,,,,,2022-11-18T12:53:14,POINT(9.946683 49.768171)
https://www.openstreetmap.org/node/9893463869,Theilheimer Bücherzelle,glass_cabinet,,,,,2022-11-24T20:14:37,POINT(10.030793 49.754489)
https://www.openstreetmap.org/node/9893475411,,wooden_cabinet,Stadt Kitzingen,,,,2022-07-17T15:52:13,POINT(10.167869 49.738685)
https://www.openstreetmap.org/node/9893478357,,wooden_cabinet,,,,,2022-07-17T15:44:10,POINT(10.152242 49.772791)
https://www.openstreetmap.org/node/9893479334,,phone_box,,,,,2024-06-03T23:52:16,POINT(10.138509 49.759620)
https://www.openstreetmap.org/node/9893482697,Öffentlicher Bücherschrank,glass_cabinet,,,,2025-09-14,2025-09-14T12:40:38,POINT(10.033111 49.733039)
https://www.openstreetmap.org/node/9893484016,,wooden_cabinet,Stadt Kitzingen,,,,2022-07-17T15:55:39,POINT(10.182378 49.719864)
https://www.openstreetmap.org/node/9893511872,,glass_cabinet,Stadt Kitzingen,,,2024-09-23,2024-09-23T10:32:34,POINT(10.161940 49.739096)
https://www.openstreetmap.org/node/9893520153,,glass_cabinet,,,,,2022-07-17T15:56:58,POINT(10.134230 49.707903)
https://www.openstreetmap.org/node/9893824236,,,Evangelische Trinitatis-Kirchengemeinde Witten,,,,2026-06-19T13:26:07,POINT(7.305718 51.437456)
https://www.openstreetmap.org/node/9893968606,,shelter,Dorf-Verschönerungsverein Iversheim e.V.,,,,2022-07-17T20:53:01,POINT(6.770194 50.582196)
https://www.openstreetmap.org/node/9895166132,,,,,,,2024-02-10T16:51:25,POINT(12.504440 54.383900)
https://www.openstreetmap.org/node/9895500422,,phone_box,,,,2022-07-18,2022-07-18T15:21:04,POINT(11.757259 52.263927)
https://www.openstreetmap.org/node/9900466512,,glass_cabinet,,,24/7,2025-06-01,2025-06-01T08:50:43,POINT(8.471446 49.065370)
https://www.openstreetmap.org/node/9901352120,,wooden_cabinet,,,24/7,,2022-07-21T08:17:42,POINT(9.150722 53.495048)
https://www.openstreetmap.org/node/9902262570,,,,,,,2024-11-29T21:06:17,POINT(6.470101 50.684968)
https://www.openstreetmap.org/node/9903529825,,,,,,,2026-05-02T21:10:27,POINT(13.291080 52.408992)
https://www.openstreetmap.org/node/9904845681,OBCZ,,BookCrossing,,,,2022-07-22T20:30:03,POINT(8.304907 47.586963)
https://www.openstreetmap.org/node/9904968027,,,,,,,2022-07-22T21:41:13,POINT(10.870941 53.689219)
https://www.openstreetmap.org/node/9907169856,,,,,,,2022-07-24T08:52:49,POINT(10.647255 53.095755)
https://www.openstreetmap.org/node/9907468861,,,Stadtbücherei Würzburg/Katholischen öffentlichen Bücherei St Adalbero,https://blog-stadtbuecherei-wuerzburg.de/neuer-oeffentlicher-buecherschrank-im-stadtteil-sanderau-eingeweiht/,,2024-05-17,2024-11-15T00:16:15,POINT(9.935145 49.781374)
https://www.openstreetmap.org/node/9910203421,,shelter,,,24/7,2024-08-18,2024-08-18T12:13:22,POINT(10.003668 53.310562)
https://www.openstreetmap.org/node/9912993847,,,,,,2025-01-13,2025-01-13T05:42:24,POINT(8.389482 51.757344)
https://www.openstreetmap.org/node/9914676618,,,,,,,2024-07-27T06:14:56,POINT(12.367327 54.274105)
https://www.openstreetmap.org/node/9918659657,,,,,,2026-01-01,2026-01-01T09:50:47,POINT(6.794780 51.234156)
https://www.openstreetmap.org/node/9919176007,Bücherregal Bushaltestelle Neubrückentor einwärts,shelf,,,,2023-10-29,2023-10-29T12:10:22,POINT(7.629822 51.967583)
https://www.openstreetmap.org/node/9919789037,,,,,,,2024-07-04T13:42:02,POINT(7.222525 51.466254)
https://www.openstreetmap.org/node/9921001431,,,,,,2024-11-15,2025-05-11T06:13:38,POINT(7.218330 51.494423)
https://www.openstreetmap.org/node/9922511841,,,,,,,2022-07-31T14:06:15,POINT(8.198461 50.582044)
https://www.openstreetmap.org/node/9922990359,Bökerhuus Rickert,building,,,24/7,,2022-07-31T19:15:40,POINT(9.667529 54.330616)
https://www.openstreetmap.org/node/9922990631,,,,,,2025-10-17,2025-10-17T05:24:09,POINT(9.256709 48.867139)
https://www.openstreetmap.org/node/9922996729,Bücherbank,,,,,2025-04-20,2025-04-20T13:24:42,POINT(9.210763 48.807955)
https://www.openstreetmap.org/node/9923190769,,,,,,2026-05-01,2026-05-01T10:39:11,POINT(8.160570 52.109547)
https://www.openstreetmap.org/node/9923244943,,,,,,,2022-07-31T20:28:24,POINT(8.144561 52.138976)
https://www.openstreetmap.org/node/9923990670,,,,,,2026-07-02,2026-07-02T12:09:25,POINT(8.393399 51.053370)
https://www.openstreetmap.org/node/9925158485,,,,,,,2022-08-01T16:53:10,POINT(8.968594 52.440342)
https://www.openstreetmap.org/node/9925573220,,,,,,2026-07-04,2026-07-04T20:51:25,POINT(7.230275 51.461299)
https://www.openstreetmap.org/node/9925599814,,phone_box,,,,2025-07-11,2025-07-11T11:32:55,POINT(10.334536 51.865887)
https://www.openstreetmap.org/node/9928940761,,wooden_cabinet,,,24/7,2025-11-29,2025-11-29T16:01:41,POINT(9.146972 53.486008)
https://www.openstreetmap.org/node/9929572046,Borgelner Bücherboard,wooden_cabinet,,,24/7,,2022-08-03T13:13:28,POINT(8.036122 51.601495)
https://www.openstreetmap.org/node/9929818909,,,,,,,2022-08-03T15:49:57,POINT(9.598441 53.384199)
https://www.openstreetmap.org/node/9930148653,Bücherzelle,phone_box,,,,,2024-06-02T23:08:14,POINT(10.088400 49.729863)
https://www.openstreetmap.org/node/9930170229,,glass_cabinet,,,,,2022-08-03T19:02:02,POINT(9.876879 49.780637)
https://www.openstreetmap.org/node/9932122070,,,,,,2026-03-29,2026-03-29T11:44:29,POINT(11.528049 50.131053)
https://www.openstreetmap.org/node/9932544669,Bücherschrank Nettersheim,glass_cabinet,,,,,2025-07-07T13:06:52,POINT(6.633565 50.492264)
https://www.openstreetmap.org/node/9934068589,Bücherstelle,,,,,,2022-08-05T16:09:27,POINT(7.830401 49.928073)
https://www.openstreetmap.org/node/9934497894,,,,,,2024-09-10,2024-09-10T15:06:15,POINT(7.088516 50.731143)
https://www.openstreetmap.org/node/9935264365,,,,,,,2022-08-06T09:23:52,POINT(7.204660 49.468193)
https://www.openstreetmap.org/node/9935797478,Die kleine Bücherei,,,,,,2025-11-15T12:29:21,POINT(9.927634 51.564572)
https://www.openstreetmap.org/node/9935870936,,,,,,2025-04-11,2025-08-10T07:24:41,POINT(9.229134 48.771038)
https://www.openstreetmap.org/node/9935879083,,glass_cabinet,,,24/7,2025-02-21,2025-02-21T17:43:30,POINT(12.428921 51.312220)
https://www.openstreetmap.org/node/9936234084,,metal_cabinet,,,24/7,,2022-08-06T21:10:15,POINT(9.835663 53.762468)
https://www.openstreetmap.org/node/9936234085,,metal_cabinet,,,24/7,,2022-08-06T21:10:15,POINT(9.807107 53.783373)
https://www.openstreetmap.org/node/9937132276,,glass_cabinet,,,,,2023-02-10T11:20:47,POINT(11.456834 47.979221)
https://www.openstreetmap.org/node/9937409839,,,,,,2025-10-10,2026-07-27T10:37:25,POINT(13.378862 52.541357)
https://www.openstreetmap.org/node/9937675303,,,,,,2026-06-05,2026-06-05T13:05:51,POINT(7.853445 49.570702)
https://www.openstreetmap.org/node/9938743266,,,Lions Club Steinhuder Meer,,,,2026-05-28T18:49:20,POINT(9.355277 52.454269)
https://www.openstreetmap.org/node/9941070322,Öffentlicher Bücherschrank in der Eichendorrff-Hütte,,Initiative Eichendorff-Siedlung e. V.,https://sites.google.com/view/eichendorff-ostbevern/startseite,24/7,,2024-03-20T21:53:35,POINT(7.841906 52.056499)
https://www.openstreetmap.org/node/9942279518,BücherTauschHaus,building,Christine M. Kaiser,,,,2022-08-09T11:06:35,POINT(10.748729 52.260855)
https://www.openstreetmap.org/node/9944317814,,phone_box,,,24/7,,2025-10-23T18:56:53,POINT(14.067251 51.505251)
https://www.openstreetmap.org/node/9945320169,,wooden_cabinet,,,,,2022-08-10T14:43:15,POINT(8.402293 51.826991)
https://www.openstreetmap.org/node/9945373805,Starnberger Bücherschrank,,,,,,2026-01-11T19:57:20,POINT(11.342197 47.998146)
https://www.openstreetmap.org/node/9945843464,,,,,,2026-06-16,2026-06-16T07:44:50,POINT(11.678546 48.225257)
https://www.openstreetmap.org/node/9946578645,Ooffener Bücherschrank,wooden_cabinet,,,24/7,,2022-08-11T06:43:12,POINT(8.987558 52.821804)
https://www.openstreetmap.org/node/9947230157,,,,,,,2023-12-01T12:15:38,POINT(10.863111 50.925247)
https://www.openstreetmap.org/node/9947701768,Amberg Bücherzelle,metal_cabinet,,,,,2024-08-06T11:44:03,POINT(11.857613 49.443651)
https://www.openstreetmap.org/node/9948208964,Bücherzelle,phone_box,,,24/7,,2024-05-31T00:22:10,POINT(8.895986 51.616998)
https://www.openstreetmap.org/node/9948701580,,,,,,,2022-08-12T06:32:09,POINT(10.334659 48.041941)
https://www.openstreetmap.org/node/9952717218,,reading_box,,,,,2022-08-14T13:41:47,POINT(10.164658 54.418299)
https://www.openstreetmap.org/node/9953423955,,wooden_cabinet,,,,,2024-05-26T12:38:00,POINT(7.008725 51.955679)
https://www.openstreetmap.org/node/9960124909,Bücherzelle,phone_box,,,,2025-05-23,2025-05-23T13:13:43,POINT(9.244939 48.771640)
https://www.openstreetmap.org/node/9960124910,Bücherzelle,phone_box,,,,2025-05-23,2025-05-23T13:13:40,POINT(9.244940 48.771629)
https://www.openstreetmap.org/node/9960197130,,,,,,,2022-08-17T20:02:13,POINT(9.988025 52.120157)
https://www.openstreetmap.org/node/9960197131,,,,,,,2023-03-17T21:09:54,POINT(9.973181 52.134178)
https://www.openstreetmap.org/node/9961749621,,phone_box,,,,,2022-08-18T14:45:50,POINT(11.564622 47.768797)
https://www.openstreetmap.org/node/9961852635,,,,,,,2024-01-10T18:30:57,POINT(8.513592 49.902103)
https://www.openstreetmap.org/node/9962639182,Mühlburger Bücherschrank,,,,24/7,2026-05-05,2026-05-05T20:58:17,POINT(8.361547 49.014381)
https://www.openstreetmap.org/node/9962639183,Mühlburger Bücherschrank,,,,24/7,2026-05-05,2026-05-05T20:58:22,POINT(8.361544 49.014358)
https://www.openstreetmap.org/node/9964181157,,phone_box,,,,2024-10-12,2024-10-12T14:29:26,POINT(12.487905 50.407295)
https://www.openstreetmap.org/node/9964740552,,metal_cabinet,,,24/7,,2022-08-19T20:51:38,POINT(7.363451 50.761665)
https://www.openstreetmap.org/node/9965787460,,,,,,,2022-08-20T11:15:24,POINT(9.956346 52.162482)
https://www.openstreetmap.org/node/9966122506,,,,,,2024-05-31,2024-10-20T10:31:47,POINT(11.690060 48.132069)
https://www.openstreetmap.org/node/9967812263,,,,,,2025-04-01,2025-04-08T10:01:40,POINT(10.313078 47.715568)
https://www.openstreetmap.org/node/9967812264,,,,,,,2024-01-11T07:56:12,POINT(10.314086 47.715306)
https://www.openstreetmap.org/node/9968395558,Plochinger Bücherschrank,metal_cabinet,,,,,2022-08-21T18:42:48,POINT(9.418887 48.709946)
https://www.openstreetmap.org/node/9968524817,,,,,,2026-01-26,2026-01-26T10:31:41,POINT(6.952340 49.381830)
https://www.openstreetmap.org/node/9968543280,,phone_box,,,,2026-02-20,2026-02-20T20:02:09,POINT(7.847999 47.998532)
https://www.openstreetmap.org/node/9968543281,,,,,,2025-07-03,2025-07-03T06:54:40,POINT(7.846273 47.984824)
https://www.openstreetmap.org/node/9969846866,,shelter,,,,2025-05-10,2025-05-10T12:21:30,POINT(11.063901 49.617245)
https://www.openstreetmap.org/node/9970238095,,,,,24/7,,2025-05-13T22:51:44,POINT(9.932725 53.549227)
https://www.openstreetmap.org/node/9973127144,,,,,24/7,,2024-05-23T10:13:41,POINT(13.052158 50.780728)
https://www.openstreetmap.org/node/9974087216,,,,,,,2022-08-24T05:44:02,POINT(10.558730 52.354703)
https://www.openstreetmap.org/node/9974114849,,,,,,,2024-08-15T05:08:20,POINT(10.401635 52.411101)
https://www.openstreetmap.org/node/9974123917,,,,,,2025-04-15,2025-04-15T16:30:25,POINT(10.436935 52.442455)
https://www.openstreetmap.org/node/9974123918,,phone_box,,,24/7,,2023-02-20T06:38:08,POINT(10.401691 52.377617)
https://www.openstreetmap.org/node/9974931745,,phone_box,,,,,2022-08-24T13:23:13,POINT(12.173972 49.020446)
https://www.openstreetmap.org/node/9975168730,,,Westenergie,,,,2023-07-18T19:00:15,POINT(6.749879 50.965846)
https://www.openstreetmap.org/node/9975430435,,phone_box,Ortsbeirat Oberau,,24/7,,2022-08-24T17:35:47,POINT(8.945715 50.273919)
https://www.openstreetmap.org/node/9975920582,,building,,,,,2022-08-24T22:15:20,POINT(9.891063 54.140994)
https://www.openstreetmap.org/node/9979293991,,,,,,,2022-08-26T08:06:57,POINT(10.425696 54.388415)
https://www.openstreetmap.org/node/9981217894,,,,,,,2022-08-27T08:24:19,POINT(12.313383 48.918033)
https://www.openstreetmap.org/node/9983294218,,phone_box,,,,2026-05-04,2026-05-04T15:54:13,POINT(10.504760 52.266132)
https://www.openstreetmap.org/node/9984247712,,,,,24/7,,2024-01-14T09:41:43,POINT(8.025133 51.800203)
https://www.openstreetmap.org/node/9985787130,,,,,,,2024-07-06T15:01:18,POINT(9.673857 50.659543)
https://www.openstreetmap.org/node/9987120997,,,,,,,2022-08-29T23:53:10,POINT(9.637150 48.641464)
https://www.openstreetmap.org/node/9989208651,Bücher,phone_box,,,,,2024-06-24T00:36:01,POINT(14.710306 50.990535)
https://www.openstreetmap.org/node/9989996677,De Bökerschapp,phone_box,,,,,2024-05-27T03:12:25,POINT(9.152446 53.252981)
https://www.openstreetmap.org/node/9991618595,,reading_box,tegut...,,,,2024-03-31T16:30:27,POINT(8.930219 50.121499)
https://www.openstreetmap.org/node/9993208025,Bücher-Tauschzelle,phone_box,,,,,2024-07-04T14:57:21,POINT(13.558388 52.552843)
https://www.openstreetmap.org/node/9994832934,,,,,,,2022-09-02T11:47:20,POINT(9.288660 49.443960)
https://www.openstreetmap.org/node/9995592517,,,,,,,2024-04-02T14:11:37,POINT(9.447587 52.597999)
https://www.openstreetmap.org/node/9997964025,,phone_box,,,,2026-06-06,2026-06-06T14:02:18,POINT(9.175857 49.744510)
https://www.openstreetmap.org/node/9998599149,,,,,,,2025-11-15T12:29:21,POINT(9.965417 51.519201)
https://www.openstreetmap.org/node/9999648143,Bücherschrank,,,,,,2024-07-22T20:06:28,POINT(10.807107 52.444379)
https://www.openstreetmap.org/node/9999785178,,,,,,,2022-09-04T15:02:49,POINT(7.591112 50.807698)
https://www.openstreetmap.org/node/9999805317,,,,,24/7,,2025-03-24T11:10:26,POINT(11.554285 52.719836)
https://www.openstreetmap.org/way/1003022624,,phone_box,,,24/7,,2024-06-09T22:30:46,"POLYGON((9.6296018 52.5035492,9.6296025 52.5035391,9.6296184 52.5035395,9.6296177 52.5035497,9.6296018 52.5035492))"
https://www.openstreetmap.org/way/1008982520,Herborner Bücherschrank,metal_cabinet,Stadt Herborn,https://www.herborn.de/unsere-stadt/herborn-aktuell/news/jederzeit-buecher-leihen-lesevergnuegen-mit-oeffentlichem-buecherschrank-am-obertor/,24/7,,2026-03-17T10:39:10,"POLYGON((8.3028846 50.6845897,8.3028956 50.6845801,8.3029144 50.6845887,8.3029034 50.6845984,8.3028846 50.6845897))"
https://www.openstreetmap.org/way/1079802681,Book Box,building,,,24/7,2022-07-18,2022-07-19T16:30:52,"POLYGON((8.5355755 49.5178234,8.535599 49.5178022,8.5356313 49.5178174,8.5356077 49.5178385,8.5355987 49.5178343,8.5355755 49.5178234))"
https://www.openstreetmap.org/way/1082099246,Lesevilla,building,,,,,2025-01-08T14:02:34,"POLYGON((6.5245615 49.9736975,6.5245645 49.9736794,6.5245978 49.9736817,6.5245948 49.9736998,6.5245615 49.9736975))"
https://www.openstreetmap.org/way/1086526105,Bücherhäusl,,,,,,2022-08-15T20:31:54,"POLYGON((11.1167426 48.1984378,11.1168075 48.1984309,11.1168155 48.1984643,11.1167831 48.1984678,11.1167506 48.1984712,11.1167426 48.1984378))"
https://www.openstreetmap.org/way/1090857156,,wooden_cabinet,,,,,2024-05-05T15:09:30,"POLYGON((9.7660697 48.4036103,9.7661274 48.4036016,9.7661371 48.4036301,9.7660794 48.4036388,9.7660697 48.4036103))"
https://www.openstreetmap.org/way/1106634442,,,,,,,2022-10-24T16:36:53,"POLYGON((13.7915094 50.7781355,13.7915197 50.778118,13.7915531 50.7781217,13.7915439 50.7781398,13.7915094 50.7781355))"
https://www.openstreetmap.org/way/1111626226,,phone_box,,,,,2024-05-26T01:33:24,"POLYGON((8.2100042 53.1394686,8.2100125 53.1394632,8.2100198 53.1394673,8.2100115 53.1394727,8.2100042 53.1394686))"
https://www.openstreetmap.org/way/1137948443,Bücherhaus,building,,,,,2023-02-04T22:43:34,"POLYGON((10.0596752 53.8998617,10.0597088 53.899859,10.0597181 53.8999005,10.0596846 53.8999031,10.0596752 53.8998617))"
https://www.openstreetmap.org/way/116429189,Weinstüble,,,,,,2019-08-16T20:12:36,"POLYGON((7.8607051 48.3418472,7.8607053 48.3418316,7.8609729 48.3418335,7.8609718 48.3418953,7.8609294 48.3418951,7.8607056 48.3418939,7.8607051 48.3418472))"
https://www.openstreetmap.org/way/1167610610,,building,,,,,2023-04-30T20:56:18,"POLYGON((9.6886924 52.9395616,9.6886962 52.9395351,9.6887442 52.9395376,9.6887405 52.9395641,9.6886924 52.9395616))"
https://www.openstreetmap.org/way/1170867047,Bücherwürfel,building,,,Mo-Su 09:00-19:00,,2023-05-09T13:58:30,"POLYGON((8.7243468 50.9034458,8.7243913 50.9034302,8.7244155 50.9034577,8.724371 50.9034733,8.7243468 50.9034458))"
https://www.openstreetmap.org/way/1177637210,Bücherbox,shelter,,,,,2023-05-30T16:13:43,"POLYGON((9.0549824 52.2968624,9.0550064 52.2968449,9.0550354 52.2968598,9.0550114 52.2968773,9.0549824 52.2968624))"
https://www.openstreetmap.org/way/1198893574,,,Stadtentsorgung Rostock GmbH,,,,2023-08-17T07:56:02,"POLYGON((12.1377013 54.0723339,12.1377304 54.0723234,12.1377498 54.0723417,12.1377207 54.0723523,12.1377013 54.0723339))"
https://www.openstreetmap.org/way/1207722795,Bücherturm,building,,,,,2025-03-26T18:33:51,"POLYGON((11.2740965 51.5729294,11.274133 51.5729039,11.2741705 51.5729247,11.274134 51.5729502,11.2741085 51.5729361,11.2740965 51.5729294))"
https://www.openstreetmap.org/way/1216011048,Buchhaltestelle,shelter,,,,,2023-10-16T12:38:54,"POLYGON((12.0474319 53.9579362,12.047458 53.957908,12.0475265 53.9579299,12.0475004 53.9579581,12.0474319 53.9579362))"
https://www.openstreetmap.org/way/121869444,,,,,,,2017-07-05T14:54:33,"POLYGON((10.5895193 52.3583656,10.5895851 52.3583647,10.5895858 52.3583852,10.5895201 52.3583861,10.5895193 52.3583656))"
https://www.openstreetmap.org/way/1220219478,,,,,,,2023-11-02T09:11:47,"POLYGON((6.0981564 51.7613861,6.098168 51.7613677,6.0981838 51.7613715,6.0981722 51.7613899,6.0981564 51.7613861))"
https://www.openstreetmap.org/way/1233586763,Freilinger Bücherbude,,,,,,2023-12-23T18:40:06,"POLYGON((6.73179 50.4108266,6.7318065 50.4108114,6.7318254 50.4108198,6.7318089 50.4108349,6.73179 50.4108266))"
https://www.openstreetmap.org/way/1241619487,Bücherschrank Loewe-Stiftung,,Loewe-Stiftung,,24/7,,2024-08-26T16:56:04,"POLYGON((10.4020547 53.2535357,10.4020557 53.2535184,10.4020701 53.2535188,10.4020688 53.2535359,10.4020547 53.2535357))"
https://www.openstreetmap.org/way/1261855641,Öffentliche Bibliothek,,,,24/7,,2025-06-25T06:21:19,"POLYGON((12.927014 52.2610304,12.927066 52.2610302,12.9270663 52.2610572,12.9270143 52.2610574,12.927014 52.2610304))"
https://www.openstreetmap.org/way/1278866738,,,,,,,2024-05-01T19:06:22,"POLYGON((6.6679816 50.5693509,6.667995 50.5693498,6.6679985 50.5693605,6.6679834 50.5693628,6.6679816 50.5693509))"
https://www.openstreetmap.org/way/1285080871,BuchBar,,,,,,2024-05-21T13:26:03,"POLYGON((11.1676675 50.8032965,11.1676871 50.8032912,11.167696 50.8033041,11.1676763 50.8033095,11.1676675 50.8032965))"
https://www.openstreetmap.org/way/1295746109,Bökerschapp,,,,,,2024-10-31T08:16:35,"POLYGON((8.4867853 53.1784988,8.4867951 53.1784868,8.4868054 53.1784896,8.4867955 53.1785019,8.4867853 53.1784988))"
https://www.openstreetmap.org/way/1303677509,,,,,,,2024-07-25T11:11:17,"POLYGON((9.6967663 52.4205712,9.6967763 52.4205625,9.6967865 52.4205668,9.6967765 52.4205756,9.6967663 52.4205712))"
https://www.openstreetmap.org/way/1313042355,,,,,,,2024-09-03T14:16:55,"POLYGON((12.2154305 53.5884462,12.2155031 53.588392,12.2155318 53.5884055,12.2154592 53.5884598,12.2154305 53.5884462))"
https://www.openstreetmap.org/way/1321884395,Haustadter Bücherschrank,,,,,,2024-10-07T17:18:56,"POLYGON((6.7243758 49.4133797,6.7244093 49.4133823,6.7244026 49.4134085,6.7243758 49.4134059,6.7243758 49.4133797))"
https://www.openstreetmap.org/way/1343578197,,,,,,,2024-12-18T20:41:37,"POLYGON((10.867476 53.8368922,10.8674782 53.8368782,10.8675017 53.8368795,10.8674995 53.8368935,10.867476 53.8368922))"
https://www.openstreetmap.org/way/1346190155,offene Buchhalle,,,,,,2024-12-25T16:42:40,"POLYGON((14.4278305 52.6029644,14.4279172 52.6029635,14.4279182 52.6030001,14.4278315 52.603001,14.4278305 52.6029644))"
https://www.openstreetmap.org/way/1352715936,,,,,,,2025-01-19T19:05:32,"POLYGON((10.3173599 54.3666753,10.3173895 54.3666684,10.3173998 54.3666835,10.3173702 54.3666904,10.3173599 54.3666753))"
https://www.openstreetmap.org/way/1363329013,,,,,,,2025-02-27T13:40:50,"POLYGON((13.307631 52.6159644,13.3076444 52.615953,13.3076597 52.6159596,13.3076463 52.615971,13.307631 52.6159644))"
https://www.openstreetmap.org/way/1369591474,Bücherschrank geben & nehmen,building,,,,,2025-03-20T10:34:19,"POLYGON((11.6845992 48.0071929,11.6846044 48.0071789,11.6846392 48.007184,11.684634 48.0071985,11.6845992 48.0071929))"
https://www.openstreetmap.org/way/1377007219,,,,,24/7,,2025-04-12T16:07:02,"POLYGON((13.5777152 48.9297083,13.5777176 48.9296881,13.5777676 48.9296906,13.5777653 48.9297108,13.5777152 48.9297083))"
https://www.openstreetmap.org/way/1410376536,Tholmer Bichrkist,telefonzelle,Adventgemeinde Thalheim,https://www.adventgemeinde-thalheim.de,24/7,,2025-06-30T08:32:04,"POLYGON((12.839363 50.7019712,12.839413 50.7019546,12.83943 50.7019722,12.8394053 50.701979,12.8394202 50.7020007,12.8393872 50.7020109,12.839363 50.7019712))"
https://www.openstreetmap.org/way/1417735066,Büchervitrine,,,,,,2025-07-27T13:37:34,"POLYGON((13.9565216 51.3302521,13.9565679 51.3302401,13.9565913 51.3302755,13.956545 51.3302874,13.9565216 51.3302521))"
https://www.openstreetmap.org/way/1450090831,,phone_box,,,,,2025-11-12T18:33:19,"POLYGON((14.034877 51.6508997,14.0348908 51.6508989,14.0348922 51.6509081,14.0348784 51.6509089,14.034877 51.6508997))"
https://www.openstreetmap.org/way/1456708437,Offener Bücherschrank der Stadt Freising,metal_cabinet,Stadt Freising,,24/7,,2025-12-09T11:19:31,"POLYGON((11.7419663 48.4010079,11.741972 48.401003,11.7419831 48.4010091,11.7419775 48.4010139,11.7419663 48.4010079))"
https://www.openstreetmap.org/way/1479053487,,,,,,,2026-02-15T22:21:40,"POLYGON((10.108481 51.2701427,10.108492 51.2701241,10.108516 51.2701296,10.108505 51.2701482,10.108481 51.2701427))"
https://www.openstreetmap.org/way/1494777535,,,,,,,2026-03-31T22:10:30,"POLYGON((10.1963559 54.3510872,10.196366 54.351071,10.196401 54.3510783,10.1963909 54.3510946,10.1963559 54.3510872))"
https://www.openstreetmap.org/way/1502128767,,,,,,,2026-04-21T18:00:12,"POLYGON((13.2677196 48.3451486,13.267736 48.345145,13.2677532 48.3451634,13.267726 48.3451706,13.2677196 48.3451486))"
https://www.openstreetmap.org/way/1504403890,,wooden_cabinet,,,24/7,,2026-04-27T10:32:51,"POLYGON((9.3333289 48.3592117,9.3333392 48.359197,9.3333719 48.3592071,9.3333616 48.3592218,9.3333289 48.3592117))"
https://www.openstreetmap.org/way/1535883172,Offenes Bücherstübchen,,,,,,2026-07-06T15:54:08,"POLYGON((11.4892467 50.9385879,11.48927 50.9385809,11.4892838 50.9385993,11.4892605 50.9386062,11.4892467 50.9385879))"
https://www.openstreetmap.org/way/1542846988,Bücherbahnhof Ulberndorf,building,,,,,2026-07-22T09:22:22,"POLYGON((13.6775718 50.8793165,13.6776097 50.8792941,13.6776352 50.8793112,13.6775973 50.8793336,13.6775718 50.8793165))"
https://www.openstreetmap.org/way/174697521,Erstes Literarisches Bienenhaus,,,https://museum-der-gartenkultur.de/de/ihr-besuch-/wissenswertes,"09:00-18:00 ""in den warmen Monaten""",,2025-07-26T11:28:02,"POLYGON((10.132385 48.2405415,10.1324082 48.2405408,10.1324088 48.240549,10.1323855 48.2405497,10.132385 48.2405415))"
https://www.openstreetmap.org/way/193783762,,,,,,,2019-12-07T13:56:07,"POLYGON((10.1844714 50.4782649,10.1845642 50.4782046,10.1847192 50.4783013,10.1846265 50.4783615,10.1844714 50.4782649))"
https://www.openstreetmap.org/way/202854004,,,,,09:00-18:00,,2020-05-06T12:23:20,"POLYGON((8.5137681 53.6495026,8.5138268 53.6494817,8.5138478 53.6495025,8.5137891 53.6495234,8.5137681 53.6495026))"
https://www.openstreetmap.org/way/217496822,Bücherturm Holtensen,building,Dorfgemeinschaft Holtensen e.V.,,24/7,,2024-02-17T16:13:49,"POLYGON((9.6337762 52.2650735,9.6338005 52.2650571,9.6338332 52.2650751,9.6338088 52.2650916,9.6337762 52.2650735))"
https://www.openstreetmap.org/way/256488897,Büchertausch,,,,,,2023-05-18T17:09:40,"POLYGON((7.6215251 51.9652957,7.6215913 51.9652929,7.6215927 51.9653055,7.6215265 51.9653083,7.6215251 51.9652957))"
https://www.openstreetmap.org/way/261266085,Bücherbox,phone_box,,,24/7,,2025-07-22T13:34:46,"POLYGON((14.2590186 51.4311418,14.2590365 51.4311389,14.2590415 51.4311509,14.2590236 51.4311538,14.2590186 51.4311418))"
https://www.openstreetmap.org/way/361011422,,,,,,,2023-05-29T17:09:31,"POLYGON((9.0105939 52.4155729,9.0106208 52.4155195,9.0107063 52.4155355,9.0106794 52.4155889,9.0105939 52.4155729))"
https://www.openstreetmap.org/way/412423750,Reutlinger Bücherregal,shelf,ILOS Initiative lebenswerte Oststadt Reutlingen,,,,2024-11-15T00:16:15,"POLYGON((9.2156885 48.4903421,9.2157079 48.4903348,9.2157109 48.4903383,9.2156915 48.4903456,9.2156885 48.4903421))"
https://www.openstreetmap.org/way/413178956,Gartenbücherei,,,,,,2016-04-24T20:25:52,"POLYGON((8.8096483 50.8042106,8.8097101 50.8042098,8.8097114 50.8042526,8.8096496 50.8042534,8.8096483 50.8042106))"
https://www.openstreetmap.org/way/428309992,BücherboXX,phone_box,BücherboXX,https://buecherboxx.com/?page_id=926,,,2021-08-22T19:39:12,"POLYGON((13.1939073 52.5209287,13.1939273 52.5209287,13.1939273 52.5209397,13.1939073 52.5209397,13.1939073 52.5209287))"
https://www.openstreetmap.org/way/445507802,Bücherei Georgensgmünd,,,,,,2018-06-09T15:47:15,"POLYGON((11.0171475 49.1866788,11.017336 49.1866689,11.0173467 49.1867552,11.0171582 49.1867652,11.0171475 49.1866788))"
https://www.openstreetmap.org/way/459533302,Bücher Telefonzelle,phone_box,Stadt Kaltennordheim,,,,2024-05-30T03:03:07,"POLYGON((10.1589345 50.6286839,10.158937 50.6286685,10.158964 50.6286703,10.1589615 50.6286857,10.1589345 50.6286839))"
https://www.openstreetmap.org/way/463067864,Bücherschale,,,,,,2024-04-01T15:26:39,"POLYGON((13.6048813 54.4022023,13.6049182 54.402182,13.6049544 54.4021695,13.6049946 54.4021625,13.6050234 54.4021621,13.6050234 54.4022031,13.6049912 54.402205,13.6049644 54.4022124,13.604945 54.4022253,13.6048813 54.4022023))"
https://www.openstreetmap.org/way/472070544,Bücherhäuschen,,,,,,2019-07-04T10:04:54,"POLYGON((8.7779083 50.9110009,8.7779453 50.9109717,8.7780073 50.9110029,8.7779702 50.9110321,8.7779083 50.9110009))"
https://www.openstreetmap.org/way/497280425,,phone_box,,,,,2026-06-06T10:58:33,"POLYGON((9.0277415 50.0313508,9.0277657 50.0313473,9.0277714 50.0313639,9.0277473 50.0313673,9.0277415 50.0313508))"
https://www.openstreetmap.org/way/519492298,Bücherpavillon,building,,,,,2026-07-13T12:45:30,"POLYGON((13.8225732 52.4228889,13.8226204 52.422882,13.8226323 52.4229125,13.8225851 52.4229194,13.8225732 52.4228889))"
https://www.openstreetmap.org/way/524070221,Backes,,,,,,2025-10-03T10:10:56,"POLYGON((7.7953611 50.5191447,7.7953682 50.5190579,7.795509 50.5190626,7.7955019 50.5191494,7.7953611 50.5191447))"
https://www.openstreetmap.org/way/552867033,,,,,,,2018-01-13T17:02:27,"POLYGON((8.1022505 50.1596547,8.1022592 50.1596465,8.1022715 50.1596519,8.1022628 50.1596601,8.1022505 50.1596547))"
https://www.openstreetmap.org/way/668134156,Bargener Bücherturm,building,Bürgerverein Bargen e. V.;Artenschutz in Franken®,,24/7,,2019-12-16T10:22:41,"POLYGON((9.0215282 49.3045225,9.0215592 49.3045041,9.0215874 49.3045243,9.0215798 49.3045288,9.0215564 49.3045427,9.0215426 49.3045328,9.0215282 49.3045225))"
https://www.openstreetmap.org/way/682867320,,,,,,,2019-09-08T10:16:26,"POLYGON((9.7342166 49.1525178,9.734226 49.1525153,9.7342307 49.1524958,9.7343688 49.1524458,9.7344024 49.1524859,9.7342612 49.1525346,9.7342532 49.1525252,9.7342267 49.1525326,9.7342166 49.1525178))"
https://www.openstreetmap.org/way/697287007,,,,,,,2025-11-22T15:53:43,"POLYGON((14.5991707 51.2643194,14.5992157 51.2642752,14.5992785 51.2643003,14.5992335 51.2643444,14.5991707 51.2643194))"
https://www.openstreetmap.org/way/714471466,Bücherschrank Dortmund-Hafen,building,Spar- und Bauverein Dortmund,,24/7,,2019-08-16T15:58:12,"POLYGON((7.4544181 51.5296725,7.4544185 51.5296635,7.4544347 51.5296637,7.4544344 51.5296728,7.4544181 51.5296725))"
https://www.openstreetmap.org/way/75461062,,,,,,,2025-10-24T14:44:35,"POLYGON((8.9623671 49.8405134,8.9623973 49.8405044,8.9625289 49.8404649,8.9625878 49.8405467,8.962426 49.8405952,8.9623671 49.8405134))"
https://www.openstreetmap.org/way/807604090,Bücherwaage,,,,,,2020-05-23T19:02:47,"POLYGON((13.7818227 52.6930613,13.7819051 52.6930369,13.7819318 52.6930699,13.7818494 52.6930943,13.7818227 52.6930613))"
https://www.openstreetmap.org/way/845119515,Bücherzella,phone_box,,,,,2024-06-16T02:32:42,"POLYGON((10.6574204 50.6605497,10.6574211 50.6605392,10.6574374 50.6605396,10.6574367 50.6605501,10.6574204 50.6605497))"
https://www.openstreetmap.org/way/849910574,,wooden_cabinet,,,,,2025-08-06T09:53:24,"POLYGON((9.0465391 48.5226419,9.0465548 48.5226395,9.046557 48.5226458,9.0465414 48.5226482,9.0465391 48.5226419))"
https://www.openstreetmap.org/way/857241755,,phone_box,Verkehrsinitiative Ludwigshafen e.V.,,24/7,,2021-08-13T08:17:53,"POLYGON((8.4098412 49.5177781,8.4098549 49.517777,8.4098566 49.5177859,8.4098429 49.517787,8.4098412 49.5177781))"
https://www.openstreetmap.org/way/896756607,Bücherburg,building,Peter Stiller;Gabriele Stiller,,"Mo-Su,PH 08:00-21:00",,2023-06-21T18:08:26,"POLYGON((13.6084088 52.4950304,13.6084755 52.4950208,13.608484 52.4950427,13.6084173 52.4950523,13.6084088 52.4950304))"
https://www.openstreetmap.org/way/943323521,Vaterstettener Bücherschrank,,,,,,2026-03-07T07:19:10,"POLYGON((11.7705611 48.1051274,11.7705735 48.1051272,11.7705738 48.1051347,11.7705613 48.1051349,11.7705611 48.1051274))"
https://www.openstreetmap.org/way/965211454,,phone_box,,,,,2023-08-20T08:49:16,"POLYGON((14.0468943 54.012603,14.0469125 54.012602,14.0469145 54.0126135,14.0468963 54.0126146,14.0468943 54.012603))"
https://www.openstreetmap.org/way/965211703,,phone_box,,,,,2023-08-20T08:54:37,"POLYGON((13.9788295 53.4729086,13.9788538 53.4729017,13.9788664 53.4729174,13.9788421 53.4729243,13.9788295 53.4729086))"
https://www.openstreetmap.org/way/987085496,Dorfbücherei,phone_box,,,24/7,,2021-09-26T08:39:44,"POLYGON((13.1395773 50.8835719,13.1395874 50.8835665,13.1395958 50.8835728,13.1395857 50.8835782,13.1395773 50.8835719))"
https://www.openstreetmap.org/way/997896534,Wasserhäuschen,,,,"Mar-Oct Tu,Fr,Sa 10:00-18:00; Nov-Feb Tu,Fr,Sa 10:00-16:00; PH off",,2021-10-31T10:44:22,"POLYGON((9.773045 51.5507578,9.7730711 51.5507339,9.7731096 51.5507501,9.7730834 51.550774,9.773045 51.5507578))"
https://www.openstreetmap.org/way/997966607,Adolfsecker Bücherstubb,,,,,,2021-10-31T16:34:38,"POLYGON((8.0798803 50.1607229,8.0799202 50.1607224,8.0799448 50.1607221,8.0799459 50.1607576,8.0798814 50.1607584,8.0798803 50.1607229))"
